Amplicon_Length	Combination_Name	Forward_Primer	Genotype	Reference	Region	Reverse_Primer
353	DENV1_5_LEFT_F_DEN1_CC_1_R	DENV1_5_LEFT_F	DENV1	GCF_000862125.1_ViralProj15306_genomic	NS1	DEN1_CC_1_R
347	DENV1_5_LEFT_F_DEN1_CC_1_R	DENV1_5_LEFT_F	DENV1	GCF_000866625.1_ViralProj15598_genomic	NS1	DEN1_CC_1_R
353	DENV1_5_LEFT_F_DEN1_CC_1_R	DENV1_5_LEFT_F	DENV1	GCF_000871845.1_ViralProj20183_genomic	NS1	DEN1_CC_1_R
317	DENV1_6_LEFT_F_DENV1_5_RIGHT_R	DENV1_6_LEFT_F	DENV1	GCF_000871845.1_ViralProj20183_genomic	NS1	DENV1_5_RIGHT_R
326	DENV1_7_LEFT_F_DENV1_18_RIGHT_R	DENV1_7_LEFT_F	DENV1	GCF_000865065.1_ViralProj15599_genomic	NS5	DENV1_18_RIGHT_R
368	DENV1_11_LEFT_F_DENV1_11_RIGHT_R	DENV1_11_LEFT_F	DENV1	GCF_000862125.1_ViralProj15306_genomic	NS3	DENV1_11_RIGHT_R
757	DENV1_11_LEFT_F_CYD1_R	DENV1_11_LEFT_F	DENV1	GCF_000871845.1_ViralProj20183_genomic	NS3	CYD1_R
381	DENV1_12_LEFT_F_DENV1_12_RIGHT_R	DENV1_12_LEFT_F	DENV1	GCF_000862125.1_ViralProj15306_genomic	NS3	DENV1_12_RIGHT_R
633	DENV1_12_LEFT_F_D1_R	DENV1_12_LEFT_F	DENV1	GCF_000866625.1_ViralProj15598_genomic	NS3	D1_R
926	DENV1_13_LEFT_F_DEN-1-REVERSE_R	DENV1_13_LEFT_F	DENV1	GCF_000871845.1_ViralProj20183_genomic	NS5	DEN-1-REVERSE_R
384	DENV1_18_LEFT_F_DENV1_18_RIGHT_R	DENV1_18_LEFT_F	DENV1	GCF_000862125.1_ViralProj15306_genomic	NS5	DENV1_18_RIGHT_R
758	DENV1_19_LEFT_F_DENV1_RN_R1_R	DENV1_19_LEFT_F	DENV1	GCF_000866625.1_ViralProj15598_genomic	NS5	DENV1_RN_R1_R
772	DENV1_20_LEFT_F_5_R	DENV1_20_LEFT_F	DENV1	GCF_000865065.1_ViralProj15599_genomic	NS3	5_R
431	DENV1_20_LEFT_F_DENV1_RN_R1_R	DENV1_20_LEFT_F	DENV1	GCF_000866625.1_ViralProj15598_genomic	NS5	DENV1_RN_R1_R
322	DENV1_22_LEFT_F_DENV1_11_RIGHT_R	DENV1_22_LEFT_F	DENV1	GCF_000871845.1_ViralProj20183_genomic	NS5	DENV1_11_RIGHT_R
603	DENV1_23_LEFT_F_DENV1_11_RIGHT_R	DENV1_23_LEFT_F	DENV1	GCF_000871845.1_ViralProj20183_genomic	NS5	DENV1_11_RIGHT_R
373	DENV1_23_LEFT_F_DEN-1-REVERSE_R	DENV1_23_LEFT_F	DENV1	GCF_000871845.1_ViralProj20183_genomic	NS5	DEN-1-REVERSE_R
580	DENV1_32_LEFT_F_DENV1_5_RIGHT_R	DENV1_32_LEFT_F	DENV1	GCF_000866625.1_ViralProj15598_genomic	NS1	DENV1_5_RIGHT_R
513	DENV1_32_LEFT_F_DNM2_R	DENV1_32_LEFT_F	DENV1	GCF_000866625.1_ViralProj15598_genomic	NS1	DNM2_R
739	DENV2_5_LEFT_F_DENV2_27_RIGHT_R	DENV2_5_LEFT_F	DENV2	GCF_000866625.1_ViralProj15598_genomic	NS1	DENV2_27_RIGHT_R
332	DENV2_12_LEFT_F_DENV2_17_RIGHT_R	DENV2_12_LEFT_F	DENV2	GCF_000862125.1_ViralProj15306_genomic	NS3	DENV2_17_RIGHT_R
773	DENV2_12_LEFT_F_DEN-2_R	DENV2_12_LEFT_F	DENV2	GCF_000862125.1_ViralProj15306_genomic	NS3	DEN-2_R
551	DENV2_13_LEFT_F_DEN-2_R	DENV2_13_LEFT_F	DENV2	GCF_000862125.1_ViralProj15306_genomic	NS3	DEN-2_R
368	DENV2_13_LEFT_F_REVERSE_R	DENV2_13_LEFT_F	DENV2	GCF_000871845.1_ViralProj20183_genomic	NS3	REVERSE_R
537	DENV2_14_LEFT_F_DEN-2_R	DENV2_14_LEFT_F	DENV2	GCF_000862125.1_ViralProj15306_genomic	NS3	DEN-2_R
439	DENV2_18_LEFT_F_DEN2_CC_1_R	DENV2_18_LEFT_F	DENV2	GCF_000866625.1_ViralProj15598_genomic	NS5	DEN2_CC_1_R
760	DENV2_21_LEFT_F_DENV2_27_RIGHT_R	DENV2_21_LEFT_F	DENV2	GCF_000862125.1_ViralProj15306_genomic	NS5	DENV2_27_RIGHT_R
716	DENV2_21_LEFT_F_2G2P5_R	DENV2_21_LEFT_F	DENV2	GCF_000865065.1_ViralProj15599_genomic	NS5	2G2P5_R
934	DENV2_21_LEFT_F_DENV2_23_RIGHT_R	DENV2_21_LEFT_F	DENV2	GCF_000871845.1_ViralProj20183_genomic	NS5	DENV2_23_RIGHT_R
652	DENV2_21_LEFT_F_MATK-1326_R	DENV2_21_LEFT_F	DENV2	GCF_000871845.1_ViralProj20183_genomic	NS5	MATK-1326_R
551	DENV2_22_LEFT_F_DENV2_31_RIGHT_R	DENV2_22_LEFT_F	DENV2	GCF_000865065.1_ViralProj15599_genomic	NS5	DENV2_31_RIGHT_R
375	DENV2_22_LEFT_F_NS3-1-O_R	DENV2_22_LEFT_F	DENV2	GCF_000865065.1_ViralProj15599_genomic	NS5	NS3-1-O_R
571	DENV2_22_LEFT_F_D2_R	DENV2_22_LEFT_F	DENV2	GCF_000866625.1_ViralProj15598_genomic	NS5	D2_R
571	DENV2_22_LEFT_F_FAACOUFISPPAPR_4_R	DENV2_22_LEFT_F	DENV2	GCF_000866625.1_ViralProj15598_genomic	NS5	FAACOUFISPPAPR_4_R
314	DENV2_23_LEFT_F_DENV2_31_RIGHT_R	DENV2_23_LEFT_F	DENV2	GCF_000865065.1_ViralProj15599_genomic	NS5	DENV2_31_RIGHT_R
334	DENV2_23_LEFT_F_D2_R	DENV2_23_LEFT_F	DENV2	GCF_000866625.1_ViralProj15598_genomic	NS5	D2_R
334	DENV2_23_LEFT_F_FAACOUFISPPAPR_4_R	DENV2_23_LEFT_F	DENV2	GCF_000866625.1_ViralProj15598_genomic	NS5	FAACOUFISPPAPR_4_R
460	DENV2_24_LEFT_F_DENV2_RN_R1_R	DENV2_24_LEFT_F	DENV2	GCF_000862125.1_ViralProj15306_genomic	NS5	DENV2_RN_R1_R
403	DENV2_24_LEFT_F_DOASSMFPSAGODV_6_R	DENV2_24_LEFT_F	DENV2	GCF_000862125.1_ViralProj15306_genomic	NS5	DOASSMFPSAGODV_6_R
491	DENV2_25_LEFT_F_DEN-2_R	DENV2_25_LEFT_F	DENV2	GCF_000862125.1_ViralProj15306_genomic	NS1	DEN-2_R
521	DENV3_5_LEFT_F_DEN3-1752_R	DENV3_5_LEFT_F	DENV3	GCF_000862125.1_ViralProj15306_genomic	NS1	DEN3-1752_R
515	DENV3_5_LEFT_F_DEN3-1752_R	DENV3_5_LEFT_F	DENV3	GCF_000866625.1_ViralProj15598_genomic	NS1	DEN3-1752_R
303	DENV3_6_LEFT_F_D3_R	DENV3_6_LEFT_F	DENV3	GCF_000865065.1_ViralProj15599_genomic	NS1	D3_R
398	DENV3_6_LEFT_F_DENV3_6_RIGHT_R	DENV3_6_LEFT_F	DENV3	GCF_000866625.1_ViralProj15598_genomic	NS1	DENV3_6_RIGHT_R
317	DENV3_6_LEFT_F_DENV3_27_RIGHT_R	DENV3_6_LEFT_F	DENV3	GCF_000871845.1_ViralProj20183_genomic	NS1	DENV3_27_RIGHT_R
479	DENV3_11_LEFT_F_D3_R	DENV3_11_LEFT_F	DENV3	GCF_000862125.1_ViralProj15306_genomic	NS3	D3_R
677	DENV3_11_LEFT_F_DENV3_12_RIGHT_R	DENV3_11_LEFT_F	DENV3	GCF_000866625.1_ViralProj15598_genomic	NS3	DENV3_12_RIGHT_R
455	DENV3_11_LEFT_F_DENV3_12_RIGHT_R	DENV3_11_LEFT_F	DENV3	GCF_000871845.1_ViralProj20183_genomic	NS3	DENV3_12_RIGHT_R
711	DENV3_16_LEFT_F_DENV3_4_RIGHT_R	DENV3_16_LEFT_F	DENV3	GCF_000862125.1_ViralProj15306_genomic	NS5	DENV3_4_RIGHT_R
575	DENV3_16_LEFT_F_DEN3_CC_4_R	DENV3_16_LEFT_F	DENV3	GCF_000862125.1_ViralProj15306_genomic	NS5	DEN3_CC_4_R
367	DENV3_18_LEFT_F_DENV3_18_RIGHT_R	DENV3_18_LEFT_F	DENV3	GCF_000862125.1_ViralProj15306_genomic	NS5	DENV3_18_RIGHT_R
682	DENV3_18_LEFT_F_DENV3_19_RIGHT_R	DENV3_18_LEFT_F	DENV3	GCF_000862125.1_ViralProj15306_genomic	NS5	DENV3_19_RIGHT_R
367	DENV3_18_LEFT_F_DENV3_18_RIGHT_R	DENV3_18_LEFT_F	DENV3	GCF_000866625.1_ViralProj15598_genomic	NS5	DENV3_18_RIGHT_R
682	DENV3_18_LEFT_F_DENV3_19_RIGHT_R	DENV3_18_LEFT_F	DENV3	GCF_000866625.1_ViralProj15598_genomic	NS5	DENV3_19_RIGHT_R
367	DENV3_18_LEFT_F_DENV3_18_RIGHT_R	DENV3_18_LEFT_F	DENV3	GCF_000871845.1_ViralProj20183_genomic	NS5	DENV3_18_RIGHT_R
880	DENV3_18_LEFT_F_DEN3-2539_R	DENV3_18_LEFT_F	DENV3	GCF_000871845.1_ViralProj20183_genomic	NS5	DEN3-2539_R
371	DENV3_19_LEFT_F_DENV3_19_RIGHT_R	DENV3_19_LEFT_F	DENV3	GCF_000862125.1_ViralProj15306_genomic	NS5	DENV3_19_RIGHT_R
371	DENV3_19_LEFT_F_DENV3_19_RIGHT_R	DENV3_19_LEFT_F	DENV3	GCF_000866625.1_ViralProj15598_genomic	NS5	DENV3_19_RIGHT_R
1002	DENV3_19_LEFT_F_DENV3_21_RIGHT_R	DENV3_19_LEFT_F	DENV3	GCF_000866625.1_ViralProj15598_genomic	NS5	DENV3_21_RIGHT_R
1002	DENV3_19_LEFT_F_DENV3_21_RIGHT_R	DENV3_19_LEFT_F	DENV3	GCF_000871845.1_ViralProj20183_genomic	NS5	DENV3_21_RIGHT_R
569	DENV3_19_LEFT_F_DEN3-2539_R	DENV3_19_LEFT_F	DENV3	GCF_000871845.1_ViralProj20183_genomic	NS5	DEN3-2539_R
662	DENV3_20_LEFT_F_DENV3_4_RIGHT_R	DENV3_20_LEFT_F	DENV3	GCF_000862125.1_ViralProj15306_genomic	NS5	DENV3_4_RIGHT_R
526	DENV3_20_LEFT_F_DEN3_CC_4_R	DENV3_20_LEFT_F	DENV3	GCF_000862125.1_ViralProj15306_genomic	NS5	DEN3_CC_4_R
698	DENV3_20_LEFT_F_DENV3_21_RIGHT_R	DENV3_20_LEFT_F	DENV3	GCF_000866625.1_ViralProj15598_genomic	NS5	DENV3_21_RIGHT_R
698	DENV3_20_LEFT_F_DENV3_21_RIGHT_R	DENV3_20_LEFT_F	DENV3	GCF_000871845.1_ViralProj20183_genomic	NS5	DENV3_21_RIGHT_R
769	DENV3_20_LEFT_F_DENV3_34_RIGHT_R	DENV3_20_LEFT_F	DENV3	GCF_000871845.1_ViralProj20183_genomic	NS5	DENV3_34_RIGHT_R
360	DENV3_21_LEFT_F_D2_R	DENV3_21_LEFT_F	DENV3	GCF_000866625.1_ViralProj15598_genomic	NS5	D2_R
364	DENV3_22_LEFT_F_DEN3-1752_R	DENV3_22_LEFT_F	DENV3	GCF_000862125.1_ViralProj15306_genomic	NS1	DEN3-1752_R
452	DENV4_11_LEFT_F_DENV4_21_RIGHT_R	DENV4_11_LEFT_F	DENV4	GCF_000866625.1_ViralProj15598_genomic	NS5	DENV4_21_RIGHT_R
588	DENV4_11_LEFT_F_DENV4_22_RIGHT_R	DENV4_11_LEFT_F	DENV4	GCF_000866625.1_ViralProj15598_genomic	NS5	DENV4_22_RIGHT_R
589	DENV4_11_LEFT_F_DENV4_28_RIGHT_R	DENV4_11_LEFT_F	DENV4	GCF_000866625.1_ViralProj15598_genomic	NS5	DENV4_28_RIGHT_R
507	DENV4_12_LEFT_F_DENV4_RN_R1_R	DENV4_12_LEFT_F	DENV4	GCF_000871845.1_ViralProj20183_genomic	NS3	DENV4_RN_R1_R
447	DENV4_17_LEFT_F_D4_R	DENV4_17_LEFT_F	DENV4	GCF_000865065.1_ViralProj15599_genomic	NS5	D4_R
855	DENV4_17_LEFT_F_D4_R	DENV4_17_LEFT_F	DENV4	GCF_000866625.1_ViralProj15598_genomic	NS5	D4_R
540	DENV4_18_LEFT_F_D4_R	DENV4_18_LEFT_F	DENV4	GCF_000866625.1_ViralProj15598_genomic	NS5	D4_R
690	DENV4_19_LEFT_F_DENV4_20_RIGHT_R	DENV4_19_LEFT_F	DENV4	GCF_000862125.1_ViralProj15306_genomic	NS5	DENV4_20_RIGHT_R
806	DENV4_19_LEFT_F_DOASSMFPSAGODV_10_R	DENV4_19_LEFT_F	DENV4	GCF_000862125.1_ViralProj15306_genomic	NS5	DOASSMFPSAGODV_10_R
690	DENV4_19_LEFT_F_DENV4_20_RIGHT_R	DENV4_19_LEFT_F	DENV4	GCF_000865065.1_ViralProj15599_genomic	NS5	DENV4_20_RIGHT_R
386	DENV4_20_LEFT_F_DENV4_20_RIGHT_R	DENV4_20_LEFT_F	DENV4	GCF_000865065.1_ViralProj15599_genomic	NS5	DENV4_20_RIGHT_R
704	DENV4_20_LEFT_F_DENV4_21_RIGHT_R	DENV4_20_LEFT_F	DENV4	GCF_000865065.1_ViralProj15599_genomic	NS5	DENV4_21_RIGHT_R
486	DENV4_21_LEFT_F_DENV4_1_RIGHT_R	DENV4_21_LEFT_F	DENV4	GCF_000866625.1_ViralProj15598_genomic	NS5	DENV4_1_RIGHT_R
376	DENV4_21_LEFT_F_DENV4_15_RIGHT_R	DENV4_21_LEFT_F	DENV4	GCF_000866625.1_ViralProj15598_genomic	NS5	DENV4_15_RIGHT_R
649	DENV4_26_LEFT_F_DENV4_4_RIGHT_R	DENV4_26_LEFT_F	DENV4	GCF_000862125.1_ViralProj15306_genomic	NS1	DENV4_4_RIGHT_R
392	DENV4_26_LEFT_F_D2_R	DENV4_26_LEFT_F	DENV4	GCF_000866625.1_ViralProj15598_genomic	NS5	D2_R
678	DENV4_26_LEFT_F_DENV4_1_RIGHT_R	DENV4_26_LEFT_F	DENV4	GCF_000866625.1_ViralProj15598_genomic	NS5	DENV4_1_RIGHT_R
1023	DENV4_27_LEFT_F_D2_R	DENV4_27_LEFT_F	DENV4	GCF_000866625.1_ViralProj15598_genomic	NS5	D2_R
897	DENV4_27_LEFT_F_DENV4_20_RIGHT_R	DENV4_27_LEFT_F	DENV4	GCF_000866625.1_ViralProj15598_genomic	NS5	DENV4_20_RIGHT_R
439	DENV4_27_LEFT_F_D4_R	DENV4_27_LEFT_F	DENV4	GCF_000866625.1_ViralProj15598_genomic	NS5	D4_R
753	D2L_F_RPS29_R	D2L_F	DENV2	GCF_000866625.1_ViralProj15598_genomic	NS5	RPS29_R
364	DENV3_SP2_F_DENV3_21_RIGHT_R	DENV3_SP2_F	DENV3	GCF_000871845.1_ViralProj20183_genomic	NS5	DENV3_21_RIGHT_R
435	DENV3_SP2_F_DENV3_34_RIGHT_R	DENV3_SP2_F	DENV3	GCF_000871845.1_ViralProj20183_genomic	NS5	DENV3_34_RIGHT_R
456	DENV1_7_F_D2_R	DENV1_7_F	DENV1	GCF_000862125.1_ViralProj15306_genomic	NS1	D2_R
680	DENV1_21_F_DEN1_CC_3_R	DENV1_21_F	DENV1	GCF_000862125.1_ViralProj15306_genomic	NS5	DEN1_CC_3_R
680	DENV1_21_F_DEN1_CC_3_R	DENV1_21_F	DENV1	GCF_000865065.1_ViralProj15599_genomic	NS5	DEN1_CC_3_R
480	DENV1_21_F_DENV1_30_R	DENV1_21_F	DENV1	GCF_000866625.1_ViralProj15598_genomic	NS5	DENV1_30_R
680	DENV1_21_F_DEN1_CC_3_R	DENV1_21_F	DENV1	GCF_000866625.1_ViralProj15598_genomic	NS5	DEN1_CC_3_R
315	DENV1_21_F_D1_R	DENV1_21_F	DENV1	GCF_000871845.1_ViralProj20183_genomic	NS5	D1_R
680	DENV1_21_F_DEN1_CC_3_R	DENV1_21_F	DENV1	GCF_000871845.1_ViralProj20183_genomic	NS5	DEN1_CC_3_R
591	DENV2_15_F_DEN2_CC_1_R	DENV2_15_F	DENV2	GCF_000866625.1_ViralProj15598_genomic	NS5	DEN2_CC_1_R
509	DENV2_19_F_D1_R	DENV2_19_F	DENV2	GCF_000865065.1_ViralProj15599_genomic	NS5	D1_R
705	DENV2_19_F_D1_R	DENV2_19_F	DENV2	GCF_000871845.1_ViralProj20183_genomic	NS5	D1_R
867	DENV2_19_F_DENV2_20_R	DENV2_19_F	DENV2	GCF_000871845.1_ViralProj20183_genomic	NS5	DENV2_20_R
534	DENV2_21_F_DENV2_20_R	DENV2_21_F	DENV2	GCF_000862125.1_ViralProj15306_genomic	NS5	DENV2_20_R
951	DENV2_21_F_D2_R	DENV2_21_F	DENV2	GCF_000866625.1_ViralProj15598_genomic	NS5	D2_R
534	DENV2_21_F_DENV2_20_R	DENV2_21_F	DENV2	GCF_000871845.1_ViralProj20183_genomic	NS5	DENV2_20_R
1026	DENV2_21_F_DENV2_22_R	DENV2_21_F	DENV2	GCF_000871845.1_ViralProj20183_genomic	NS5	DENV2_22_R
413	DENV3_11_F_D3_R	DENV3_11_F	DENV3	GCF_000862125.1_ViralProj15306_genomic	NS3	D3_R
444	DENV3_11_F_DENV3_12_R	DENV3_11_F	DENV3	GCF_000862125.1_ViralProj15306_genomic	NS3	DENV3_12_R
362	DENV3_11_F_CLTC_R	DENV3_11_F	DENV3	GCF_000866625.1_ViralProj15598_genomic	NS3	CLTC_R
490	DENV3_17_F_D2_R	DENV3_17_F	DENV3	GCF_000862125.1_ViralProj15306_genomic	NS5	D2_R
702	DENV3_19_F_D3_R	DENV3_19_F	DENV3	GCF_000862125.1_ViralProj15306_genomic	NS5	D3_R
441	DENV4_19_F_D4_R	DENV4_19_F	DENV4	GCF_000865065.1_ViralProj15599_genomic	NS5	D4_R
301	DENV2_RN_F2_F_DEN-2_R	DENV2_RN_F2_F	DENV2	GCF_000862125.1_ViralProj15306_genomic	NS1	DEN-2_R
366	DENV2_RN_F2_F_GRP78_R	DENV2_RN_F2_F	DENV2	GCF_000865065.1_ViralProj15599_genomic	NS1	GRP78_R
301	DENV2_RN_F2_F_DEN-2_R	DENV2_RN_F2_F	DENV2	GCF_000865065.1_ViralProj15599_genomic	NS1	DEN-2_R
702	DENV2_RN_F2_F_DENV2_27_RIGHT_R	DENV2_RN_F2_F	DENV2	GCF_000866625.1_ViralProj15598_genomic	NS1	DENV2_27_RIGHT_R
398	DENV2_RN_F2_F_DNM2_R	DENV2_RN_F2_F	DENV2	GCF_000866625.1_ViralProj15598_genomic	NS1	DNM2_R
301	DENV2_RN_F2_F_DEN-2_R	DENV2_RN_F2_F	DENV2	GCF_000871845.1_ViralProj20183_genomic	NS1	DEN-2_R
569	DENV3_RN_F1_F_DENV3_5_RIGHT_R	DENV3_RN_F1_F	DENV3	GCF_000862125.1_ViralProj15306_genomic	NS1	DENV3_5_RIGHT_R
761	DENV3_RN_F1_F_PRIMER_4_R	DENV3_RN_F1_F	DENV3	GCF_000862125.1_ViralProj15306_genomic	NS1	PRIMER_4_R
593	DENV3_RN_F1_F_DENV3_21_RIGHT_R	DENV3_RN_F1_F	DENV3	GCF_000865065.1_ViralProj15599_genomic	NS3	DENV3_21_RIGHT_R
563	DENV3_RN_F1_F_DENV3_5_RIGHT_R	DENV3_RN_F1_F	DENV3	GCF_000866625.1_ViralProj15598_genomic	NS1	DENV3_5_RIGHT_R
886	DENV3_RN_F1_F_DENV3_6_RIGHT_R	DENV3_RN_F1_F	DENV3	GCF_000866625.1_ViralProj15598_genomic	NS1	DENV3_6_RIGHT_R
671	DENV3_RN_F2_F_D3_R	DENV3_RN_F2_F	DENV3	GCF_000865065.1_ViralProj15599_genomic	NS1	D3_R
412	DENV3_RN_F2_F_GRP78_R	DENV3_RN_F2_F	DENV3	GCF_000865065.1_ViralProj15599_genomic	NS1	GRP78_R
570	DENV3_RN_F2_F_DEN3-1752_R	DENV3_RN_F2_F	DENV3	GCF_000866625.1_ViralProj15598_genomic	NS1	DEN3-1752_R
804	DENV4_RN_F2_F_D4_R	DENV4_RN_F2_F	DENV4	GCF_000871845.1_ViralProj20183_genomic	NS1	D4_R
707	1162_F_REV1209-1226_R	1162_F	DENV4	GCF_000865065.1_ViralProj15599_genomic	NS1	REV1209-1226_R
622	1721_F_DENV-4_R	1721_F	DENV4	GCF_000866625.1_ViralProj15598_genomic	NS3	DENV-4_R
798	GRP78_F_RPL27_R	GRP78_F	ALL	GCF_000871845.1_ViralProj20183_genomic	NS5	RPL27_R
589	DEN1_F5132_F_DENV1_19_RIGHT_R	DEN1_F5132_F	DENV1	GCF_000862125.1_ViralProj15306_genomic	NS5	DENV1_19_RIGHT_R
589	DEN1_F5132_F_DENV1_19_RIGHT_R	DEN1_F5132_F	DENV1	GCF_000865065.1_ViralProj15599_genomic	NS5	DENV1_19_RIGHT_R
589	DEN1_F5132_F_DENV1_19_RIGHT_R	DEN1_F5132_F	DENV1	GCF_000866625.1_ViralProj15598_genomic	NS5	DENV1_19_RIGHT_R
589	DEN1_F5132_F_DENV1_19_RIGHT_R	DEN1_F5132_F	DENV1	GCF_000871845.1_ViralProj20183_genomic	NS5	DENV1_19_RIGHT_R
341	DEN1_F5132_F_DEN-1_R	DEN1_F5132_F	DENV1	GCF_000871845.1_ViralProj20183_genomic	NS5	DEN-1_R
987	DEN2_F5228_F_DENV2_SP5_R	DEN2_F5228_F	DENV2	GCF_000862125.1_ViralProj15306_genomic	NS5	DENV2_SP5_R
321	DEN2_F5228_F_DENV2_18_R	DEN2_F5228_F	DENV2	GCF_000862125.1_ViralProj15306_genomic	NS5	DENV2_18_R
321	DEN2_F5228_F_DENV2_18_R	DEN2_F5228_F	DENV2	GCF_000866625.1_ViralProj15598_genomic	NS5	DENV2_18_R
321	DEN2_F5228_F_DENV2_18_R	DEN2_F5228_F	DENV2	GCF_000871845.1_ViralProj20183_genomic	NS5	DENV2_18_R
716	DEN2_F5228_F_NS3_ANTISENSE_R	DEN2_F5228_F	DENV2	GCF_000871845.1_ViralProj20183_genomic	NS5	NS3_ANTISENSE_R
765	DEN3_F5396_F_DENV3_20_RIGHT_R	DEN3_F5396_F	DENV3	GCF_000862125.1_ViralProj15306_genomic	NS5	DENV3_20_RIGHT_R
917	DEN3_F5396_F_DEN3_CC_4_R	DEN3_F5396_F	DENV3	GCF_000862125.1_ViralProj15306_genomic	NS5	DEN3_CC_4_R
685	DEN3_F5396_F_DENV3_20_RIGHT_R	DEN3_F5396_F	DENV3	GCF_000865065.1_ViralProj15599_genomic	NS5	DENV3_20_RIGHT_R
625	DEN3_F5396_F_DENV3_24_RIGHT_R	DEN3_F5396_F	DENV3	GCF_000865065.1_ViralProj15599_genomic	NS5	DENV3_24_RIGHT_R
765	DEN3_F5396_F_DENV3_20_RIGHT_R	DEN3_F5396_F	DENV3	GCF_000866625.1_ViralProj15598_genomic	NS5	DENV3_20_RIGHT_R
765	DEN3_F5396_F_DENV3_20_RIGHT_R	DEN3_F5396_F	DENV3	GCF_000871845.1_ViralProj20183_genomic	NS5	DENV3_20_RIGHT_R
625	DEN3_F5396_F_DENV3_24_RIGHT_R	DEN3_F5396_F	DENV3	GCF_000871845.1_ViralProj20183_genomic	NS5	DENV3_24_RIGHT_R
331	DEN4_F5299_F_D2_R	DEN4_F5299_F	DENV4	GCF_000862125.1_ViralProj15306_genomic	NS5	D2_R
758	DEN4_F5299_F_DV.L2_R	DEN4_F5299_F	DENV4	GCF_000871845.1_ViralProj20183_genomic	NS5	DV.L2_R
545	NS3-1-O_F_NS3-1-I_R	NS3-1-O_F	DENV2	GCF_000866625.1_ViralProj15598_genomic	NS1	NS3-1-I_R
640	NS3-1-O_F_D2R2099_R	NS3-1-O_F	DENV2	GCF_000866625.1_ViralProj15598_genomic	NS1	D2R2099_R
980	NS3-1-SEQ_F_DENV2_RN_R1_R	NS3-1-SEQ_F	DENV2	GCF_000862125.1_ViralProj15306_genomic	NS5	DENV2_RN_R1_R
923	NS3-1-SEQ_F_DOASSMFPSAGODV_6_R	NS3-1-SEQ_F	DENV2	GCF_000862125.1_ViralProj15306_genomic	NS5	DOASSMFPSAGODV_6_R
829	NS3-1-SEQ_F_DENV2_3_RIGHT_R	NS3-1-SEQ_F	DENV2	GCF_000865065.1_ViralProj15599_genomic	NS3	DENV2_3_RIGHT_R
788	NS3-2-I_F_RPS29_R	NS3-2-I_F	DENV2	GCF_000871845.1_ViralProj20183_genomic	NS5	RPS29_R
1006	NS3-2-I_F_NS3-2-O_R	NS3-2-I_F	DENV2	GCF_000871845.1_ViralProj20183_genomic	NS5	NS3-2-O_R
1005	NS3-2-SEQ-I_F_DOASSMFPSAGODV_6_R	NS3-2-SEQ-I_F	DENV2	GCF_000862125.1_ViralProj15306_genomic	NS5	DOASSMFPSAGODV_6_R
345	NS3-2-SEQ-I_F_RPS29_R	NS3-2-SEQ-I_F	DENV2	GCF_000866625.1_ViralProj15598_genomic	NS5	RPS29_R
737	NS3-2-SEQ-I_F_NS3-2-O_R	NS3-2-SEQ-I_F	DENV2	GCF_000866625.1_ViralProj15598_genomic	NS5	NS3-2-O_R
519	NS3-2-SEQ-I_F_RPS29_R	NS3-2-SEQ-I_F	DENV2	GCF_000871845.1_ViralProj20183_genomic	NS5	RPS29_R
737	NS3-2-SEQ-I_F_NS3-2-O_R	NS3-2-SEQ-I_F	DENV2	GCF_000871845.1_ViralProj20183_genomic	NS5	NS3-2-O_R
409	DV2.U_F_D2_R	DV2.U_F	DENV2	GCF_000862125.1_ViralProj15306_genomic	NS1	D2_R
458	DV2.U_F_DENV2_5_RIGHT_R	DV2.U_F	DENV2	GCF_000862125.1_ViralProj15306_genomic	NS1	DENV2_5_RIGHT_R
456	DV2.U_F_DENV2_16_RIGHT_R	DV2.U_F	DENV2	GCF_000862125.1_ViralProj15306_genomic	NS1	DENV2_16_RIGHT_R
409	DV2.U_F_DENV-2_R	DV2.U_F	DENV2	GCF_000862125.1_ViralProj15306_genomic	NS1	DENV-2_R
409	DV2.U_F_FAACOUFISPPAPR_4_R	DV2.U_F	DENV2	GCF_000862125.1_ViralProj15306_genomic	NS1	FAACOUFISPPAPR_4_R
409	DV2.U_F_DEN-2_C_R	DV2.U_F	DENV2	GCF_000862125.1_ViralProj15306_genomic	NS1	DEN-2_C_R
1018	DV2.U_F_D2_R	DV2.U_F	DENV2	GCF_000866625.1_ViralProj15598_genomic	NS5	D2_R
1018	DV2.U_F_FAACOUFISPPAPR_4_R	DV2.U_F	DENV2	GCF_000866625.1_ViralProj15598_genomic	NS5	FAACOUFISPPAPR_4_R
492	DENV4_F_DENV4_RN_R1_R	DENV4_F	DENV4	GCF_000862125.1_ViralProj15306_genomic	NS5	DENV4_RN_R1_R
642	DENV4_F_D2_R	DENV4_F	DENV4	GCF_000866625.1_ViralProj15598_genomic	NS5	D2_R
928	DENV4_F_DENV4_1_RIGHT_R	DENV4_F	DENV4	GCF_000866625.1_ViralProj15598_genomic	NS5	DENV4_1_RIGHT_R
818	DENV4_F_DENV4_15_RIGHT_R	DENV4_F	DENV4	GCF_000866625.1_ViralProj15598_genomic	NS5	DENV4_15_RIGHT_R
516	DENV4_F_DENV4_20_RIGHT_R	DENV4_F	DENV4	GCF_000866625.1_ViralProj15598_genomic	NS5	DENV4_20_RIGHT_R
366	DEN2_CC_1_F_DEN2-2420_R	DEN2_CC_1_F	DENV2	GCF_000862125.1_ViralProj15306_genomic	NS5	DEN2-2420_R
307	DEN2_CC_1_F_D2_R	DEN2_CC_1_F	DENV2	GCF_000871845.1_ViralProj20183_genomic	NS1	D2_R
307	DEN2_CC_1_F_FAACOUFISPPAPR_4_R	DEN2_CC_1_F	DENV2	GCF_000871845.1_ViralProj20183_genomic	NS1	FAACOUFISPPAPR_4_R
307	DEN2_CC_1_F_DEN-2_C_R	DEN2_CC_1_F	DENV2	GCF_000871845.1_ViralProj20183_genomic	NS1	DEN-2_C_R
385	DEN3_CC_1_F_D2_R	DEN3_CC_1_F	DENV3	GCF_000862125.1_ViralProj15306_genomic	NS1	D2_R
493	DEN3_CC_1_F_DENV3_5_RIGHT_R	DEN3_CC_1_F	DENV3	GCF_000862125.1_ViralProj15306_genomic	NS1	DENV3_5_RIGHT_R
396	DEN3_CC_1_F_DEN3_CC_1_R	DEN3_CC_1_F	DENV3	GCF_000862125.1_ViralProj15306_genomic	NS1	DEN3_CC_1_R
638	DEN3_CC_1_F_DEN3_CC_2_R	DEN3_CC_1_F	DENV3	GCF_000862125.1_ViralProj15306_genomic	NS1	DEN3_CC_2_R
613	DEN3_CC_1_F_D3R1758_R	DEN3_CC_1_F	DENV3	GCF_000862125.1_ViralProj15306_genomic	NS1	D3R1758_R
685	DEN3_CC_1_F_PRIMER_4_R	DEN3_CC_1_F	DENV3	GCF_000862125.1_ViralProj15306_genomic	NS1	PRIMER_4_R
385	DEN3_CC_1_F_D2_R	DEN3_CC_1_F	DENV3	GCF_000865065.1_ViralProj15599_genomic	NS1	D2_R
618	DEN3_CC_1_F_DENV3_28_RIGHT_R	DEN3_CC_1_F	DENV3	GCF_000865065.1_ViralProj15599_genomic	NS1	DENV3_28_RIGHT_R
693	DEN3_CC_1_F_D1_R	DEN3_CC_1_F	DENV3	GCF_000865065.1_ViralProj15599_genomic	NS1	D1_R
721	DEN3_CC_1_F_D3_R	DEN3_CC_1_F	DENV3	GCF_000865065.1_ViralProj15599_genomic	NS1	D3_R
462	DEN3_CC_1_F_GRP78_R	DEN3_CC_1_F	DENV3	GCF_000865065.1_ViralProj15599_genomic	NS1	GRP78_R
768	DEN3_CC_1_F_P4_R	DEN3_CC_1_F	DENV3	GCF_000865065.1_ViralProj15599_genomic	NS1	P4_R
396	DEN3_CC_1_F_DEN3_CC_1_R	DEN3_CC_1_F	DENV3	GCF_000865065.1_ViralProj15599_genomic	NS1	DEN3_CC_1_R
487	DEN3_CC_1_F_DENV3_5_RIGHT_R	DEN3_CC_1_F	DENV3	GCF_000866625.1_ViralProj15598_genomic	NS1	DENV3_5_RIGHT_R
810	DEN3_CC_1_F_DENV3_6_RIGHT_R	DEN3_CC_1_F	DENV3	GCF_000866625.1_ViralProj15598_genomic	NS1	DENV3_6_RIGHT_R
494	DEN3_CC_1_F_DNM2_R	DEN3_CC_1_F	DENV3	GCF_000866625.1_ViralProj15598_genomic	NS1	DNM2_R
390	DEN3_CC_1_F_DEN3_CC_1_R	DEN3_CC_1_F	DENV3	GCF_000866625.1_ViralProj15598_genomic	NS1	DEN3_CC_1_R
607	DEN3_CC_1_F_D3R1758_R	DEN3_CC_1_F	DENV3	GCF_000866625.1_ViralProj15598_genomic	NS1	D3R1758_R
385	DEN3_CC_1_F_D2_R	DEN3_CC_1_F	DENV3	GCF_000871845.1_ViralProj20183_genomic	NS1	D2_R
735	DEN3_CC_1_F_DENV3_27_RIGHT_R	DEN3_CC_1_F	DENV3	GCF_000871845.1_ViralProj20183_genomic	NS1	DENV3_27_RIGHT_R
382	DEN3_CC_1_F_P1_R	DEN3_CC_1_F	DENV3	GCF_000871845.1_ViralProj20183_genomic	NS1	P1_R
396	DEN3_CC_1_F_DEN3_CC_1_R	DEN3_CC_1_F	DENV3	GCF_000871845.1_ViralProj20183_genomic	NS1	DEN3_CC_1_R
790	DEN3_CC_1_F_B2_R	DEN3_CC_1_F	DENV3	GCF_000871845.1_ViralProj20183_genomic	NS1	B2_R
452	DEN4_CC_1_F_D1_R	DEN4_CC_1_F	DENV4	GCF_000865065.1_ViralProj15599_genomic	NS1	D1_R
366	DEN4_CC_3_F_DEN4_CC_3_R	DEN4_CC_3_F	DENV4	GCF_000865065.1_ViralProj15599_genomic	NS5	DEN4_CC_3_R
455	D4S_F_DENV-4_R	D4S_F	DENV4	GCF_000866625.1_ViralProj15598_genomic	NS3	DENV-4_R
502	D4S_F_1545-1563_R	D4S_F	DENV4	GCF_000871845.1_ViralProj20183_genomic	NS1	1545-1563_R
306	RSS22_F_GRP78_R	RSS22_F	DENV4	GCF_000865065.1_ViralProj15599_genomic	NS1	GRP78_R
468	D1F1035_F_D2_R	D1F1035_F	DENV1	GCF_000862125.1_ViralProj15306_genomic	NS1	D2_R
468	D1F1035_F_D2_R	D1F1035_F	DENV1	GCF_000865065.1_ViralProj15599_genomic	NS1	D2_R
468	D1F1035_F_D2_R	D1F1035_F	DENV1	GCF_000871845.1_ViralProj20183_genomic	NS1	D2_R
447	D3F791_F_D1_R	D3F791_F	DENV3	GCF_000871845.1_ViralProj20183_genomic	NS5	D1_R
842	D3F791_F_RPS29_R	D3F791_F	DENV3	GCF_000871845.1_ViralProj20183_genomic	NS5	RPS29_R
571	D3F1187_F_DEN3-1752_R	D3F1187_F	DENV3	GCF_000862125.1_ViralProj15306_genomic	NS1	DEN3-1752_R
407	D3F1187_F_GRP78_R	D3F1187_F	DENV3	GCF_000865065.1_ViralProj15599_genomic	NS1	GRP78_R
565	D3F1187_F_DEN3-1752_R	D3F1187_F	DENV3	GCF_000866625.1_ViralProj15598_genomic	NS1	DEN3-1752_R
733	D3F1927_F_D3R2095_R	D3F1927_F	DENV3	GCF_000871845.1_ViralProj20183_genomic	NS5	D3R2095_R
533	D4S3_F_GRP78_R	D4S3_F	DENV4	GCF_000865065.1_ViralProj15599_genomic	NS1	GRP78_R
892	D4S3_F_D4_R	D4S3_F	DENV4	GCF_000871845.1_ViralProj20183_genomic	NS1	D4_R
453	D4S3_F_P1_R	D4S3_F	DENV4	GCF_000871845.1_ViralProj20183_genomic	NS1	P1_R
480	RBCLA_F_DENV2_SP5_R	RBCLA_F	DENV2	GCF_000862125.1_ViralProj15306_genomic	NS5	DENV2_SP5_R
426	PSBA_F_DEN-2_R	PSBA_F	DENV2	GCF_000862125.1_ViralProj15306_genomic	NS3	DEN-2_R
406	PSBA_F_RSS4_R	PSBA_F	DENV2	GCF_000862125.1_ViralProj15306_genomic	NS3	RSS4_R
396	DENV-2_F_DENV-2_R	DENV-2_F	DENV2	GCF_000871845.1_ViralProj20183_genomic	NS1	DENV-2_R
441	DENV-2_F_DENV-2_R	DENV-2_F	DENV2	GCF_000871845.1_ViralProj20183_genomic	NS1	DENV-2_R
393	DENV-3_F_DEN3-1752_R	DENV-3_F	DENV3	GCF_000862125.1_ViralProj15306_genomic	NS1	DEN3-1752_R
843	D2-5032_FW_F_D1_R	D2-5032_FW_F	DENV2	GCF_000871845.1_ViralProj20183_genomic	NS5	D1_R
451	D2-5032_FW_F_NS3-1-I_R	D2-5032_FW_F	DENV2	GCF_000871845.1_ViralProj20183_genomic	NS5	NS3-1-I_R
307	D2-7930_FW_F_DENV2_RN_R1_R	D2-7930_FW_F	DENV2	GCF_000862125.1_ViralProj15306_genomic	NS5	DENV2_RN_R1_R
386	FORWARD_F_DENV2_8_RIGHT_R	FORWARD_F	DENV2	GCF_000865065.1_ViralProj15599_genomic	NS3	DENV2_8_RIGHT_R
325	FORWARD_F_NS4B(1-77)_R	FORWARD_F	DENV2	GCF_000866625.1_ViralProj15598_genomic	NS5	NS4B(1-77)_R
313	VIR2234_F_D1_R	VIR2234_F	ALL	GCF_000865065.1_ViralProj15599_genomic	NS5	D1_R
509	VIR2234_F_D1_R	VIR2234_F	ALL	GCF_000871845.1_ViralProj20183_genomic	NS5	D1_R
368	DEN-2_F_D2_R	DEN-2_F	DENV2	GCF_000865065.1_ViralProj15599_genomic	NS1	D2_R
417	DEN-2_F_DENV2_5_RIGHT_R	DEN-2_F	DENV2	GCF_000865065.1_ViralProj15599_genomic	NS1	DENV2_5_RIGHT_R
723	DEN-2_F_DENV2_6_RIGHT_R	DEN-2_F	DENV2	GCF_000865065.1_ViralProj15599_genomic	NS1	DENV2_6_RIGHT_R
368	DEN-2_F_DENV-2_R	DEN-2_F	DENV2	GCF_000865065.1_ViralProj15599_genomic	NS1	DENV-2_R
368	DEN-2_F_FAACOUFISPPAPR_4_R	DEN-2_F	DENV2	GCF_000865065.1_ViralProj15599_genomic	NS1	FAACOUFISPPAPR_4_R
678	DEN-2_F_B1_R	DEN-2_F	DENV2	GCF_000865065.1_ViralProj15599_genomic	NS1	B1_R
368	DEN-2_F_DEN-2_C_R	DEN-2_F	DENV2	GCF_000865065.1_ViralProj15599_genomic	NS1	DEN-2_C_R
411	DEN-2_F_DENV2_5_RIGHT_R	DEN-2_F	DENV2	GCF_000866625.1_ViralProj15598_genomic	NS1	DENV2_5_RIGHT_R
717	DEN-2_F_DENV2_6_RIGHT_R	DEN-2_F	DENV2	GCF_000866625.1_ViralProj15598_genomic	NS1	DENV2_6_RIGHT_R
781	DEN-2_F_DENV2_27_RIGHT_R	DEN-2_F	DENV2	GCF_000866625.1_ViralProj15598_genomic	NS1	DENV2_27_RIGHT_R
477	DEN-2_F_DNM2_R	DEN-2_F	DENV2	GCF_000866625.1_ViralProj15598_genomic	NS1	DNM2_R
368	DEN-2_F_D2_R	DEN-2_F	DENV2	GCF_000871845.1_ViralProj20183_genomic	NS1	D2_R
417	DEN-2_F_DENV2_5_RIGHT_R	DEN-2_F	DENV2	GCF_000871845.1_ViralProj20183_genomic	NS1	DENV2_5_RIGHT_R
723	DEN-2_F_DENV2_6_RIGHT_R	DEN-2_F	DENV2	GCF_000871845.1_ViralProj20183_genomic	NS1	DENV2_6_RIGHT_R
323	DEN-2_F_DENV-2_R	DEN-2_F	DENV2	GCF_000871845.1_ViralProj20183_genomic	NS1	DENV-2_R
368	DEN-2_F_DENV-2_R	DEN-2_F	DENV2	GCF_000871845.1_ViralProj20183_genomic	NS1	DENV-2_R
368	DEN-2_F_FAACOUFISPPAPR_4_R	DEN-2_F	DENV2	GCF_000871845.1_ViralProj20183_genomic	NS1	FAACOUFISPPAPR_4_R
678	DEN-2_F_B1_R	DEN-2_F	DENV2	GCF_000871845.1_ViralProj20183_genomic	NS1	B1_R
368	DEN-2_F_DEN-2_C_R	DEN-2_F	DENV2	GCF_000871845.1_ViralProj20183_genomic	NS1	DEN-2_C_R
469	DEN-2_F_D2_R	DEN-2_F	DENV2	GCF_000862125.1_ViralProj15306_genomic	NS1	D2_R
518	DEN-2_F_DENV2_5_RIGHT_R	DEN-2_F	DENV2	GCF_000862125.1_ViralProj15306_genomic	NS1	DENV2_5_RIGHT_R
824	DEN-2_F_DENV2_6_RIGHT_R	DEN-2_F	DENV2	GCF_000862125.1_ViralProj15306_genomic	NS1	DENV2_6_RIGHT_R
516	DEN-2_F_DENV2_16_RIGHT_R	DEN-2_F	DENV2	GCF_000862125.1_ViralProj15306_genomic	NS1	DENV2_16_RIGHT_R
469	DEN-2_F_DENV-2_R	DEN-2_F	DENV2	GCF_000862125.1_ViralProj15306_genomic	NS1	DENV-2_R
769	DEN-2_F_PRIMER_4_R	DEN-2_F	DENV2	GCF_000862125.1_ViralProj15306_genomic	NS1	PRIMER_4_R
469	DEN-2_F_FAACOUFISPPAPR_4_R	DEN-2_F	DENV2	GCF_000862125.1_ViralProj15306_genomic	NS1	FAACOUFISPPAPR_4_R
469	DEN-2_F_DEN-2_C_R	DEN-2_F	DENV2	GCF_000862125.1_ViralProj15306_genomic	NS1	DEN-2_C_R
469	DEN-2_F_D2_R	DEN-2_F	DENV2	GCF_000865065.1_ViralProj15599_genomic	NS1	D2_R
518	DEN-2_F_DENV2_5_RIGHT_R	DEN-2_F	DENV2	GCF_000865065.1_ViralProj15599_genomic	NS1	DENV2_5_RIGHT_R
824	DEN-2_F_DENV2_6_RIGHT_R	DEN-2_F	DENV2	GCF_000865065.1_ViralProj15599_genomic	NS1	DENV2_6_RIGHT_R
469	DEN-2_F_DENV-2_R	DEN-2_F	DENV2	GCF_000865065.1_ViralProj15599_genomic	NS1	DENV-2_R
469	DEN-2_F_FAACOUFISPPAPR_4_R	DEN-2_F	DENV2	GCF_000865065.1_ViralProj15599_genomic	NS1	FAACOUFISPPAPR_4_R
779	DEN-2_F_B1_R	DEN-2_F	DENV2	GCF_000865065.1_ViralProj15599_genomic	NS1	B1_R
469	DEN-2_F_DEN-2_C_R	DEN-2_F	DENV2	GCF_000865065.1_ViralProj15599_genomic	NS1	DEN-2_C_R
469	DEN-2_F_D2_R	DEN-2_F	DENV2	GCF_000871845.1_ViralProj20183_genomic	NS1	D2_R
518	DEN-2_F_DENV2_5_RIGHT_R	DEN-2_F	DENV2	GCF_000871845.1_ViralProj20183_genomic	NS1	DENV2_5_RIGHT_R
824	DEN-2_F_DENV2_6_RIGHT_R	DEN-2_F	DENV2	GCF_000871845.1_ViralProj20183_genomic	NS1	DENV2_6_RIGHT_R
424	DEN-2_F_DENV-2_R	DEN-2_F	DENV2	GCF_000871845.1_ViralProj20183_genomic	NS1	DENV-2_R
469	DEN-2_F_DENV-2_R	DEN-2_F	DENV2	GCF_000871845.1_ViralProj20183_genomic	NS1	DENV-2_R
469	DEN-2_F_FAACOUFISPPAPR_4_R	DEN-2_F	DENV2	GCF_000871845.1_ViralProj20183_genomic	NS1	FAACOUFISPPAPR_4_R
779	DEN-2_F_B1_R	DEN-2_F	DENV2	GCF_000871845.1_ViralProj20183_genomic	NS1	B1_R
469	DEN-2_F_DEN-2_C_R	DEN-2_F	DENV2	GCF_000871845.1_ViralProj20183_genomic	NS1	DEN-2_C_R
996	DEN-2_F_D2_R	DEN-2_F	DENV2	GCF_000866625.1_ViralProj15598_genomic	NS5	D2_R
807	DEN-2_F_DENV2_22_RIGHT_R	DEN-2_F	DENV2	GCF_000866625.1_ViralProj15598_genomic	NS5	DENV2_22_RIGHT_R
965	DEN-2_F_MATK-1326_R	DEN-2_F	DENV2	GCF_000866625.1_ViralProj15598_genomic	NS5	MATK-1326_R
996	DEN-2_F_FAACOUFISPPAPR_4_R	DEN-2_F	DENV2	GCF_000866625.1_ViralProj15598_genomic	NS5	FAACOUFISPPAPR_4_R
411	DEN-2_F_DENV2_6_RIGHT_R	DEN-2_F	DENV2	GCF_000871845.1_ViralProj20183_genomic	NS1	DENV2_6_RIGHT_R
366	DEN-2_F_B1_R	DEN-2_F	DENV2	GCF_000871845.1_ViralProj20183_genomic	NS1	B1_R
465	DEN-3_F_D3_R	DEN-3_F	DENV3	GCF_000865065.1_ViralProj15599_genomic	NS1	D3_R
472	CF40FBAMHI_F_D2_R	CF40FBAMHI_F	DENV2	GCF_000865065.1_ViralProj15599_genomic	NS1	D2_R
459	CF40FBAMHI_F_DEN2_CC_1_R	CF40FBAMHI_F	DENV2	GCF_000865065.1_ViralProj15599_genomic	NS1	DEN2_CC_1_R
472	CF40FBAMHI_F_FAACOUFISPPAPR_4_R	CF40FBAMHI_F	DENV2	GCF_000865065.1_ViralProj15599_genomic	NS1	FAACOUFISPPAPR_4_R
472	CF40FBAMHI_F_DEN-2_C_R	CF40FBAMHI_F	DENV2	GCF_000865065.1_ViralProj15599_genomic	NS1	DEN-2_C_R
758	D1SEQ2_F_DENV1_11_RIGHT_R	D1SEQ2_F	DENV1	GCF_000871845.1_ViralProj20183_genomic	NS5	DENV1_11_RIGHT_R
528	D1SEQ2_F_DEN-1-REVERSE_R	D1SEQ2_F	DENV1	GCF_000871845.1_ViralProj20183_genomic	NS5	DEN-1-REVERSE_R
402	D1SEQ8_F_DENV1_28_R	D1SEQ8_F	DENV1	GCF_000871845.1_ViralProj20183_genomic	NS1	DENV1_28_R
410	D2SEQ3_F_DEN2-2420_R	D2SEQ3_F	DENV2	GCF_000865065.1_ViralProj15599_genomic	NS5	DEN2-2420_R
494	D3SEQ2_F_DEN3-1752_R	D3SEQ2_F	DENV3	GCF_000866625.1_ViralProj15598_genomic	NS1	DEN3-1752_R
457	D3SEQ6_F_DEN3-1752_R	D3SEQ6_F	DENV3	GCF_000866625.1_ViralProj15598_genomic	NS1	DEN3-1752_R
700	D4SEQ2_F_REV1209-1226_R	D4SEQ2_F	DENV4	GCF_000865065.1_ViralProj15599_genomic	NS1	REV1209-1226_R
334	D4SEQ2_F_RSS23_R	D4SEQ2_F	DENV4	GCF_000865065.1_ViralProj15599_genomic	NS1	RSS23_R
334	D4SEQ2_F_RSS23_R	D4SEQ2_F	DENV4	GCF_000871845.1_ViralProj20183_genomic	NS1	RSS23_R
999	D4SEQ3_F_DENV4_20_RIGHT_R	D4SEQ3_F	DENV4	GCF_000866625.1_ViralProj15598_genomic	NS5	DENV4_20_RIGHT_R
541	D4SEQ3_F_D4_R	D4SEQ3_F	DENV4	GCF_000866625.1_ViralProj15598_genomic	NS5	D4_R
485	D4SEQ4_F_RSS24_R	D4SEQ4_F	DENV4	GCF_000862125.1_ViralProj15306_genomic	NS5	RSS24_R
367	D4SEQ4_F_DENV4_5_RIGHT_R	D4SEQ4_F	DENV4	GCF_000871845.1_ViralProj20183_genomic	NS5	DENV4_5_RIGHT_R
359	D4SEQ4_F_DV.L2_R	D4SEQ4_F	DENV4	GCF_000871845.1_ViralProj20183_genomic	NS5	DV.L2_R
462	D1E108FAB1_F_D1E262TAA2_R	D1E108FAB1_F	DENV1	GCF_000862125.1_ViralProj15306_genomic	NS1	D1E262TAA2_R
471	D1E108FAB1_F_D1E265TAA2_R	D1E108FAB1_F	DENV1	GCF_000862125.1_ViralProj15306_genomic	NS1	D1E265TAA2_R
462	D1E108FAB1_F_D1E262TAA2_R	D1E108FAB1_F	DENV1	GCF_000865065.1_ViralProj15599_genomic	NS1	D1E262TAA2_R
471	D1E108FAB1_F_D1E265TAA2_R	D1E108FAB1_F	DENV1	GCF_000865065.1_ViralProj15599_genomic	NS1	D1E265TAA2_R
456	D1E108FAB1_F_D1E262TAA2_R	D1E108FAB1_F	DENV1	GCF_000866625.1_ViralProj15598_genomic	NS1	D1E262TAA2_R
465	D1E108FAB1_F_D1E265TAA2_R	D1E108FAB1_F	DENV1	GCF_000866625.1_ViralProj15598_genomic	NS1	D1E265TAA2_R
471	D1E108FAB1_F_D1E265TAA2_R	D1E108FAB1_F	DENV1	GCF_000871845.1_ViralProj20183_genomic	NS1	D1E265TAA2_R
375	1318-1336_F_D2_R	1318-1336_F	DENV1	GCF_000866625.1_ViralProj15598_genomic	NS5	D2_R
795	1318-1336_F_8_R	1318-1336_F	DENV1	GCF_000866625.1_ViralProj15598_genomic	NS5	8_R
944	1437-1458_F_P1_R	1437-1458_F	DENV2	GCF_000865065.1_ViralProj15599_genomic	NS5	P1_R
505	DENV2C_F_DENV2_27_RIGHT_R	DENV2C_F	DENV2	GCF_000866625.1_ViralProj15598_genomic	NS1	DENV2_27_RIGHT_R
389	DENV2C_F_P1_R	DENV2C_F	DENV2	GCF_000871845.1_ViralProj20183_genomic	NS1	P1_R
347	DENV2C_F_DENV-2_R	DENV2C_F	DENV2	GCF_000871845.1_ViralProj20183_genomic	NS1	DENV-2_R
392	DENV2C_F_DENV-2_R	DENV2C_F	DENV2	GCF_000871845.1_ViralProj20183_genomic	NS1	DENV-2_R
404	DENV2C_F_DEN-2_R	DENV2C_F	DENV2	GCF_000871845.1_ViralProj20183_genomic	NS1	DEN-2_R
797	DENV2C_F_B2_R	DENV2C_F	DENV2	GCF_000871845.1_ViralProj20183_genomic	NS1	B2_R
557	RSS5_F_P2_R	RSS5_F	DENV3	GCF_000866625.1_ViralProj15598_genomic	NS1	P2_R
386	RSS5_F_D2_R	RSS5_F	DENV3	GCF_000871845.1_ViralProj20183_genomic	NS1	D2_R
771	FAACOUFISPPAPR_3_F_DENV2_27_RIGHT_R	FAACOUFISPPAPR_3_F	DENV2	GCF_000862125.1_ViralProj15306_genomic	NS5	DENV2_27_RIGHT_R
450	DEN3_FORWARD_F_D3R1758_R	DEN3_FORWARD_F	DENV3	GCF_000865065.1_ViralProj15599_genomic	NS5	D3R1758_R
848	DEN4_FORWARD_F_RPS29_R	DEN4_FORWARD_F	DENV4	GCF_000866625.1_ViralProj15598_genomic	NS5	RPS29_R
491	DEN_E-5B_F_GRP78_R	DEN_E-5B_F	ALL	GCF_000865065.1_ViralProj15599_genomic	NS1	GRP78_R
420	CYD4_F_DENV4_1_RIGHT_R	CYD4_F	DENV4	GCF_000866625.1_ViralProj15598_genomic	NS5	DENV4_1_RIGHT_R
310	CYD4_F_DENV4_15_RIGHT_R	CYD4_F	DENV4	GCF_000866625.1_ViralProj15598_genomic	NS5	DENV4_15_RIGHT_R
576	CYD4_F_DENV4_22_RIGHT_R	CYD4_F	DENV4	GCF_000866625.1_ViralProj15598_genomic	NS5	DENV4_22_RIGHT_R
316	D2S_F_DENV-2_R	D2S_F	DENV2	GCF_000871845.1_ViralProj20183_genomic	NS1	DENV-2_R
1029	DSP1_F_DENV1_RN_R1_R	DSP1_F	DENV1	GCF_000866625.1_ViralProj15598_genomic	NS5	DENV1_RN_R1_R
1035	DSP1_F_RPS29_R	DSP1_F	DENV1	GCF_000866625.1_ViralProj15598_genomic	NS5	RPS29_R
984	DSP1_F_GSAODV1IIKWF_2_R	DSP1_F	DENV1	GCF_000866625.1_ViralProj15598_genomic	NS5	GSAODV1IIKWF_2_R
387	DSP3_F_DENV3_18_RIGHT_R	DSP3_F	DENV3	GCF_000866625.1_ViralProj15598_genomic	NS5	DENV3_18_RIGHT_R
702	DSP3_F_DENV3_19_RIGHT_R	DSP3_F	DENV3	GCF_000866625.1_ViralProj15598_genomic	NS5	DENV3_19_RIGHT_R
939	DSP3_F_RPS29_R	DSP3_F	DENV3	GCF_000866625.1_ViralProj15598_genomic	NS5	RPS29_R
537	DSP3_F_1G4P217_R	DSP3_F	DENV3	GCF_000871845.1_ViralProj20183_genomic	NS5	1G4P217_R
512	DSP3_F_RPL27_R	DSP3_F	DENV3	GCF_000871845.1_ViralProj20183_genomic	NS5	RPL27_R
1007	DSP4_F_DENV4_20_RIGHT_R	DSP4_F	DENV4	GCF_000865065.1_ViralProj15599_genomic	NS5	DENV4_20_RIGHT_R
630	DSP4_F_P1_R	DSP4_F	DENV4	GCF_000865065.1_ViralProj15599_genomic	NS5	P1_R
619	1139-1158_F_DEN3-1752_R	1139-1158_F	DENV3	GCF_000862125.1_ViralProj15306_genomic	NS1	DEN3-1752_R
613	1139-1158_F_DEN3-1752_R	1139-1158_F	DENV3	GCF_000866625.1_ViralProj15598_genomic	NS1	DEN3-1752_R
