Primer	Sequence	Genotype	Tm_max	Tm_min
D2_R	TTGCACCAACAGTCAATGTCTTCAGGTTC	ALL	84.0	59.88
1G1P1_F	CAAACCATGGAAGCTGTACG	DENV1	60.0	51.44
1G1P1_R	TTCTGTGCCTGGAATGATGCT	DENV1	62.0	54.05
2G2P5_F	GAGTGGAGTGGAAGGAGAAGGG	DENV2	70.0	55.78
2G2P5_R	CCTCTTGGTGTTGGTCTTTGC	DENV2	64.0	53.87
1G3P6_F	CAGACTAGTGGTTAGAGGAGA	DENV1	62.0	49.41
1G3P6_R	GGAATGATGCTGTAGAGACA	DENV1	58.0	48.81
1G4P217_F	ATATGCTGAAACGCGTGAG	DENV3	56.0	50.55
1G4P217_R	CATCATGAGACAGAGCGAT	DENV3	56.0	48.82
1G5P30_F	TTCCAACAAGCAGAACAACAT	DENV4	58.0	50.71
1G5P30_R	GCTACAGGCAGCACGGTTT	DENV4	60.0	55.24
MsoaiN_1_F	AAACCGCGTGTCGACTGTGC	ALL	64.0	58.5
MsoaiN_2_R	TAGGAAACGAAGGAATGCCACC	ALL	66.0	54.71
DENV1_1_LEFT_F	ACGTGGACCGACAAGAACAG	DENV1	62.0	54.52
DENV1_1_RIGHT_R	ACTATCATGTGCGGCTCTCC	DENV1	62.0	53.81
DENV1_2_LEFT_F	TGACCATGCTCCTTATGCTG	DENV1	60.0	51.85
DENV1_2_RIGHT_R	CAAGCGCCTTCAGAGGACAT	DENV1	62.0	54.6
DENV1_3_LEFT_F	CACCGACGAGACAAACGTTC	DENV1	62.0	53.96
DENV1_3_RIGHT_R	AGGGTTTGTGACTTCCGTCTT	DENV1	62.0	53.58
DENV1_4_LEFT_F	GGAAGTTGCGTCACCACCAT	DENV1	62.0	55.09
DENV1_4_RIGHT_R	CCATGTTCTGTGCTTTCATTTCC	DENV1	66.0	52.95
DENV1_5_LEFT_F	AAACTGGAAGGAAAGATAGTTCAATATGA	DENV1	76.0	53.11
DENV1_5_RIGHT_R	AGTGTGCATTGCTCCTTCTTGT	DENV1	64.0	54.81
DENV1_6_LEFT_F	TGCTGGTGACATTTAAGACAGC	DENV1	64.0	53.36
DENV1_6_RIGHT_R	TGTTGACTGGTTTTTCTTTGTCAGT	DENV1	68.0	53.79
DENV1_7_LEFT_F	GAAGGAACAGATGCACCATGC	DENV1	64.0	54.1
DENV1_7_RIGHT_R	CCATGTCAGCAGAACCCCTATTCC	DENV1	74.0	57.04
DENV1_8_LEFT_F	ACACCAGATTTTTGGAACTGCAT	DENV1	64.0	53.39
DENV1_8_RIGHT_R	TCATTTGATATTTGCTTCCACATGATGT	DENV1	74.0	54.32
DENV1_9_LEFT_F	TGAAGTTCACACTTGGACAGAGC	DENV1	68.0	55.11
DENV1_9_RIGHT_R	ACTTCCCAAATGTTCCATGCTCT	DENV1	66.0	54.46
DENV1_10_LEFT_F	GAAAAGCTGGGGAAAGGCTAAA	DENV1	64.0	53.18
DENV1_10_RIGHT_R	TGTGCTGAGATATTGGTCCTCC	DENV1	66.0	53.62
DENV1_11_LEFT_F	CCCACACTCTATGGAGCAATGG	DENV1	68.0	54.85
DENV1_11_RIGHT_R	ACTTCCCCTGACCCTGCAGA	DENV1	64.0	56.62
DENV1_12_LEFT_F	ACAGGAAAGATAATTCATGAATGGTG	DENV1	70.0	52.02
DENV1_12_RIGHT_R	AACATTGGTCTCATTTTAAAAGTGGC	DENV1	70.0	53.35
DENV1_13_LEFT_F	TATGCATCATGGTTGGAGCCAA	DENV1	64.0	54.37
DENV1_13_RIGHT_R	TTTTTGGGAGGTCGTGGACAG	DENV1	64.0	54.61
DENV1_14_LEFT_F	GCAATGGGCATTATGATTTTAAAAT	DENV1	64.0	49.86
DENV1_14_RIGHT_R	GCTATTAGCATGCCTCCAGCTA	DENV1	66.0	54.12
DENV1_15_LEFT_F	ATCTGGGGAAGGAAAAGTTGGC	DENV1	66.0	54.83
DENV1_15_RIGHT_R	CCAGATCTCTGTTTCTTTTTCTGCC	DENV1	72.0	54.44
DENV1_16_LEFT_F	AAGATAAAGGATGAAGAGAGAGATGACAC	DENV1	80.0	54.58
DENV1_16_RIGHT_R	TCTTCTCCCGTGTTCCAGGATC	DENV1	68.0	55.53
DENV1_17_LEFT_F	TGTATCAAGGGAAGAGACTGGA	DENV1	64.0	51.92
DENV1_17_RIGHT_R	ATCCTGGATGTAGGTCCATTATTGT	DENV1	70.0	53.26
DENV1_18_LEFT_F	GCTCAAGCTAAAGCATCACAAGA	DENV1	66.0	53.72
DENV1_18_RIGHT_R	TACCCTCTGGCCGCTATGCT	DENV1	64.0	56.96
DENV1_19_LEFT_F	TCTCCCGTGAGAGTTCCCAA	DENV1	62.0	54.22
DENV1_19_RIGHT_R	GTGACGACGTAGTCCCAGTCGT	DENV1	70.0	58.12
DENV1_20_LEFT_F	AAACGGGTGATTCAATTGAGCA	DENV1	62.0	53.22
DENV1_20_RIGHT_R	GCTCGAAGAGGGCTGGGATAAT	DENV1	68.0	55.98
DENV1_21_LEFT_F	CACGCTCACTGGACAGAAGCA	DENV1	66.0	57.08
DENV1_21_RIGHT_R	TCTTCTTCCTGCTGCAAACTCT	DENV1	64.0	53.95
DENV1_22_LEFT_F	CTGACAGAAGATGGTGCTTTGA	DENV1	64.0	52.75
DENV1_22_RIGHT_R	GTCACTCCACCAGTTAACACA	DENV1	62.0	51.99
DENV1_23_LEFT_F	TCCGAACAAGGAGGAAGAGCC	DENV1	66.0	55.87
DENV1_23_RIGHT_R	CCCTAAGTCTTTCTTTGTGGTT	DENV1	62.0	50.3
DENV1_24_LEFT_F	GCTGGCATATGTGGTGATAGGT	DENV1	66.0	54.29
DENV1_24_RIGHT_R	CATCAATACCGCCGCTGTCA	DENV1	62.0	55.08
DENV1_25_LEFT_F	GGACATAGGAGTTCCACTTCTCG	DENV1	70.0	54.32
DENV1_25_RIGHT_R	GCTATCGTGGTGTTCCAAAATTT	DENV1	64.0	52.37
DENV1_26_LEFT_F	ATGGGCCTTGTGCGAATCCATC	DENV1	68.0	57.61
DENV1_26_RIGHT_R	GGTTTCACAAGGTTCCTCTCCA	DENV1	66.0	54.21
DENV1_27_LEFT_F	AAGAGGAGAAACAACCAAACATG	DENV1	64.0	51.6
DENV1_27_RIGHT_R	TTTCCTCTGAGCCATGGTTCCA	DENV1	66.0	55.58
DENV1_28_LEFT_F	GTGTGATATTGGTGAGTCCTCTCC	DENV1	72.0	54.52
DENV1_28_RIGHT_R	TCTGGCCAATGATATCTAGGTTGG	DENV1	70.0	53.93
DENV1_29_LEFT_F	ACAATGGCTCACAGGAAACC	DENV1	60.0	52.54
DENV1_29_RIGHT_R	CACTTGGCTGTCACCTCCAT	DENV1	62.0	54.09
DENV1_30_LEFT_F	CTACACCCTTTGGACAACAGAG	DENV1	66.0	52.76
DENV1_31_LEFT_F	TGTGTTTACAACATGATGGGGAA	DENV1	64.0	52.55
DENV1_31_RIGHT_R	TTTTTGCTGGTCTCTGTACCC	DENV1	62.0	52.28
DENV1_32_LEFT_F	AGAATGAGGCCAAAATTACTGACA	DENV1	66.0	52.68
DENV1_32_RIGHT_R	TCAGAGCTGTTAAGGCTGTTGC	DENV1	66.0	55.28
DENV1_33_LEFT_F	TGAAAAGAATGGCAATCAGCGG	DENV1	64.0	54.27
DENV1_33_RIGHT_R	AACTGGAACGGCTGAACAGAT	DENV1	62.0	54.03
DENV1_34_LEFT_F	TATGCACAAATGTGGCAGCTGA	DENV1	64.0	55.23
DENV1_34_RIGHT_R	TCTTGAATCTCTTCATTGATGTCATGT	DENV1	72.0	53.15
DENV1_35_LEFT_F	CTGGGCCACCAACATACAAGT	DENV1	64.0	54.62
DENV1_35_RIGHT_R	AGGGGTCTCCTCTAACCACTAG	DENV1	68.0	53.71
DENV2_1_LEFT_F	CGTGGACCGACAAAGACAGA	DENV2	62.0	54.24
DENV2_1_RIGHT_R	TGACGATCATGTGTGGTTCTCC	DENV2	66.0	54.51
DENV2_2_LEFT_F	GCTGAACATCTTGAACAGGAGAC	DENV2	68.0	53.76
DENV2_2_RIGHT_R	TGATGACATCCATGTTTCAGTTCG	DENV2	68.0	53.75
DENV2_3_LEFT_F	ACGTCCACATGGGTAACTTATGG	DENV2	68.0	54.43
DENV2_3_RIGHT_R	TTTTTCGCCATCGTCGTCAC	DENV2	60.0	53.88
DENV2_4_LEFT_F	TCACTCCTTCAATGACAATGCG	DENV2	64.0	53.46
DENV2_4_RIGHT_R	CCTTCCATGTTCTTTTTGCATGTGA	DENV2	70.0	54.8
DENV2_5_LEFT_F	AGGACAAAAGGTTCGTCTGCAA	DENV2	64.0	54.78
DENV2_5_RIGHT_R	AACGGCAGGTCTAGGAACCATT	DENV2	66.0	55.67
DENV2_6_LEFT_F	GGCCTCGACTTCAATGAGATGG	DENV2	68.0	55.23
DENV2_6_RIGHT_R	ACTATTGTTCCATGTTGTGTTTCTG	DENV2	68.0	52.36
DENV2_7_LEFT_F	AGGAAACTTACTGTTCACAGGA	DENV2	62.0	51.01
DENV2_7_RIGHT_R	GTTGTCTCAAACATTTGGCCGA	DENV2	64.0	54.16
DENV2_8_LEFT_F	AGAAGCAGAACCTCCATTCGGA	DENV2	66.0	55.43
DENV2_8_RIGHT_R	AGCTCACAACGCAACCACTATC	DENV2	66.0	55.38
DENV2_9_LEFT_F	CACATGGATAGGAATGAACTCACG	DENV2	70.0	53.65
DENV2_9_RIGHT_R	TCGTTTTCCTGCCTGCATGATT	DENV2	64.0	55.23
DENV2_10_LEFT_F	TGTGGAAACAAATAACACCAGAATTGA	DENV2	72.0	54.11
DENV2_10_RIGHT_R	TAACCCATATCGGCATGGACGG	DENV2	68.0	56.33
DENV2_11_LEFT_F	CCCAACACAAACAGAGCTTGGA	DENV2	66.0	55.36
DENV2_11_RIGHT_R	AGTCCATCTCAAGCTTGCCTAG	DENV2	66.0	53.91
DENV2_12_LEFT_F	GGACCAGTGTCACAGCACAA	DENV2	62.0	54.66
DENV2_12_RIGHT_R	CATGTTTCGTTCCTACTCGGGT	DENV2	66.0	54.52
DENV2_13_LEFT_F	TACAGAGGTGAGGATGGATGCT	DENV2	66.0	54.31
DENV2_13_RIGHT_R	GGTGGTCATCATCAATTCCTTGG	DENV2	68.0	53.71
DENV2_14_LEFT_F	TATCTTGCCCTACTAGCAGCCT	DENV2	66.0	54.39
DENV2_14_RIGHT_R	AAAATGGCTGTTGGATTGAGAC	DENV2	62.0	51.62
DENV2_15_LEFT_F	ACTGGCAGTGGTGTCCGTTT	DENV2	62.0	56.36
DENV2_15_RIGHT_R	TCTTTATCGACATGCTGCCATCT	DENV2	66.0	54.25
DENV2_16_LEFT_F	AGCAAGAAAAGGAGCTGGCC	DENV2	62.0	55.03
DENV2_16_RIGHT_R	CCCGTTGTTTCTTCACTTCCCA	DENV2	66.0	55.11
DENV2_17_LEFT_F	TCAATACCAATCACGGCAGCAG	DENV2	66.0	55.42
DENV2_17_RIGHT_R	GGTTTCGTTTGGACGGCTCT	DENV2	62.0	55.13
DENV2_18_LEFT_F	GGAAGCTAGAAGGAGAATGGAAGG	DENV2	72.0	54.47
DENV2_18_RIGHT_R	TTATGGCTTCTCTGACTATGGC	DENV2	64.0	51.77
DENV2_19_LEFT_F	AGTGCTATAGCCCAGACTGAAAA	DENV2	66.0	53.48
DENV2_19_RIGHT_R	GTTGAGATGTATCCTCTAGCTGCT	DENV2	70.0	53.77
DENV2_20_LEFT_F	ACCATGAGGCTGCTATCACCA	DENV2	64.0	55.24
DENV2_20_RIGHT_R	CACGAAGTCCCAATCATTGGTTC	DENV2	68.0	54.3
DENV2_21_LEFT_F	TGGGTCACGGATTTTAAAGGGA	DENV2	64.0	53.62
DENV2_21_RIGHT_R	GTGCACAGTCTTCATCATTTTCCA	DENV2	68.0	54.13
DENV2_22_LEFT_F	AGCACAAAGAAGAGGGAGAATAGG	DENV2	70.0	54.08
DENV2_22_RIGHT_R	TCCTTTCCCCTTCTTTTGTCCA	DENV2	64.0	53.42
DENV2_23_LEFT_F	TGTGGACCTAATGAGAAGAGGAGA	DENV2	70.0	54.18
DENV2_23_RIGHT_R	CGGCAGTTCACTGAGAGCAT	DENV2	62.0	54.63
DENV2_24_LEFT_F	AGGAATTTGCAGCTGGAAGAAA	DENV2	62.0	52.82
DENV2_24_RIGHT_R	GTTCTCTGTTTTTCTGGTTCTGG	DENV2	66.0	52.01
DENV2_25_LEFT_F	GCACAAATACAACCACACTGGA	DENV2	64.0	53.53
DENV2_25_RIGHT_R	CCCATTAACACTGTGGCTTGGT	DENV2	66.0	55.13
DENV2_26_LEFT_F	AGATCTACGTCCTGCATCAGC	DENV2	64.0	53.85
DENV2_26_RIGHT_R	TGCTTTTCAAACTTTGGATCATAGGGT	DENV2	74.0	55.52
DENV2_27_LEFT_F	CGGGCATCATGAAAAACCCAAC	DENV2	66.0	55.13
DENV2_27_RIGHT_R	AATTCACTTTTCCCCAGTGCGT	DENV2	64.0	55.07
DENV2_28_LEFT_F	CCGGAGCTGGACTTCTCTTTTC	DENV2	68.0	55.11
DENV2_28_RIGHT_R	ATGTTGACATGGGGATGGGTTC	DENV2	66.0	54.63
DENV2_29_LEFT_F	GGGGCTGGTCATACTATTGTGG	DENV2	68.0	54.56
DENV2_29_RIGHT_R	ACCCAGTACATCTCATGTGTGGA	DENV2	68.0	55.03
DENV2_30_LEFT_F	ACACCCAATTTTGCATAAAGGTTCT	DENV2	68.0	53.89
DENV2_30_RIGHT_R	TGTTTTGTTTCATAGCTGCCATGG	DENV2	68.0	54.65
DENV2_31_LEFT_F	CAAGAGCATGAAACATCATGGCA	DENV2	66.0	54.25
DENV2_31_RIGHT_R	TGTTCTCATCAGTGAATATGGCCC	DENV2	70.0	54.7
DENV2_32_LEFT_F	ACCCAAGAACCGAAAGAAGGC	DENV2	64.0	54.94
DENV2_32_RIGHT_R	TCATTCAAGAATCCTAGGGCTTCA	DENV2	68.0	53.46
DENV2_33_LEFT_F	AAGGCAAAAGGCAGCAGAGC	DENV2	62.0	55.99
DENV2_33_RIGHT_R	CCTCTTTGGTCTCTTCTCGATATGA	DENV2	72.0	53.74
DENV2_34_LEFT_F	ACAAACCACATGGAAGGAGAACA	DENV2	66.0	54.36
DENV2_34_RIGHT_R	AACCTTTCCCATGTCATTTAGAGC	DENV2	68.0	53.33
DENV2_35_LEFT_F	TATCAAGAATGGCCATCAGTGG	DENV2	64.0	52.26
DENV2_35_RIGHT_R	GTTGTTCGACTTGTTGGAACCC	DENV2	66.0	54.46
DENV2_36_LEFT_F	TGTACTTCCACAGACGTGACCT	DENV2	66.0	55.08
DENV2_36_RIGHT_R	CCTGCCTCTTCCTCTTCTCTTC	DENV2	68.0	53.94
DENV2_37_LEFT_F	GTCAGATCCCTTATAGGCAATGAGG	DENV2	74.0	54.58
DENV2_37_RIGHT_R	TACAGCTTCATCTCACCTTGGG	DENV2	66.0	53.83
DENV3_1_LEFT_F	CGTGGACCGACAAGAACAGTTT	DENV3	66.0	55.52
DENV3_1_RIGHT_R	TCATCATGAGACAGAGCGATGTC	DENV3	68.0	54.4
DENV3_2_LEFT_F	AGAAGTCGGGGGCTATTAAGGT	DENV3	66.0	54.57
DENV3_2_RIGHT_R	GATCTCTTGTCGCGTCTATGCT	DENV3	66.0	54.52
DENV3_3_LEFT_F	CCTGAAGACATTGACTGCTGGT	DENV3	66.0	54.65
DENV3_3_RIGHT_R	GTGTTCGAGCACCACGTCAA	DENV3	62.0	55.48
DENV3_4_LEFT_F	GAGATGTGTGGGAGTAGGAAACA	DENV3	68.0	53.78
DENV3_4_RIGHT_R	GAGGTTCTCATGTTGCACCACT	DENV3	66.0	54.92
DENV3_5_LEFT_F	GGGAAACGGTTGTGGTTTGTTT	DENV3	64.0	54.5
DENV3_5_RIGHT_R	ACAAGAAGCTCTTTCCTGTTCCA	DENV3	66.0	54.12
DENV3_6_LEFT_F	TGGATGGTACATAGGCAATGGTT	DENV3	66.0	53.74
DENV3_6_RIGHT_R	TTTCCCTTGTCCATCCTCTGTG	DENV3	66.0	53.99
DENV3_7_LEFT_F	TGAATACCTTTGTGTTGAAGAAAGAAGT	DENV3	74.0	53.86
DENV3_7_RIGHT_R	TGGTGCACCATTTTCCCTAATGA	DENV3	66.0	54.46
DENV3_8_LEFT_F	TCGATTGGGAAGATGTTCGAGG	DENV3	66.0	54.31
DENV3_8_RIGHT_R	GTATTGCTCTGTCCAGGTGTGG	DENV3	68.0	55.08
DENV3_9_LEFT_F	ACATGGGGTGTGTCATAAACTGG	DENV3	68.0	54.83
DENV3_9_RIGHT_R	TTGGCCCATCTATTATGAAAGAGGA	DENV3	70.0	53.52
DENV3_10_LEFT_F	CCACAGCCCATGGAGCTAAAAT	DENV3	66.0	54.98
DENV3_10_RIGHT_R	CATGTCACTCTCTAGCACACCA	DENV3	66.0	53.9
DENV3_11_LEFT_F	AGAAAAAGCATCCCTCATAGAGGT	DENV3	68.0	53.45
DENV3_11_RIGHT_R	AGACTTTACCATGTTCTCTTCTTTCTCA	DENV3	76.0	54.35
DENV3_12_LEFT_F	ACACTTCCTCCCCTGCGATA	DENV3	62.0	54.36
DENV3_12_RIGHT_R	AGGAAGAATCCCAAAGCCAAGA	DENV3	64.0	53.57
DENV3_13_LEFT_F	TAATGATTGGGTCCAACGCCTC	DENV3	66.0	54.78
DENV3_13_RIGHT_R	AGCCAATCTGTTTTCCTCATGCT	DENV3	66.0	54.81
DENV3_14_LEFT_F	GTTGACTGTTGCCTGGAGAACA	DENV3	66.0	55.13
DENV3_14_RIGHT_R	TGGGACACTCCTGTTTGCTC	DENV3	62.0	54.03
DENV3_15_LEFT_F	TACGTCATAACTGGCACGTCAG	DENV3	66.0	54.65
DENV3_15_RIGHT_R	TCCTTCTTTCTGTACTCCAACCC	DENV3	68.0	53.69
DENV3_16_LEFT_F	ACACAGAAAGCAGAACTGGAAGA	DENV3	66.0	54.16
DENV3_16_RIGHT_R	AGTCCCACTACCTTTCCCTCTC	DENV3	68.0	54.52
DENV3_17_LEFT_F	GGGGAAATAGGAGCAATTGCAC	DENV3	66.0	54.04
DENV3_17_RIGHT_R	TCCTGTGTGTTCAGATTTTGTTGC	DENV3	68.0	54.56
DENV3_18_LEFT_F	TAATTTTGGCACCGACAAGGGT	DENV3	64.0	54.79
DENV3_18_RIGHT_R	ATTGCCTGAATTCCATGAGCGT	DENV3	64.0	55.01
DENV3_19_LEFT_F	GAAGCCTTTCCCCAGAGCAA	DENV3	62.0	54.35
DENV3_19_RIGHT_R	TCGCTACGGTGACTGGCATT	DENV3	62.0	56.06
DENV3_20_LEFT_F	ACCCAAGAAGATGTCTCAAGCC	DENV3	66.0	54.35
DENV3_20_RIGHT_R	TTTGATCCCTTCTGAGGCTACTTT	DENV3	68.0	53.65
DENV3_21_LEFT_F	CTGAAGGGTGAGTCCAGGAAGA	DENV3	68.0	55.09
DENV3_21_RIGHT_R	ACTGCATGCCTGTAAGCCCT	DENV3	62.0	55.88
DENV3_22_LEFT_F	TAGCCCACAGAACGAGAAACG	DENV3	64.0	54.57
DENV3_22_RIGHT_R	CATTTCATTGGCTGCTACTATTGCA	DENV3	70.0	54.53
DENV3_23_LEFT_F	AGAGAACTCCCCAAGACAACCA	DENV3	66.0	54.9
DENV3_23_RIGHT_R	GTGGGTTCACTTGTGAATAGCAA	DENV3	66.0	53.55
DENV3_24_LEFT_F	TGGGTTTAGACAAAGGATGGCC	DENV3	66.0	54.57
DENV3_24_RIGHT_R	AGGTGATCCTTCCCAGAGTGTT	DENV3	66.0	54.68
DENV3_25_LEFT_F	CAACTTTTGTTAATGAGAACATCATGGG	DENV3	76.0	53.97
DENV3_25_RIGHT_R	TCCACGAACCATTGAAGTTTTGC	DENV3	66.0	54.66
DENV3_26_LEFT_F	AGTGGATAGAACAGAAGCCAAAGA	DENV3	68.0	53.68
DENV3_26_RIGHT_R	TGGTTCAACCATCTTCAAAACTCTT	DENV3	68.0	53.33
DENV3_27_LEFT_F	ACCCTATTGTGTGACATTGGAGA	DENV3	66.0	53.38
DENV3_27_RIGHT_R	TCCATGTTGGGTGTTTCTGGTT	DENV3	64.0	54.34
DENV3_28_LEFT_F	ACAGGAGACCCACCATAGAGAA	DENV3	66.0	53.88
DENV3_28_RIGHT_R	TCCGCTGTGATCTCCATAACCT	DENV3	66.0	54.96
DENV3_29_LEFT_F	GGCCAGCAAAGAGTTTTTAAAGAGA	DENV3	70.0	54.28
DENV3_30_LEFT_F	AACATGATGGGCAAGAGAGAGAA	DENV3	66.0	53.72
DENV3_30_RIGHT_R	GGTCGTTGGACTTTGACCACTT	DENV3	66.0	55.14
DENV3_31_LEFT_F	AGCAAATGGACCCTGAACACAG	DENV3	66.0	55.15
DENV3_31_RIGHT_R	TTCCCATATCGTTCAGGGCAAG	DENV3	66.0	54.5
DENV3_32_LEFT_F	AAAAGAATGGCCATCAGCGGG	DENV3	64.0	55.68
DENV3_32_RIGHT_R	CCCAATGGACTGGTACTGCTGA	DENV3	68.0	56.03
DENV3_33_LEFT_F	GGGAAAGCCTACGCTCAAATGT	DENV3	66.0	55.32
DENV3_33_RIGHT_R	TCATCGAAGGCATGTAGTCCAG	DENV3	66.0	54.04
DENV3_34_LEFT_F	GTCTCACTTCCAGAGCAACCTG	DENV3	68.0	55.04
DENV3_34_RIGHT_R	TTGTGTCATGGGAGGGGTCT	DENV3	62.0	54.43
DENV3_35_LEFT_F	CACCTTAAGCCACAGTACGGAA	DENV3	66.0	54.42
DENV3_35_RIGHT_R	CAGCACCATTCCATTTTCTGGC	DENV3	66.0	54.85
DENV4_1_LEFT_F	GACCGACAAGGACAGTTCCA	DENV4	62.0	53.8
DENV4_1_RIGHT_R	AGAGGTCTCCCCCTTTCRTGTT	DENV4	67.0	55.8
DENV4_2_LEFT_F	ACCGTAATGGCGTTTCACTTGT	DENV4	64.0	55.21
DENV4_2_RIGHT_R	GGTTTCTGAGTATCCAGCTCTCTAC	DENV4	74.0	54.29
DENV4_3_LEFT_F	CATTCAGGAATGGGATTGGAAACA	DENV4	68.0	53.54
DENV4_3_RIGHT_R	GTGGTTATGTTTGATATTGAGGCTTCA	DENV4	74.0	54.16
DENV4_4_LEFT_F	ATGGCCCAGGGAAAACCAAC	DENV4	62.0	54.87
DENV4_4_RIGHT_R	CCGATGGTGACCTGGGAGTTAT	DENV4	68.0	55.56
DENV4_5_LEFT_F	TCCACAATGGAGACACCCATG	DENV4	64.0	54.06
DENV4_5_RIGHT_R	CCATCACCGGAATCCACTTCTG	DENV4	68.0	55.15
DENV4_6_LEFT_F	GTTCACTGGAATCACAAAGAGAGAA	DENV4	70.0	53.31
DENV4_6_RIGHT_R	TGGTATTCTCAGCAAAAGGGGT	DENV4	64.0	53.59
DENV4_7_LEFT_F	ACAGCATGGGACAACAGTGGT	DENV4	64.0	56.23
DENV4_7_RIGHT_R	CATCCATGAGACTCCTCCAAACA	DENV4	68.0	54.08
DENV4_8_LEFT_F	TTGGTTCCGTTGGTGGACTG	DENV4	62.0	54.64
DENV4_8_RIGHT_R	ATTTTCCAGCCTCGTGGTTGAT	DENV4	64.0	54.59
DENV4_9_LEFT_F	ATTTCAACCAGAGTCTCCAGCG	DENV4	66.0	54.75
DENV4_9_RIGHT_R	CCATATGTTGGTCGTGAACATGC	DENV4	68.0	54.71
DENV4_10_LEFT_F	GAATGCCCCAATGAACGAAGAG	DENV4	66.0	54.11
DENV4_10_RIGHT_R	AATTTGCCCAAGTGCCATGG	DENV4	60.0	53.81
DENV4_11_LEFT_F	CATATGCAGGCCCTTTTTCACA	DENV4	64.0	53.61
DENV4_11_RIGHT_R	TCTTCTCCTCAAGCATTCTTCCAC	DENV4	70.0	54.6
DENV4_12_LEFT_F	AAGAGAACATGGTCAAATCACAGG	DENV4	68.0	53.3
DENV4_12_RIGHT_R	AGTTCCATAAGGTCATGTGGAATTG	DENV4	70.0	53.35
DENV4_13_LEFT_F	ACTCACTTCAAGAGAGACAGCAC	DENV4	68.0	54.37
DENV4_13_RIGHT_R	CAGCCATTATGCCCTCGTTAAG	DENV4	66.0	53.65
DENV4_14_LEFT_F	CAAGCTCTGCCAGTGTACCTAA	DENV4	66.0	54.14
DENV4_14_RIGHT_R	GGAATTGCCAAGGGGTAGAGAC	DENV4	68.0	54.76
DENV4_15_LEFT_F	GACGTCGAGGAAACCAACATGA	DENV4	66.0	55.07
DENV4_15_RIGHT_R	CATTTGTCTCCGAGCCTCCATC	DENV4	68.0	55.23
DENV4_16_LEFT_F	TGGGAGATTGGAGCCATCTTGG	DENV4	68.0	56.06
DENV4_16_RIGHT_R	CTCCGGGATGTAAGTCCATTATAGT	DENV4	72.0	53.5
DENV4_17_LEFT_F	CCGAAAGAATTGGTGAGCCAGA	DENV4	66.0	54.99
DENV4_17_RIGHT_R	TATCCTCTAGCCGCGACACT	DENV4	62.0	54.33
DENV4_18_LEFT_F	TGTCATCAACCAGGGTTCCAAA	DENV4	64.0	54.08
DENV4_18_RIGHT_R	CCACAAAATCCCAGTCCGTGAG	DENV4	68.0	55.61
DENV4_19_LEFT_F	AATTGTTTGAGAAAGTCGGGAAAGA	DENV4	68.0	53.43
DENV4_19_RIGHT_R	CAAACAATGTTGGAATGATCCCTTC	DENV4	70.0	53.23
DENV4_20_LEFT_F	TCTCCGGAGACCCACTAAAGAA	DENV4	66.0	54.21
DENV4_20_RIGHT_R	AATCCTTCAAAGCCATGGGGTC	DENV4	66.0	54.89
DENV4_21_LEFT_F	AGGTTGAAATTTGGACTAGAGAGGG	DENV4	72.0	54.23
DENV4_21_RIGHT_R	ACCCAAAGCAAGCCACTAGC	DENV4	62.0	55.04
DENV4_22_LEFT_F	CAACACGCCCTGAACGAACT	DENV4	62.0	55.44
DENV4_22_RIGHT_R	TCCACATCAAGGATGGTGGTTT	DENV4	64.0	53.86
DENV4_23_LEFT_F	TCAATTGATCTACGTCATATTGACCATT	DENV4	74.0	53.31
DENV4_23_RIGHT_R	CCTGGGCCTATTATTGCATAATGGA	DENV4	72.0	54.74
DENV4_24_LEFT_F	TGGGATGCTATTCTCAAGTGAACC	DENV4	70.0	54.64
DENV4_24_RIGHT_R	AGCTTCCCCTGAAAATGTTGGC	DENV4	66.0	55.72
DENV4_25_LEFT_F	TCTGCGAAGTCTTGACTTTGGC	DENV4	66.0	55.57
DENV4_25_RIGHT_R	TGGCTTTACCATCCCTCTTTCAA	DENV4	66.0	53.87
DENV4_26_LEFT_F	CCAAGTCTGCCCTGAAAGATGG	DENV4	68.0	55.3
DENV4_26_RIGHT_R	AGAATTCAGGTTTTGAAGAGAGCCA	DENV4	70.0	54.64
DENV4_27_LEFT_F	TGGGGAGTCATCTTCTAATCCAAC	DENV4	70.0	53.81
DENV4_27_RIGHT_R	AGCCTTCTCCCAATGATTGTCA	DENV4	64.0	53.68
DENV4_28_LEFT_F	ACCCACTTATGAGAAGGACGTAGA	DENV4	70.0	54.53
DENV4_28_RIGHT_R	CCACAACCAATTGGCTGTCG	DENV4	62.0	54.34
DENV4_29_LEFT_F	CCTTTTGGGCAACAAAGAGTGT	DENV4	64.0	53.94
DENV4_29_RIGHT_R	CAAATTCCAGAAACCGCGCTC	DENV4	64.0	55.06
DENV4_30_LEFT_F	TGGGAAAACGTGAGAAAAAGTTAGG	DENV4	70.0	54.01
DENV4_30_RIGHT_R	CATCACTGCTCCTTTCGGTGTG	DENV4	68.0	55.97
DENV4_31_LEFT_F	AACTGATCACGGAACAGATGGC	DENV4	66.0	55.08
DENV4_31_RIGHT_R	CTCACCTTTCCCATGTCGTTCA	DENV4	66.0	54.67
DENV4_32_LEFT_F	CAACTCATCCGCCAAATGGAAG	DENV4	66.0	54.36
DENV4_32_RIGHT_R	TCTCTTAAGCTCCATCCAGCCC	DENV4	68.0	55.55
DENV4_33_LEFT_F	CCGCTCACTGGTTGTTCCAT	DENV4	62.0	54.79
DENV4_33_RIGHT_R	AGTCCAATCAGGGATCCACACC	DENV4	68.0	55.73
DENV4_34_LEFT_F	CAAAACTCCAGTTCATTCGTGGG	DENV4	68.0	54.49
DENV4_34_RIGHT_R	TCTCCTCTAACCGCTAGTCCAA	DENV4	66.0	54.04
DENV4_35_LEFT_F	TCAGGAACCTGATCGGGAAAGA	DENV4	66.0	54.81
DENV4_35_RIGHT_R	CTGGTCTTTCCCAGCGTCAATA	DENV4	66.0	54.47
D4_F	TTGTCCTAATGATGCTRGTCG	DENV4	61.0	50.89
DUL_F	TGGCTGGTGCACAGACAATGGTT	ALL	70.0	59.25
DU_R	GCTGTGTCACCCAGAGTGGCCAT	ALL	74.0	60.98
D1L_F	GGGGCTTCAACATCCCAAGAG	DENV1	66.0	55.06
D1_R	GCTTAGTTTCAAAGCTTTTTCAC	ALL	62.0	49.84
D2L_F	ATCCAGATGTCATCAGGAAAC	DENV2	60.0	49.52
D2_R	CCGGCTCTACTCCTATGATG	ALL	62.0	50.93
D3L_F	CAATGTGCTTGAATACCTTTGT	DENV3	60.0	49.73
D3_R	GGACAGGCTCCTCCTTCTTG	DENV3	64.0	53.9
D4L_F	GGACAACAGTGGTGAAAGTCA	DENV4	62.0	52.54
D4_R	GGTTACACTGTTGGTATTCTCA	DENV4	62.0	49.92
DencomR2_R	GCNCCTTCDGMNGACATCC	ALL	61.67	54.51
D2C_R	CGTGTTATTTTGATTTCCTTG	DENV2	56.0	46.17
DENV1_SP1_F	CCGGGGGCATTGTAGGTCA	DENV1	62.0	55.77
DENV1_SP2_F	TATCATGTGTGGCTCTCCYCCTC	DENV1	71.0	56.31
DENV1_SP3_F	CTTTGATYGCTCCATTCTTCTTGA	DENV1	67.0	52.67
DENV1_SP4_R	CACCAATGGATGACAACAGAAG	DENV1	64.0	51.78
DENV1_SP5_R	CACCTGGGCCACCAACATACAA	DENV1	68.0	57.07
DENV2_SP1_F	CCTTTCTCCTGCCTACCAACGAT	DENV2	70.0	56.28
DENV2_SP2_F	TGTTCAAGCATCCTTCCAATCTC	DENV2	66.0	53.08
DENV2_SP3_F	CGTTCCCCATCTTTTYAGTATCC	DENV2	67.0	52.21
DENV2_SP4_R	AGAACATCCAAACAGCAATAAATC	DENV2	64.0	50.37
DENV2_SP5_R	AAGGGAAGAGGAAGAGGCAGGTGT	DENV2	74.0	59.02
DENV3_SP1_F	GGTRATRTGGGGGCATTTGTAAG	DENV3	68.0	53.72
DENV3_SP2_F	GGGCTCTCCATCTCGTGAAG	DENV3	64.0	54.13
DENV3_SP3_F	GACTTCTTGAAGGTTCCCCATC	DENV3	66.0	52.78
DENV3_SP4_R	GAAGGAGGAGGARTCGGAGGG	DENV3	69.0	56.29
DENV3_SP5_R	GCCTGTGAGCCCCGTCTAAG	DENV3	66.0	56.78
DENV4_SP1_F	TTGTTGATCCCCTCTGTTGTYT	DENV4	63.0	52.7
DENV4_SP2_F	CCCTTTCATGTTTTGCCACTATCA	DENV4	68.0	53.83
DENV4_SP3_F	GTGGGATGGAAGRRACTCGCA	DENV4	66.0	56.36
DENV4_SP4_R	GCAAACCGTGCTGCCTGTA	DENV4	60.0	55.55
DENV4_SP5_R	GGACTTTCTTCYAGAGCCACCTG	DENV4	71.0	55.76
DENV1_1_F	TACGTGGACCGACAAGAACAGTTTCG	DENV1	78.0	59.27
DENV1_2_R	TGCACATATTGACACCTACAGAGGTC	DENV1	76.0	56.51
DENV1_3_F	AACATAATGAACAGGAGGAAAAGATCCGTGAC	DENV1	90.0	59.1
DENV1_4_R	TGAGTGATGGATGTTCCTATGGCATGTG	DENV1	82.0	58.79
DENV1_5_F	AGACTTGGGCTTTGCGACACCCAG	DENV1	76.0	61.41
DENV1_6_R	TCTTGTTCTTCCACCAGTGTAGCTTCTC	DENV1	82.0	58.39
DENV1_7_F	ATTGAACTCTTGAAAACGGAGGTCACGAAC	DENV1	86.0	59.75
DENV1_8_R	CTTTGTCAGTAACTATAGGATTGGCTG	DENV1	76.0	53.83
DENV1_9_F	GTGGCTGAGACCCAGCATGGAAC	DENV1	74.0	59.75
DENV1_10_R	GCATCTCCTACAACCACTGTGAATTTCATGTC	DENV1	92.0	59.9
DENV1_11_F	TTCTGCTGACATGGTTGGGATTAAATTCAAGG	DENV1	90.0	59.63
DENV1_12_R	GTACCTTCACACACATCAAAATCCAATTCC	DENV1	84.0	57.2
DENV1_13_F	GCTGAAATTGCGTGACTCCTACACCC	DENV1	80.0	60.07
DENV1_14_R	CTGAGACATTGGCTCCAACCATGATGC	DENV1	82.0	60.12
DENV1_15_F	GAGAATCTAGTCAGGTCAATGGTCTCTGC	DENV1	86.0	58.46
DENV1_16_R	TGGACCTCCACTAGTATGTTGTGTGAGG	DENV1	84.0	59.3
DENV1_17_F	CCTTTGGATGCAAACCACTAACCATGTTTC	DENV1	86.0	59.18
DENV1_18_R	CCCTTCTTGTGATGCTTTGGCTTG	DENV1	72.0	56.97
DENV1_19_F	AGGCGAAGTTGGAGCCATAGCTCTAG	DENV1	80.0	59.9
DENV1_20_R	CGCTCTGGACCATCCTTTAGTATTACC	DENV1	80.0	56.82
DENV1_21_F	GGCTACGACTGGATCACTGATTTTCC	DENV1	78.0	57.59
DENV1_22_R	GTTTTCCTATTTCCAATATTAGGTCACCTG	DENV1	82.0	54.59
DENV1_23_F	GGAAAGGAACAACCAGGTGTTGGAGGAG	DENV1	86.0	60.99
DENV1_24_R	TAACATCAACACCGCCGCTGTCAGTGTC	DENV1	86.0	62.99
DENV1_25_F	GAAAACCACCACCATGCTACAATGC	DENV1	74.0	57.38
DENV1_26_R	TAGGTGTTAAATTCTGACTTGCTCAGTTGG	DENV1	84.0	57.51
DENV1_27_F	GTTACTGATACTTTGTACATCACAGATTCTC	DENV1	84.0	54.47
DENV1_28_R	TCCACTGCCACATGTCTTGTTCC	DENV1	70.0	57.23
DENV1_29_F	GGTTTCATGTGGAACAGGAAACATTGTGTC	DENV1	86.0	59.14
DENV1_30_R	CTCCCTCTCTCTGTGCACGAGATC	DENV1	76.0	58.14
DENV1_31_F	ACACCAAGAGCAAAACGAGGCACAGC	DENV1	80.0	62.21
DENV1_32_R	GATTGGGAGTTTCCAATTCGCTAGGTAAAAAG	DENV1	90.0	58.58
DENV1_33_F	GATACATACTCAGAGACATATCAAAGATTCCG	DENV1	88.0	55.56
DENV1_34_R	GGCATGGCACCACTATTTCCCTC	DENV1	72.0	57.72
DENV1_35_F	CGAATTGGAAACTCCCAATCTAGCTAAGAG	DENV1	86.0	57.53
DENV1_36_R	CTATTTTCCTTTATTTCATGAGTGTGTTGGC	DENV1	84.0	55.97
DENV1_37_F	GAGAAGGCTCATCGGGAATGAGAATTATCTAG	DENV1	92.0	58.39
DENV1_38_R	TGATTCAACGGCACCATTCCATTTTCTGGC	DENV1	88.0	62.05
DENV2_1_F	AGTTGTTAGTCTACGTGGACCGACAAAG	DENV2	82.0	58.67
DENV2_2_R	CCTTCCAATCTCTTTCCTAAAGCCTCTC	DENV2	82.0	57.01
DENV2_3_F	GTTTCCTAACAATCCCACCAACAGC	DENV2	74.0	56.57
DENV2_4_R	CCATGTTCTAAGACTATGTCAACCCAGC	DENV2	82.0	57.49
DENV2_5_F	CCATAGGAACAACATATTTCCAAAGAGTCCTG	DENV2	90.0	57.8
DENV2_6_R	GATCCTAAAACAACAACATCCTGTTTCTTCG	DENV2	86.0	57.32
DENV2_7_F	TCAGGGGAAGAGAATGCAGTTGGAAATG	DENV2	82.0	59.1
DENV2_8_R	TCGAACATTTGGCCGATTGAGCTTC	DENV2	74.0	58.4
DENV2_9_F	CAACATGGAACAATAGTTATCAGAGTACAATATG	DENV2	90.0	55.19
DENV2_10_R	CCTGCCTGCATGATTCCTTTGATGTC	DENV2	78.0	58.5
DENV2_11_F	ACCGGGACAACTGAAGCTCAGC	DENV2	70.0	59.1
DENV2_12_R	CATCCTGCCTTTCTTTCAACTTCAGC	DENV2	76.0	56.99
DENV2_13_F	CAACACAAACAGAGCTTGGAACTCACTAG	DENV2	84.0	58.29
DENV2_14_R	CTTTCCATGCATTTTGTAGTATCACTGCATTTGG	DENV2	94.0	59.42
DENV2_15_F	GACCTCCAAGGAATTGATGATGACC	DENV2	74.0	55.46
DENV2_16_R	GCCCATGATGGTTCAATCCTCTTCC	DENV2	76.0	57.67
DENV2_17_F	CAAGCAGAAAGGGATTCTTGGATACTC	DENV2	78.0	55.81
DENV2_18_R	ACCCATTCATGTCCAGAATTCCACG	DENV2	74.0	57.33
DENV2_19_F	AGAACATTAATCCTGGCCCCTACTAGAG	DENV2	82.0	57.21
DENV2_20_R	TTCACGCTCTGGTTCAAACATGCTGGG	DENV2	82.0	61.73
DENV2_21_F	AGCAATGCACCAATCATGGATGAGGAAAG	DENV2	84.0	59.88
DENV2_22_R	AAGCGTCAGCAAAAGCAATGTCTCCAG	DENV2	80.0	60.43
DENV2_23_F	GAAAATCCCTGACCCTGAATCTAATCAC	DENV2	80.0	55.73
DENV2_24_R	TTCTTCATGATGGAAAAGAGAAGTCCAGC	DENV2	82.0	57.46
DENV2_25_F	CACAGCAGCCCTTCTTTTATTGGTAGCAC	DENV2	86.0	60.27
DENV2_26_R	CAAGTTTAGGACTCTGAGTGTTCGTCCTGC	DENV2	90.0	60.82
DENV2_27_F	TGGACTTCTCTTTTCCATCATGAAGAACAC	DENV2	84.0	57.51
DENV2_28_R	GATGCTGATCCAGTCTGTTTTGTTTCG	DENV2	78.0	57.19
DENV2_29_F	CACCAAACCTAGACATAATTGGAAAAAGAATAG	DENV2	88.0	55.45
DENV2_30_R	GTCACCATTTCTTCATTTTTTAAGTCCTCTAG	DENV2	86.0	55.28
DENV2_31_F	GGCACGAAGAAACTAATGAAAATCACGG	DENV2	80.0	57.55
DENV2_32_R	TGAAGGTTCCCATTGTTGTATGTCTTTCC	DENV2	82.0	57.6
DENV2_33_F	GGCGTGAGAGGTTATCAAGAATGGC	DENV2	76.0	58.0
DENV2_34_R	TTAATTCTGCCTTCTACCACAAGACCC	DENV2	78.0	56.77
DENV2_35_F	ATCCAAACAGCAATAAACCAAGTCAGATCC	DENV2	84.0	57.98
DENV2_36_R	ATGATGCTGAGGAGACAGCAGG	DENV2	68.0	56.18
DENV3_1_F	AGTTGTTAGTCTACGTGGACCGACAAG	DENV3	80.0	58.41
DENV3_2_R	CTCGTGAAGTCAAGTGGAAAGCAAGTG	DENV3	80.0	58.63
DENV3_3_F	GCCAGATGGGGAACCTTCAAGAAGTC	DENV3	80.0	59.3
DENV3_4_R	CTTCCTTAGGGTCGCCAGTTGGGTG	DENV3	80.0	60.96
DENV3_5_F	AAGTCGAGAAGGTAGAGACATGGGC	DENV3	76.0	57.85
DENV3_6_R	CCCAAGGGTTCCATATTCAGGCAAG	DENV3	76.0	57.6
DENV3_7_F	GAACCGATAGAGGGAAAAGTGGTGC	DENV3	76.0	57.65
DENV3_8_R	TCCTATCGCAATGCATGAAAATGACATGG	DENV3	82.0	58.52
DENV3_9_F	CAAATATTCGGAAGTGCTTACACAGCCC	DENV3	82.0	58.62
DENV3_10_R	CTGTGATGACAACTGTTGTTCCTTCACAATAG	DENV3	90.0	58.5
DENV3_11_F	CGGTGTGCTAGAGAGTGACATGATC	DENV3	76.0	57.06
DENV3_12_R	ATGCTCGAAGACTGGCACACTGG	DENV3	72.0	59.2
DENV3_13_F	GTTACAACTGCCAGAGGACATTGAACAAATG	DENV3	88.0	59.04
DENV3_14_R	CCCTTCTTCCAGTTCTGCTTTCTGTG	DENV3	78.0	57.84
DENV3_15_F	GAAGAGGCTGAGCAAACAGGAGTGTC	DENV3	80.0	59.53
DENV3_16_R	TCTCTCTTCCTGTGTGTTCAGATTTTGTTGC	DENV3	88.0	59.53
DENV3_17_F	GCCATTGTTAGAGAGGCAATCAAGAGACG	DENV3	86.0	59.74
DENV3_18_R	CCTATCTGTATATTTGATCCCTTCTGATGCTAC	DENV3	92.0	56.78
DENV3_19_F	GATAGAGTGATCGACCCAAGAAGATGTC	DENV3	82.0	56.75
DENV3_20_R	GACTATAGCCGACGCGATCCATTG	DENV3	74.0	57.67
DENV3_21_F	ACACGTCAGAACATGGCGGTAG	DENV3	68.0	57.03
DENV3_22_R	GAATCGTATATTACAGGATCTAGGTCTATCG	DENV3	86.0	54.55
DENV3_23_F	AACCAGGCAGTGGTCCTGATGG	DENV3	70.0	58.49
DENV3_24_R	CTATGACTCTTCCTTCGGGAATGACCATG	DENV3	86.0	58.7
DENV3_25_F	CAATTATCCCGGAAAGAGTTTGACCTTTACAAG	DENV3	92.0	58.4
DENV3_26_R	CTGTGATCTCCATAACCTTTCTTGTCCCTGGC	DENV3	96.0	62.0
DENV3_27_F	GTCTCTTCAGTCAACATGGTATCCAGATTG	DENV3	86.0	57.48
DENV3_28_R	CTGTGTTCAGGGTCCATTTGCTGTG	DENV3	76.0	58.49
DENV3_29_F	GAAACTTGTGGACAGAGAACGTGAACTC	DENV3	82.0	58.24
DENV3_30_R	CTTTGATGGCTGCCATTGAGGTATGTC	DENV3	80.0	58.35
DENV3_31_F	CAGACCTCGAGAACCCTCATCTG	DENV3	72.0	56.15
DENV3_32_R	CACAGCTTCTTCCGTACTGTGGC	DENV3	72.0	57.96
DENV3_33_F	GGAGTCGGAGGGAGCCATTTGGTAAAC	DENV3	84.0	60.96
DENV3_34_R	CCATTTTCTGGCGTTCTGTGCCTGGAATG	DENV3	88.0	62.34
DENV4_1_F	TTAGTCTGTGTGGACCGACAAGGACAG	DENV4	82.0	59.91
DENV4_2_R	AATCCTGGGTTTCTGAGTATCCAACTCTC	DENV4	84.0	57.88
DENV4_3_F	AGTGGGGAACGGAGACGAGAGAAG	DENV4	76.0	59.47
DENV4_4_R	GGGTTATCGTAGCTGTCACTCCGTG	DENV4	78.0	58.96
DENV4_5_F	GAAGTGGCTCTGTTAAGAACCTATTGCATCGAAGC	DENV4	102.0	62.57
DENV4_6_R	CATCTCTTATCTCTATGGGAACTTTGCATGG	DENV4	88.0	57.45
DENV4_7_F	AATGGTGACGTTTAAGGTCCCTCATGC	DENV4	80.0	59.33
DENV4_8_R	AGAAACAAAGTAATCCCTCCAACAGCTATGC	DENV4	88.0	59.25
DENV4_9_F	GATTTTGGCTCTGTTGGTGGACTGCTC	DENV4	82.0	60.22
DENV4_10_R	ATGTGTGGGTCTTGGGCCATAGACATG	DENV4	82.0	60.49
DENV4_11_F	GTGAAAGGGGTGTTATCCAAAGGCAAGAG	DENV4	86.0	59.78
DENV4_12_R	GCACAAAGGGTGGTCACCACAACCAATATC	DENV4	90.0	61.82
DENV4_13_F	GAACAACAGTCACCATTCAAGAGGATTGTGACC	DENV4	96.0	61.28
DENV4_14_R	CATTCTTTAGAAGGGCGCTTCCCAAG	DENV4	78.0	58.23
DENV4_15_F	GCCCTTTCCTTGACTTTCATAAAATCAACAATGC	DENV4	94.0	59.71
DENV4_16_R	GCTAGAACTTGAACGTCTTCTTCTTTATCCC	DENV4	88.0	57.76
DENV4_17_F	TGGCAATTCCAGTCACAATGACCCTATGG	DENV4	86.0	60.67
DENV4_18_R	GAACTCTGGTTGATGATAAAAGTCTTGTTGTG	DENV4	88.0	57.17
DENV4_19_F	GAATTGGCGAACCAGATTATGAAGTGGATG	DENV4	86.0	58.57
DENV4_20_R	TTGCTGGAGTCACTGGAATAGGACC	DENV4	76.0	58.0
DENV4_21_F	CAGAGCAATAGCCCAATAGAAGATATCGAGAG	DENV4	92.0	58.44
DENV4_22_R	GAAGATGCCTGCTGTCATAGCTCCTAG	DENV4	82.0	58.66
DENV4_23_F	AATTGCCAGTTTGCCAACGTACCTTTCCTC	DENV4	88.0	61.77
DENV4_24_R	ATGTTAGCTGTGGACACGGCTATAGTCG	DENV4	84.0	60.17
DENV4_25_F	CTTGGTGTGCCGCTATTAGCAATGGGATGC	DENV4	92.0	63.62
DENV4_26_R	CATAGGAATCGGTTCTTCATGTCCTGGACC	DENV4	90.0	60.36
DENV4_27_F	GGATCTAAAATCAAGTATGCAGTGTCCAGAG	DENV4	88.0	57.61
DENV4_28_R	ACAGTCTGGGATTTTTCTTCTTCCCGAGGAG	DENV4	92.0	61.37
DENV4_29_F	TCCTTCGACAGGCTCGGCATCCTC	DENV4	78.0	62.1
DENV4_30_R	AGGGGCCATCTGTTCTGTGATCAGCTCTTC	DENV4	92.0	63.13
DENV4_31_F	GATACATCCTGGAGGACATAGATAAGAAAGATG	DENV4	92.0	56.55
DENV4_32_R	AGGCTAAGCGCAGGTCCCTTCTATG	DENV4	78.0	60.12
DENV4_33_F	GAAAGAGTTGAGAAATGGCTGAAAGAGTGTG	DENV4	88.0	58.63
DENV4_34_R	GCCTCCCTGGGATTTTTACGCCTCCCG	DENV4	88.0	64.61
DENV4_35_F	GAAGGAGTTCTGTAATTACCAACAACAAACACC	DENV4	92.0	58.67
DENV4_36_R	CACGAGGAAGCTGTACTCCTGGTG	DENV4	76.0	58.78
ArPpfdodvs12a3atqicals_1_F	ATTAGAGAGCAGATCTCTG	ALL	54.0	44.7
ArPpfdodvs12a3atqicals_2_R	TGACACGCGGTTTC	ALL	44.0	44.64
Den2-911_F	TGACRGCTGTCGCTCCTTCA	DENV2	63.0	56.86
Den2-2444_R	CARCTCACAAYGCAACCACTATC	DENV2	68.0	54.49
Den3-815_F	GCCCTTAGGCACCCAGGGTT	DENV3	66.0	58.31
Den3-1752_R	CCCGCGAAAATGCTTGTGC	DENV3	60.0	55.52
Den3-1398_F	CGCAAGGAGTCACGGCTGAG	DENV3	66.0	57.74
Den3-2539_R	GCCTGCAATGGCTGTTGCC	DENV3	62.0	57.22
DENV1_RN_F1_F	ACACCATCCATGGCCATGCG	DENV1	64.0	57.66
DENV1_RN_R1_R	CCGCCTGAACCATGACTCC	DENV1	62.0	54.71
DENV1_RN_F2_F	GCGCAAACTGTGCATTGAAGC	DENV1	64.0	56.46
DENV1_RN_R2_R	ACCAGCAAATCTTGCTCTGTTCCA	DENV1	70.0	57.02
DENV2_RN_F1_F	CGCTCCTTCAATGACAATGCG	DENV2	64.0	54.88
DENV2_RN_R1_R	AACTCACACGCAACCACTATC	DENV2	62.0	52.83
DENV2_RN_F2_F	CAGAGGATGGGGAAATGGATG	DENV2	64.0	52.23
DENV2_RN_R2_R	CTCATTGTTGTCTCGAACATTTG	DENV2	64.0	51.01
DENV3_RN_F1_F	TGGACATAGAGCTCCAGAAGAC	DENV3	66.0	53.06
DENV3_RN_R1_R	GTGTGATGATTCTATCACCAATGCA	DENV3	70.0	53.78
DENV3_RN_F2_F	CTGAGGAGCAGGACCAGAAC	DENV3	64.0	53.94
DENV3_RN_R2_R	AAGATGGCCATGCGCCTTGC	DENV3	64.0	58.58
DENV4_RN_F1_F	TGGTCGCCCCATCTTACGG	DENV4	62.0	55.91
DENV4_RN_R1_R	TGACACCACACAACCCATGTC	DENV4	64.0	54.88
DENV4_RN_F2_F	CAAGATGTCCAACGCAAGGAGA	DENV4	66.0	55.02
DENV4_RN_R2_R	TCACATCCTGTCTCTTGGCATG	DENV4	66.0	54.45
DENV-3′-UTR_F	GGTTAGAGGAGACCCCTCCC	DENV3	66.0	54.42
DENV-3′-UTR_R	GGCGYCTGTGCCTGGA	DENV3	55.0	54.88
DENV1-NS5_R	CTGAGTGAATTCTCTCTRCTGAACC	DENV1	73.0	54.12
DENV2-E_F	CAGGTTATGGCACYGTCACRAT	DENV2	66.0	55.07
DENV3-M_F	GGACTGGACACACGCACYCA	DENV3	65.0	57.75
DENV4-M/E_F	TTGTYCTAATGATGCTNGTCG	DENV4	60.0	50.37
DENV4-M/E_R	TCCACCTGAGACTCCTTCYA	DENV4	61.0	51.96
Smnfgsodv_1_F	AGTTGTTAGTCTRYGTGGAC	DENV1, DENV2, DENV3	58.0	49.09
Smnfgsodv_2_F	GTTTCGAATCGGAAGCTTGC	DENV1	60.0	52.54
Smnfgsodv_3_F	CTGAAACGCGAGAGAAACCG	DENV2, DENV4	62.0	54.01
Smnfgsodv_4_F	AGAGAAACCGCGTGTCRACT	DENV2	61.0	55.08
Smnfgsodv_5_F	TGGATCACAGTTGGCGAAGA	DENV3	60.0	53.46
Smnfgsodv_7_R	GGGTCTCCTCTAACCGCTAG	DENV4	64.0	52.88
D-F3_F	AGCTTCATCGTGGGGATGT	ALL	58.0	52.82
D-R3_R	CTCTCCCAGCGTCAATATGC	ALL	62.0	52.79
D-L_F	TGCTACCCCATGCGTACAG	ALL	60.0	53.71
D-L_R	CAACACCAGGGGAAGCTGT	ALL	60.0	53.98
664_F	ACRTGGATGTCATCRGARGG	DENV4	61.0	52.43
865_F	GAYTTTGTRGAAGGRGTCTC	DENV4	59.0	48.49
REV382-400_R	GGACATCTTGTTGCCGTAG	DENV4	58.0	50.42
1162_F	GGRAARGGAGGWGTTGTRAC	DENV4	61.0	51.1
REV644-665_R	CATGGCTGTAATCCTCATGATTG	DENV4	66.0	51.79
1450_F	ACRTGGCTYGTGCAYAARCAATG	DENV4	68.0	57.0
REV926-947_R	TTCCTGAGATCCCAGCACTGTC	DENV4	68.0	55.78
1721_F	AGGGAATGTCATAYACGATG	DENV4	57.0	47.69
REV1209-1226_R	ACGCCCAACCACATTTTTC	DENV4	56.0	51.32
1997_F	TRACACTCCATTGGTTTYAGR	DENV4	59.0	49.41
D4a2_F	AACYTGGTGYACAGCCTTTCCC	DENV4	68.0	57.17
FORW1555-1576_F	GGTTCTTAGTGTTGTGGATTGG	DENV4	64.0	51.43
2402_R	TKTACTGYTCYRTCCARG	DENV4	53.0	46.39
Antisense_Primer_R	TGTGGTACCTATTCCACTGCCACATTTTAGTTC	DENV2	94.0	60.38
Sense_Primer_F	ACTGGTACCTGGATGTCATCAGAAGGGGCCTGG	DENV2	104.0	66.46
GRP78_F	ACTATGAAGCCCGTCCAGAA	ALL	60.0	52.53
GRP78_R	GACAGCAGCACCATACGCTA	ALL	62.0	54.44
CLTC_F	CCACAATACTCCACCAATGACCTTA	ALL	72.0	54.55
CLTC_R	CCCATTTTAAGTGGCTCCACCTCTC	ALL	76.0	57.33
DNM2_F	GGCATTCGAGGCCATTGT	ALL	56.0	52.36
DNM2_R	CATTTCAGACAGGGCTCTTTCA	ALL	64.0	52.7
GAPDH_F	CATCACCATCTTCCAGGAGCG	ALL	66.0	55.01
GAPDH_R	TGATGGCATGGACTGTGGTC	ALL	62.0	54.17
RPL27_F	CATGGGCAAGAAGAAGATCG	ALL	60.0	50.9
RPL27_R	ACGACAGTTTTGTCCAAGGG	ALL	60.0	52.54
RPS29_F	GCACTGCTGAGAGCAAGATG	ALL	62.0	53.6
RPS29_R	ATAGGCAGTGCCAAGGAAGA	ALL	60.0	52.76
RAA-F1_F	GGAAGCTGTACGCATGGGGTAGCAGACTAGTG	ALL	100.0	64.7
RAA-R1_R	AGCAGGATCTCTGGTCTCTCCCAGCGTCAATA	ALL	98.0	64.54
RAA-F2_F	TAGCAGACTAGTGGTTAGAGGAGACCCCTCCC	ALL	100.0	63.76
RAA-R2_R	GATCTCTGGTCTCTCCCAGCGTCAATATGCTGTT	ALL	102.0	63.94
RAA-F3_F	GGCCGGATTAAGCCATAGTACGGTAAGAGC	ALL	92.0	62.09
RAA-R3_R	AGAACCTGTTGATTCAACAGCACCATTCCATT	ALL	90.0	60.89
DodvRipaposdibutTaas_1_F	ATCCATGCCCATCACCAATG	DENV1	60.0	52.39
DodvRipaposdibutTaas_2_R	CAGGGATCCACACCACTGATC	DENV1	66.0	54.26
DodvRipaposdibutTaas_4_R	GCCGCACCATTGGTCTTCTC	DENV2	64.0	55.92
DodvRipaposdibutTaas_5_F	TGGCAACAGGTCCCTTTCTG	DENV3	62.0	54.29
DodvRipaposdibutTaas_6_R	TGGCGTTGGATGCTAGTCTAAGA	DENV3	68.0	55.48
DodvRipaposdibutTaas_7_F	GCGTGGTGAAGCCCTAGAT	DENV4	60.0	53.69
DodvRipaposdibutTaas_8_R	GAACAACTAGTGAGCGGCCATC	DENV4	68.0	55.79
DENV_F	GCATATTGACCGCTGGGARAGAC	ALL	71.0	56.79
DENV_R1-3_R	TTCTGTGCCTGGAATGATGCTG	ALL	66.0	55.31
DENV_R4_R	YTCTGTGCCTGGATWGATGTTG	ALL	65.0	53.01
DN_F	CAATATGCTGAAACGCGAGAGAAA	ALL	68.0	54.42
DN_R	CCCCATCTATTCAGAATCCCTGCT	ALL	72.0	55.71
D1_R	CGCTCCATACATCTTGAATGAG	ALL	64.0	51.28
D2_R	AAGACATTGATGGCTTTTGA	ALL	54.0	47.54
D3_R	AAGACGTAAATAGCCCCCGAC	DENV3	64.0	54.03
D4_R	AGGACTCGCAAAAACGTGATGAAT	DENV4	68.0	55.67
NS1-1_F	TTCATATGGACTCGGGATGTGTAATCAACTG	DENV1	88.0	58.56
NS1-1_R	TTGGATCCCTAGTTGAAAATTCCAAATC	DENV1	76.0	54.25
NS1-2_F	CGCATATGATATGGTTGAAATTGCGTGACTCC	DENV1	92.0	60.47
NS1-2_R	TCGGATCCCTATGCAGAGACCATTGACTTAAC	DENV1	94.0	61.11
Den1_F15_F	GTGGACCGACAAGAACAGTTTC	DENV1	66.0	53.97
Den1_R2520_R	AATTTRTATTGYTCTGTCCARGTRTG	DENV1	70.0	52.14
Den1_F2305_F	AGGAWTAGGGRTYCTGCTGAC	DENV1	64.0	52.96
Den1_R5391_R	TCRGTRAARTGTGCTTCATCCAT	DENV1	65.0	53.53
Den1_F5132_F	CTTCCAGCCATAGTYCGWGAGGC	DENV1	73.0	58.05
Den1_R7740_R	GACACTGCRTGTTTGRTTRTYTCTC	DENV1	72.0	55.02
Den1_F7444_F	GGAGGGATCTCCAGGAAAATT	DENV1	62.0	51.06
Den2_F1_F	AGTWGTTAGTCTACGTGSACCGAC	DENV2	72.0	56.14
Den2_R2876_R	GARTTCCAAGCTCTRTTTGTGTTG	DENV2	68.0	52.97
Den2_F2707_F	ATYATGCAGGCAGGAAAACGATC	DENV2	67.0	54.86
Den2_R5428_R	GAGTTGARATRTATCCTCTAGCTGCTAT	DENV2	78.0	54.1
Den2_F5228_F	GAGGACTTCCRATAAGATACCAAACC	DENV2	75.0	54.24
Den2_R8023_R	GTGAYGAYTCCCCTATGTCACAC	DENV2	70.0	54.84
Den2_F7875_F	CCTAACAAAAGGAGGACCAGGAC	DENV2	70.0	54.61
Den3_F1_F	AGTTGTTAGTCTACGTGGACCGAC	DENV3	72.0	56.22
Den3_R2877_R	ACCTCCCACACATTCCATGCTC	DENV3	68.0	56.61
Den3_F2709_F	AAGGGAAAAGARCAYTAACACCAC	DENV3	68.0	53.59
Den3_R5517_R	TCTTGAATTGGAGCGTTGCTCTG	DENV3	68.0	55.81
Den3_F5396_F	ATAGCGGCTAGAGGGTACATATC	DENV3	68.0	52.85
Den3_R8037_R	TCTTCCACTGTTGGGCTTGGTG	DENV3	68.0	57.02
Den3_F7857_F	CAGAAGTGCGAGGRTACACAAAAG	DENV3	71.0	55.3
Den4_R2870_R	GCTCTTCGTTCATTGGGGCATTC	DENV4	70.0	56.74
Den4_F2498_F	TGCAYACTTGGACAGAACAGTAC	DENV4	67.0	53.85
Den4_R5525_R	TCTTCTATTGGGCTGTTGCTCTG	DENV4	68.0	54.69
Den4_F5299_F	CTCATGTGYCATGCAACCTTCAC	DENV4	69.0	55.74
Den4_R8508_R	GCCTGTCGARGGAGCTTCATAG	DENV4	69.0	55.82
Den4_F7950_F	GGTTGAYGTGTTCTACAAACCCAC	DENV4	71.0	55.41
Den4_R10653_R	AGAACCTGTTGGATCAACAACACC	DENV4	70.0	55.5
NS3-1-O_F	CAGGACTTTTCCCCGTATCA	DENV2	60.0	51.1
NS3-1-I_F	AACAACGGGCTGGAGTATTG	DENV2	60.0	52.39
NS3-1-SEQ_F	CCAGGTCTTGGCATTAGAGC	DENV2	62.0	52.55
NS3-2-O_F	TCACAGACCCAGCAAGCATA	DENV2	60.0	53.12
NS3-2-I_F	AGCAGAGACCCATTTCCTCA	DENV2	60.0	52.37
NS3-2-SEQ-I_F	GGCAGAAATGGGTGCTAACT	DENV2	60.0	52.32
NS3-1-O_R	GGAACTCTGGACATGAGTGGGT	DENV2	68.0	55.69
NS3-1-I_R	TTGAGGAAATGGGTCTCTGC	DENV2	60.0	51.65
NS3-2-O_R	AGCATGATTGTACGCCCTTC	DENV2	60.0	52.57
NS3-2-I_R	TGGAAGCCTACCCATTTCTG	DENV2	60.0	51.31
NS3F-1_F	GCAAGCTTGCCATGGCCGCTGGAGTATTGTCGGC	DENV2	110.0	70.37
NS3F-2_F	GCGGATCCGCCATGGCCGCTGTATTGTCGGC	DENV2	104.0	70.97
NS3_R	GCGCGGCCGCTTTCTTCCACTGCAAACTCTTTGTTC	DENV2	112.0	69.1
DENV1F6.2_F	ACTCAGCAAAAGARGCAGTGG	DENV1	63.0	54.09
DENV2F10_F	TTYRCAAGAAARGTGAGAAG	DENV2	55.0	46.83
DENV3F6.1_F	GAACCAGAAACACCCAAYATGGA	DENV3	67.0	53.99
DENV4F3_F	CACCARGAAGGRAAATGTGAATC	DENV4	66.0	52.09
DV1.U_F	ACACCAGGGGAAGACTGTATCCTGG	DENV1	78.0	59.19
DV2.U_F	AAGGTGAGATGAAGCTGTAGTCTC	DENV2	70.0	53.9
DV3.U_F	AGCACTGAGGGAAGCTGTACCTCC	DENV3	76.0	59.7
DV4.U_F	AAGCCAGGAGGAAGCTGTACTCCT	DENV4	74.0	58.84
DV.L2_R	CCATCCATCTTGCGGCGCTCT	DENV4	68.0	59.58
DENV2qPCR_F	CACACATGAGATGTACTGGGTATC	DENV2	70.0	52.83
DENV2qPCR_R	GGCTCGTAAGTGGCTTTCTT	DENV2	60.0	52.43
DENV1_F	CAATGGATGACAACAGAAGAYATG	DENV1	67.0	51.31
DENV1_R	TCCATCCATGGGTTTTCCTCTAT	DENV1	66.0	52.83
DENV2_F	GCAGAAACACAACATGGAACRATAGT	DENV2	73.0	55.55
DENV2_R	TGATGTAGCTGTCTCCRAATGG	DENV2	65.0	53.14
DENV3_F	ATGGAATGTGTGGGAGGTGG	DENV3	62.0	53.72
DENV3_R	GGCTTTCTATCCARTAGCCCATG	DENV3	69.0	54.1
DENV4_F	GCAGATCTCTGGAAAAATGAACCA	DENV4	68.0	53.61
DENV4_R	GAGAATCTCTTCACCAACCCYTG	DENV4	69.0	53.9
DEN-Bgl.5NC_N	TAGAGAGCAGATCTCTG	DENV1, DENV2	50.0	42.56
cD1-2394.Ngo_N	TGTGACCATGCCGGCTGCGATGCACATCACCGA	DENV1	106.0	70.84
C14A_F	AATATGCTGAAACGCGAGAGAAACCGCG	ALL	84.0	62.08
C69B_R	CCCATCTCITCAIIATCCCTGCTGTTGG	ALL	78.0	
D1B_N	AACGACAGUGUAUUCGAGG	DENV2	56.0	49.06
D2B_N	AAUAUGAUUCAATTCTGATG	DENV2	50.0	
D3B_N	AAAAAUGGCUUUUUUATTGAG	DENV2	52.0	
D4B_N	ATUACACAUUAAUTCCAC	DENV2	46.0	
D5B_N	AAUUCAAUUGGUUATCCTU	DENV2	48.0	
D6B_N	AAAAUUGUGUUUUAUUGTTC	DENV2	48.0	
D7B_N	AAUUAGUUUUUCTTCCATG	DENV2	48.0	
D8B_N	CTGCAGAGAACCTUTTGATTC	DENV2	60.0	
N1A_N	CTCTCTAUAAUTTUTTAGTCTACGTGGACCGACAAAGAC	DENV2	108.0	
E1A_N	CAGATCTCTGATGAATAACC	DENV2	56.0	44.78
E1_N	TCTCTTTCCTGAACCCTCTC	DENV2	60.0	50.01
AD3_N	CTGATTTCCATCCCGTA	DENV2	50.0	44.32
AD4_N	UATATGGGTTATTGGATAGA	DENV2	52.0	
CsotdvRRpcda1r_1_F	CCACGCGTCGACAACATGGATGTCATTGGGGAAAG	DENV3	108.0	66.97
CsotdvRRpcda1r_2_R	CCGGAATTCCTACCAAATGGCTCCCTCCGACTCCTC	DENV3	114.0	67.67
Den_F2_F	GGGAGGCCATAAACCATGGAAGCTGTACGC	ALL	94.0	64.4
Den_F3_F	GCCACGGTTTGAAGTAAACTGTGCTGCCTGTAGCTC	ALL	110.0	66.72
Den_R1b_R	CTTATCTCTCCTCTAACCTCTAGTCCTT	ALL	80.0	54.31
Den_R2_R	GGTCTTTCCCAGCGTCAATATGCTGT	ALL	78.0	59.36
Den_F	TTAGAGGAGACCCCTCCC	ALL	58.0	50.14
Den_R	TCTCCTCTAACCTCTAGTCC	ALL	60.0	48.21
Pan_R	GAGACAGCAGGATCTCTGGTCTYTC	ALL	77.0	57.18
Gsaodv1iiKWF_1_F	CCGAAACATGGATGTCCTCT	DENV1	60.0	51.49
Gsaodv1iiKWF_2_R	TCTCCCATTCTGGGTCACTC	DENV1	62.0	52.51
DvNspCsaiiiotaswsbmmasaome_1_F	GGGGTACCGCTGGAGTATTGTGGGAT	DENV2	82.0	61.5
DvNspCsaiiiotaswsbmmasaome_2_R	CCCAAGCTTCTTTCGAAAAATGTCATC	DENV2	76.0	55.83
Fragment_A_R	CCAGTATTATTGAAGCTGCTATCCA	ALL	70.0	52.8
Fragment_B_F	GGATGGTGAGCATTTTAGCCAGTTC	ALL	74.0	56.46
P1_F	AGTTGTTAGTCTACGTGGAC	ALL	58.0	48.79
P1_R	CTGCAGCATTTCCAAGTGAGA	ALL	62.0	53.03
P2_F	CATGTCTTAGGTCGCCTGAT	ALL	60.0	51.32
P2_R	TCTCAAACATTTGGCCGATA	ALL	56.0	49.24
P3_F	TTGAAGACAACCCAGAGATCG	ALL	62.0	51.88
P3_R	CTGACTATGGCCGGAAGGTA	ALL	62.0	52.73
P4_F	AGTGGAAGCAGGACGAACAC	ALL	62.0	54.47
P4_R	GGCTCCTCCATATTTTCCTTTG	ALL	64.0	51.22
P5_F	TGGATGACAACGGAAGACA	ALL	56.0	50.5
P5_R	TGGATGGCATGTAATCTGTGTA	ALL	62.0	51.29
P6_F	GCTCTAGTCTCGCTGGAAGG	ALL	64.0	53.89
DEN1_CC_A_F	ACGTGGACCGACAAGAACAGTTTCG	DENV1	76.0	59.68
DEN1_CC_1_R	CTTCCTGTTTCTTTGCATGAGCTGTC	DENV1	76.0	57.01
DEN1_CC_1_F	GAGCATGGAAGCTGCGTCACCAC	DENV1	74.0	60.59
DEN1_CC_B_R	CTTYCCAATGGCTGCTGACAGTCTT	DENV1	75.0	58.47
DENV1-LAB-5F-CC_F	CGCATGGGACTTCGGYTCTATAGG	DENV1	75.0	57.88
DEN1_CC_2_R	TGTTCCAGTCATCAGCATCTTTCTAC	DENV1	74.0	55.1
DEN1_CC_2_F	ATTGCGTGACTCCYACACCCAAATG	DENV1	75.0	58.76
DEN1_CC_D_R	CCTGGTGACGTGCCACATTGTGTG	DENV1	76.0	60.69
DENV1-LAB-8F-CC_F	CAAAGAGGACTGTTGGGCAGGTCC	DENV1	76.0	59.41
DEN1_CC_3_R	ATCTCCACGTCCATGTTCTCCTCC	DENV1	74.0	57.74
DEN1_CC_3_F	TCATGGAACTCAGGCTACGACTGG	DENV1	74.0	58.0
DENV1-LAB-10R-CC_R	CTGCATAGAGRGTCCAGGCTGAAG	DENV1	75.0	57.59
DENV1-LAB-12F-CC_F	CACAAAGAAAGACCTGGGGATTGGC	DENV1	76.0	58.25
DEN1_CC_4_R	GTTCCACTGCCACATGTCTTGTTCC	DENV1	76.0	58.5
DEN1_CC_4_F	GAGAAACAACCAAACATGCAGTGTCG	DENV1	76.0	57.68
DENV1-LAB-14R-CC_R	TTGTGCAGTCCTTCTCCTTCCACTC	DENV1	76.0	58.41
DENV1-LAB-14F-CC_F	TACGTGTTCTAAARATGGTGGAACCAT	DENV1	75.0	55.82
DEN1_CC_5_R	AGCCATAAGTTCCGACCTGTCCAC	DENV1	74.0	58.46
DEN1_CC_5_F	ACTGACATCATGGAGCCTGAACATG	DENV1	74.0	57.11
DEN1_CC_J_R	CGTTCTGTGCCTGGAATGATGCTG	DENV1	74.0	58.62
DEN2_CC_1_R	AGCACCATCTCATTGAAGTCGAGG	DENV2	72.0	56.77
DEN2_CC_1_F	CAAACACTCCATGGTAGACAGAGG	DENV2	72.0	54.94
d2a18-CC_N	TCCCRCTGCCACATTTCARTTCTTT	DENV2	72.0	57.51
d2s4-CC_N	ACGCSAAGAAACAGGATGTYGTTGT	DENV2	73.0	58.66
DEN2_CC_2_R	TCCTGCTGTTTGTGTATGGTAGCC	DENV2	72.0	56.93
DEN2_CC_2_F	CACATGGAAGATGGAGAAAGCCTC	DENV2	72.0	55.53
d2a14-CC_N	GCCGTRATTGGTATYGATACWGGAA	DENV2	72.0	55.06
d2s8-CC_N	ATGGGMGTGACTTAYCTTGCCCTA	DENV2	72.0	57.24
DEN2_CC_3_R	CTTCTCTAACTATGGCTGGAAGG	DENV2	68.0	52.15
DEN2_CC_3_F	TGGTGTTGTCACAAGGAGTGGAG	DENV2	70.0	56.6
d2a10-CC_N	TACGCCYTTCCRCCTGCYTCAG	DENV2	71.0	59.85
d2s13-CC_N	GCAGACAGAARGTGGTGTTTTGATG	DENV2	73.0	56.11
DEN2_CC_4_R	CATTAATACTTGAGTCACGCAGAGG	DENV2	72.0	53.93
DEN2_CC_4_F	TTCAAGCAAAAGCAACCAGAGAAGC	DENV2	72.0	56.98
d2a6-CC_N	CATGGTAWGCCCAYGTTTTGTATGG	DENV2	73.0	55.75
d2s16-CC_N	CAGGAAGTGGATAGAACCYTRGCA	DENV2	72.0	55.87
DEN2_CC_5_R	CATTACTGTGCCTCTTGGTGTTGG	DENV2	72.0	56.2
DEN2_CC_5_F	CTGGTTGACAGGGAAAGAAATCTCC	DENV2	74.0	55.58
d2a5B-CC_N	AGAACCTGTTGATTCAACAGCACCAT	DENV2	74.0	57.25
DEN3_CC_1_R	CATGCTTTGTTCTTCATTGTTAGC	DENV3	66.0	51.85
DEN3_CC_1_F	CAACATAACAACTGACTCAAGATG	DENV3	66.0	50.53
DEN3_CC_B_R	CAAGTCAAGAGAACTCCTATTCC	DENV3	66.0	50.53
d3s5-CC_N	CTGAACCTCCTTTTGGGGAAAG	DENV3	66.0	53.2
DEN3_CC_2_R	CTCCATGTTATTTGCCCTGAGA	DENV3	64.0	52.19
DEN3_CC_2_F	AGGTGGAAGATTACGGGTTCG	DENV3	64.0	53.95
d3a14-CC_N	AACTGTGATCATTAARTTGTGGGA	DENV3	65.0	51.62
DEN3_CC_E_F	TTCTCTCCTTAGAAATGATGTACC	DENV3	66.0	49.77
DEN3_CC_3_R	TCAATGCTTCTTCCATCTCAGC	DENV3	64.0	52.87
DEN3_CC_3_F	GAGTGGTTACAAAGAATGGTGG	DENV3	64.0	51.43
d3a10*_N	GCYGCAAARTCCTTGAATTCCT	DENV3	64.0	53.9
d3s13-CC_N	CCAGCTCTCTTTGARCCAGAAA	DENV3	65.0	53.64
DEN3_CC_4_R	AGCATAACCTGTCCCAGTTGC	DENV3	64.0	54.72
DEN3_CC_4_F	AGATGTGGACTTGCACCCAGC	DENV3	66.0	57.02
d3a6-CC2_N	CGCATTAACATGTCGAGTTCC	DENV3	62.0	52.07
DEN3_CC_I_F	TCCACTTTCACGAAACTCCACG	DENV3	66.0	55.27
DEN3_CC_5_R	TTCAGACCATAAGTTCCTACCTG	DENV3	66.0	51.38
DEN3_CC_5_F	GAAGATGACCTGCACAATGAGG	DENV3	66.0	53.5
d4s1Csingle_bondCC_F	AGTTGTTAGTCTGTGTGGACCGACAA	DENV4	76.0	58.15
DEN4_CC_1_R	GTGACCTGGGAGTTATCGTGGCTG	DENV4	76.0	59.07
DEN4_CC_1_F	GACACCCATGCAGTAGGAAATGACAC	DENV4	78.0	57.96
DEN4_CC_B_R	ACTCAAACATCTTGCCAATGGAACTC	DENV4	74.0	56.19
d4s5-CC_N	CTCCGTGTAAAGTCCCCATAGAGATAA	DENV4	78.0	55.55
DEN4_CC_2_R	CATGATGAGGGCTCGTAGCAAGTCC	DENV4	78.0	59.22
DEN4_CC_2_F	AGAAGATGGGTGCTGGTATGGGATG	DENV4	76.0	58.1
DEN4_CC_D_R	ACTCCATTTCCATAGAGTCCGATGAC	DENV4	76.0	56.11
DEN4_CC_E_F	GACTGGGAGATTGGAGCCATCTTG	DENV4	74.0	57.05
DEN4_CC_3_R	TCTTTGTAAGAAATGCCAGCAGAAGC	DENV4	74.0	56.49
DEN4_CC_3_F	CTCAAGCCAGTTATCCTAACAGATGG	DENV4	76.0	55.21
d4a8-CC_N	CATGACYTGCCCTAATTGCTTTTCAAA	DENV4	75.0	56.12
d4s16-CC_N	GAAAAGRACAGCTGCTGGRATCATGA	DENV4	76.0	57.67
DEN4_CC_4_R	TCTGTCATGGCTAACTGAGTCACCA	DENV4	74.0	57.42
DEN4_CC_4_F	TTCACAACAAGGCATAGGAAACCCAC	DENV4	76.0	57.76
d4a3-CC_N	TGTGRAARTGGTGGGAGCAAAAAGGA	DENV4	76.0	59.04
d4s21-CC_N	GAAAGAYATYCCGCAGTGGGAACCA	DENV4	76.0	59.01
d4a5B-CC_N	AGAACCTGTTGGATCAACAACACCAAT	DENV4	76.0	57.29
D1_R	CCCCGTAACACTTTGATCGCTCCATT	ALL	78.0	59.36
D3_R	GCACATGTTGATTCCAGAGGCTGTC	DENV3	76.0	58.39
D4_R	GTTTCCAATCCCATTCCTGAATGTGGTGT	DENV4	84.0	59.53
d1a5B_R	TTTGTCGGTCTGGGGGGGTATAGAACCTGTTGATTCAACRGC	DENV1	127.0	68.42
d2a5B_R	TTTGTCGGTCTGGGGGGGTATAGAACCTGTTGATTCAACAG	DENV2	122.0	66.67
d3a5B_R	TTTGTCGGTCTGGGGGGGTATAGAACCTGTTGATTCAACAGC	DENV3	126.0	67.84
d4a5B_R	TTTGTCGGTCTGGGGGGGTATAGAACCTGTTGGATCAACAAC	DENV4	126.0	67.69
D1S_F	GGACTGCGTATGGAGTTTTG	DENV1	60.0	51.16
D1C_R	ATGGGTTGTGGCCTAATCAT	DENV1	58.0	50.88
D3S_F	GTGCTTACACAGCCCTATTT	DENV3	58.0	49.95
D3C_R	CTCCATTCTCCCAAGCGCCTG	DENV3	68.0	57.53
D4S_F	CCATTATGGCTGTGTTGTTT	DENV4	56.0	48.68
D4C_R	CCTTCATCCTGCTTCACTTCT	DENV4	62.0	51.78
RSS9_F	CTGTTCAGTGTTAGGTGAC	DENV1	56.0	47.36
RSS10_R	CATTCCCTATACTGCTTCC	DENV1	56.0	46.44
RSS11_F	GTCACAAACCTGCCGTCCT	DENV1	60.0	54.46
RSS12_R	CGCAGCTTCCATGCTCCAAT	DENV1	62.0	55.59
RSS21_F	GGACTCAACAGTACATTTGCCGGA	DENV4	72.0	57.19
RSS22_F	GTTTTCATGCTCGGGGAAGAT	DENV4	62.0	52.79
RSS23_R	CTTCTGTGTGTCTGCTCCT	DENV4	58.0	50.94
RSS24_R	GAGAACTTTCCTGAAGCACATCGT	DENV4	70.0	55.45
DEN-1-forward_F	GACACCACACCCCTTTGGACAA	DENV1	68.0	56.94
DEN-1-reverse_R	CACCTGGCTGTCACCTCCAT	DENV1	64.0	55.91
DEN-3-forward_F	GGGAAAACCGTCTATCAATA	DENV3	56.0	46.63
DEN-3-reverse_R	GCCATAACAAATTCATTGG	DENV3	52.0	44.64
DEN-4-forward_F	TGAAGAGATTCTCAACCGGAC	DENV4	62.0	51.6
DEN-4-reverse_R	AATCCTGCTGTTGGTGGG	DENV4	56.0	51.34
Den_R2_R	GAGACAGCAGGATCTCTGG	ALL	60.0	50.9
D1F751_F	GGATGTCCTCTGAAGGCGC	DENV1	62.0	54.81
D1F1035_F	CCAACATTGGACATTGAAC	DENV1	54.0	46.73
D1F1545_F	CACAAACAATGGTTTCTAG	DENV1	52.0	43.89
D1R1653_R	CATGAGCTGTCTT(A,G)AATGTG	DENV1	60.0	48.73
D1R2297_R	CCCTATTCCTATTTTCATGG	DENV1	56.0	44.82
D1R2581_R	GCTGATCGAATTCCACACAC	DENV1	60.0	51.56
D2F798_F	CCAGAGAATTGAAACTTGGA	DENV2	56.0	47.32
D2F1200_F	GAGGTTCGTCTGCAAACA	DENV2	54.0	49.62
D2F1729_F	ACAGGAGCCACAGAAATCCA	DENV2	60.0	52.98
D2R1667_R	AGGGGATTTTTGAAAGTG	DENV2	50.0	44.11
D2R2099_R	TTCAGTTGTCCCGGCTCT	DENV2	56.0	52.29
D2R2516_R	GTATTGTTCTGTCCATGTGT	DENV2	56.0	47.5
D3F791_F	CAAGTCGAGAAGGTAGAGAC	DENV3	60.0	49.03
D3F1187_F	GAGCAGGACCAGAACTACGT	DENV3	62.0	53.32
D3F1667_F	AAGCAAGAAGTAGTTGTCCT	DENV3	56.0	48.36
D3F1927_F	CAAGATTCCTTTCTCCAC	DENV3	52.0	44.26
D3R1340_R	TGAGGTTCTCATGTTGCACC	DENV3	60.0	52.31
D3R1758_R	CTTGTGCCTCCTGAGGTTTG	DENV3	62.0	52.99
D3R2095_R	GATTTTCAGGGCTTTGTC	DENV3	52.0	45.69
D3R2492_R	TGTGGACCTCATTAGTGACG	DENV3	60.0	51.21
d4s2_F	AACAAATGCACYCTYATTGCCA	DENV4	62.0	53.44
d4s3_F	TTTGAACTGACYAAGACAACAGC	DENV4	65.0	52.74
d4s4_F	TGGACAGCAGGAGCAGACACAT	DENV4	68.0	57.91
d4a6_R	TGGGTGTCTCCATTGTGGACTG	DENV4	68.0	56.23
d4a18_R	GGGCATTYAATATTGCAGACGCTA	DENV4	69.0	54.91
DEN_RP2_R	CTGHRGAGACAGCAGGATCTCTG	ALL	71.67	56.0
D2-C_R	ACGCATTGTCATTGAGGGAG	DENV2	60.0	52.49
D4-C_R	GGAAAGGACTCGCAAAAAC	DENV4	56.0	49.37
DenS_F	GGATAGACCAGAGATCCTGCTGT	DENV	70.0	55.0
DenAs_R	CATTCCATTTTCTGGCGTTC 	DENV	58.0	49.99
DenAs_R	CAATCCATCTTGCGGCGCTC	DENV	64.0	56.72
DN_F	CT(A,T)TCAATATGCTGAAACGCG	ALL	62.0	50.69
R_R	TCTATCCA(G,A)AAT(T,C)CCTGCTGTT	ALL	68.0	53.71
D1_R	CGCTCCATTCTTCTTGAATGAG	ALL	64.0	51.74
D3_R	TCATGAGACAGAGCGATGTC	DENV3	60.0	51.43
D4_R	CCGCGGCCGGCGCG	DENV4	56.0	62.63
S07100620_FP_F	CCGTCACACTGGGTTCCAA	DENV2	60.0	54.06
S07100620_RT_R	CCGTCGTCATCCATTCATGCT	DENV2	64.0	55.02
rbcLa_F	ATGTCACCACAAACAGAGACTAAAGC	DENV2	74.0	55.72
rbcLa_R	GTAAAATCAAGTCCACCRCG	DENV2	59.0	50.44
ITS-S2_F	ATGCGATACTTGGTGTGAAT	DENV2	56.0	49.35
ITS4_R	TCCTCCGCTTATTGATATGC	DENV2	58.0	49.35
psbA_F	GTTATGCATGAACGTAATGCTC	DENV2	62.0	50.58
trnH2_R	CGCGCATGGTGGATTCACAATCC	DENV2	72.0	59.16
matK-KIM3_F	CGTACAGTACTTTTGTGTTTACGAG	DENV2	70.0	52.71
matK-KIM1_R	ACCCAGTCCATCTGGAAATCTTGGTTC	DENV2	80.0	58.57
matK-390_F	CGATCTATTCATTCAATATTTC	DENV2	56.0	43.16
matK-1326_R	TCTAGCACACGAAAGTCGAAGT	DENV2	64.0	53.9
1G1P1_F	AAAACCATGGAAGCTGTACG	DENV1	58.0	50.61
1G1P1_R	TCTGTGCCTGGAATGAT	DENV1	50.0	46.42
2G2P5_F	GGGAGTGGAGTGGAAGGAGAAGGG	DENV2	78.0	59.7
1G4P217_R	CCATCATGAGACAGAGCGAT	DENV3	60.0	51.42
1G5P30_R	CTACAGGCAGCACGGTTT	DENV4	56.0	51.95
DENV-1_F	GGGCTCACTCAAGAAGAATG	DENV1	60.0	50.4
DENV-1_R	CCAATGGCTGCTGATAGTCT	DENV1	60.0	51.53
DENV-2_F	ACAGAAGCCAAACAACCTG	DENV2	56.0	50.2
DENV-2_R	AGCACTCCATCGTGACAGT	DENV2	58.0	52.84
DENV-3_F	AACAGCAGGAGTCTTGGCT	DENV3	58.0	52.96
DENV-3_R	AATGGGCGAGAAATAGGG	DENV3	54.0	48.19
DENV-4_F	TGATAGTGGCAAGACACGA	DENV4	56.0	50.33
DENV-4_R	AAGAAGACTGTTCGCTGGA	DENV4	56.0	50.53
DENV-2_F	CAGGCTATGGCACTGTCACGAT	DENV2	68.0	56.81
DENV-2_R	CCATTTGCAGCAACACCATCTC	DENV2	66.0	54.88
DENV-3_F	GGACTGGACACACGCACCCA	DENV3	66.0	58.92
DENV-4_F	TTGTTCTAATGATGCTGGTCG	DENV4	60.0	50.6
D2-1_FW_F	AGTTGTTAGTCTACGTGGACCGA	DENV2	68.0	55.14
D2-2691_RV_R	TGTCATAATAGTCAACTTCACCTCA	DENV2	68.0	51.77
D2-2586_FW_F	TGGAATCCGCTCAGTAACAAGA	DENV2	64.0	53.52
D2-5339_RV_R	ACTGGTGATAGCAGCCTCATAGT	DENV2	68.0	54.91
D2-5032_FW_F	AGTATTGAAGACAATCCAGAGA	DENV2	60.0	48.36
D2-8006_RV_R	TCACACAACAATGTGTCACACT	DENV2	62.0	52.8
D2-7930_FW_F	TGGAATCTAGTACGTCTTCAAAGT	DENV2	66.0	51.48
D2-10723_RV_R	AGAACCTGTTGATTCAACAGCA	DENV2	62.0	52.54
Primer_1_N	GCTAATACGACTCACTATAGAGTTGTTAGTCTACG	ALL	98.0	58.04
Primer_2_N	AGAACCTGTTGATTCAACAGCACCATTC	ALL	80.0	58.2
Primer_3_R	AGAACCTGTTGATTCAACAGCAC	ALL	66.0	53.82
Primer_4_R	CAAGCTATGGCATTTGTAATGGC	ALL	66.0	53.14
DENV-1_F	ATCCATGCCCAYCACCAAT	DENV1	57.0	52.04
DENV-1_R	TGTGGGTTTTGTCCTCCATC	DENV1	60.0	51.85
DENV-2_F	TCCATACACGCCAAACATGAA	DENV2	60.0	52.37
DENV-2_R	GGGATTTCCTCCCATGATTCC	DENV2	64.0	52.19
DENV-3_F	TTTCTGCTCCCACCACTTTC	DENV3	60.0	52.19
DENV-3_R	CCATCCYGCTCCTTGAGA	DENV3	57.0	51.15
DENV-4_R	AGTGARCGGCCATCCTTCAT	DENV4	61.0	54.58
Forward_F	GGAATTCCATATGCTGAGCATTATCAACAAA	DENV2	84.0	56.81
Reverse_R	GCTCTAGATCATCTGGCAGTGGCCTCGAACA	DENV2	96.0	64.46
VIR2234_F	TCATGGATGAAGCACATTTCACAGATCC	ALL	80.0	57.68
VIR2234_R	TGAAGATCGCAGCTGCCTCTCCCAT	ALL	78.0	61.77
DV1(+)_F	GGRACKTCAGGWCC	ALL	46.0	42.49
DSPl(-)_R	AGTITCITTTCCLAACACCEG	DENV1	50.0	33.73
DSP2(-)_R	CCGGTGTGCTCRGCYC	DENV2	56.0	54.57
DSP3(-)_R	TTAGAGTYCITAAGCGTCTCITG	DENV3	61.0	40.26
D4_R	AGGACTCGCAAAACGTGATGAAT	DENV4	66.0	55.24
DEN-1_R	CGTCTCAGTGATCCGGGGGG	DENV1	68.0	58.3
DEN-2_F	CGCGCTGCCCAACACAAGGGG	DENV2	72.0	63.36
DEN-2_R	GCTTTGTCTTTCATTTGCAC	DENV2	56.0	48.75
HP53_F	AAGTTCCAACCAGAATCCCC	ALL	60.0	51.47
HP53_R	AGCCATATATTGGTAGTGAA	ALL	54.0	45.1
NS3_Antisense_R	CATAAGCTTACAGAGGTTCCCCATG	DENV2	74.0	55.23
E/NS2A_Sense_F	GGGGGATATCATGCTGTCTGTGTCACTAG	DENV2	88.0	59.97
E/NS2A_Antisense|_R	GGGGCTCGAGTTACCCTGTGATCAATG	DENV2	84.0	60.8
NS1_Sense_F	GGGGGATATCGATAGTGGTTGCGTTG	DENV2	80.0	59.31
NS1_Antisense_R	GGGGCTCGAGTTAGGCTGTGACCAAG	DENV2	84.0	62.6
P1_F	GGGGTACCCTTCAATGACAATGCGTT	ALL	78.0	59.52
P2_R	GCTCTAGAGCTGGTTGGAACTTATATTG	ALL	80.0	55.62
P1_F	CAGATTCTTTGAGGGAGC	ALL	54.0	46.69
P2_R	GCTTCCTCCTGAAACCC	ALL	54.0	48.57
TM_F	GCATTYCTAAGATTTCTAGCCATACC	DENV1	73.0	52.98
TM_R	TCGCTCCATTCTTCTTGAATGAG	DENV1	66.0	52.97
TS1.2013TH_R	MGCYTCAGTGATTCKAGG	DENV1	55.0	48.44
Cebeof_2_F	CCATGGGTAACGGAGTGGTCAGAC	DENV2	76.0	58.77
Cebeof_3_R	TGCATGGAACTACAAGTACGCG	DENV2	66.0	55.49
DEN-1_F	GAACAGTTTCGACTCGGAAGCTT	DENV1	68.0	55.54
DEN-1_R	CTCTCGCGTTTCAGCATATTGA	DENV1	64.0	53.41
DEN-2_F	TTATCAGTTCAAAATCCAATGTTGGT	DENV2	68.0	52.03
DEN-2_R	AGGAGGAAGCTGGGTTGACA	DENV2	62.0	54.75
DEN-3_F	AAAGCTATGAACGCCATAACCAA	DENV3	64.0	53.07
DEN-3_R	GGCGAAGAGATTCTCAAGAGGAT	DENV3	68.0	54.01
DEN-4_F	GAGAATCTCTTCACCAACCCTTGA	DENV4	70.0	54.27
DEN-4_R	GAAAAATGAACCAACGAAAAAAGGT	DENV4	66.0	52.08
D708_R	CGCAATACATGAAAATGACATGGAAGTGTTTCTCGAGTTCAACCCTATCCA	DENV3	144.0	66.98
DEN-1_Forward_F	TGATGAACAACCAACGRAAAAA	DENV1	59.0	50.62
DEN-1_Reverse_R	GTTTCTCCCGCGTTTCAGCAT	DENV1	64.0	56.04
DEN-2_Forward_F	CTGCARGGACGAGGACCATT	DENV2	63.0	55.11
DEN-2_Reverse_R	GGGATTGTTAGGAAACGAAGGA	DENV2	64.0	52.16
DEN-3_Forward_F	TCGCTCTGTCTCATGATGATRTT	DENV3	65.0	52.67
DEN-3_Reverse_R	GGCTCTCCATCGCGTGAA	DENV3	58.0	54.17
DEN-4_Forward_F	TCTCTGGAAAAATGAACCAACGA	DENV4	64.0	52.63
DEN-4_Reverse_R	CGGTTTCTCTCGCGTTTCAG	DENV4	62.0	54.01
DENV.3_P.Q_F	ACTAGAGGTTAGAGGAGACCCCC	DENV3	72.0	55.61
DENV.3_P.QRA_R	GGCGCTCTGTGCCTGGATT	DENV3	62.0	57.18
NS3proRXhoI_R	TATACTCGAGCTATCGAAAAATGTCATCTT	DENV2	80.0	54.9
NS2BFNcoI_F	CAAACCATGGCAAGCTGGCCGCTAAATGA	DENV2	88.0	63.81
NS3proFNcoI_F	CAAACCATGGCTGGAGTATTGTGGGATGT	DENV2	86.0	60.86
CF40FNcoI_F	AGGTACCATGGCCGATTTGGAACTG	DENV2	76.0	59.04
CF40RKpnI_R	GGGGTACCACAGTGTTTGTTCTTCCTC	DENV2	82.0	59.23
NS3proFKpnI_F	GGGGTACCTGTGGGAAGTGAAGAAACAACGGGCTGGAGTATTGT	DENV2	134.0	69.56
NS3proFS135A_F	TCTCCTGGAACCGCAGGATCTCCAATC	DENV2	84.0	61.44
NS3proRS135A_R	GATTGGAGATCCTGCGGTTCCAGGAGA	DENV2	84.0	61.44
NS3proFBamHI_F	ATTAGGATCCCTGGAGTATTGTGGGATGT	DENV2	84.0	58.55
NS3proRHindII_R	GCTAAAGCTTCTATCGAAAAATGTCATCTT	DENV2	80.0	55.09
CF40FBamHI_F	ATTAGGATCCGCCGATTTAGAACTG	DENV2	72.0	54.86
CF40gly_R	CCCGCCTCCACCACTACCTCCGCCCCCCAGTGTTTGTTCTTCCTC	DENV2	148.0	74.55
NS3progly_F	GGGGGCGGAGGTAGTGGTGGAGGCGGGGCTGGAGTATTGTGGGATG	DENV2	154.0	76.03
DoaSSMfPSaGoDV_3_F	AGCACATGCYATAGGAACATCC	DENV1	65.0	53.46
DoaSSMfPSaGoDV_5_F	TCGCTCCTTCAATGACAATGC	DENV2	62.0	53.5
DoaSSMfPSaGoDV_6_R	CAGCTCACAACGCAACCAC	DENV2	60.0	54.43
DoaSSMfPSaGoDV_7_F	TAGCCCTATTTCTTGCCCATTAC	DENV3	66.0	52.31
DoaSSMfPSaGoDV_8_R	AGTTCATTGGCTATTTGTCTTCA	DENV3	62.0	50.52
DoaSSMfPSaGoDV_9_F	AACAGGRATCCAGCGAACTGT	DENV4	63.0	54.9
D1SEQ1_F	GCYATAGGAACATCCATCACYCAG	DENV1	72.0	54.86
D1SEQ2_F	ACGTGTGCYAAGTTYAAGTGTGT	DENV1	66.0	55.3
D1SEQ3_F	AAGACAGCTCATGCAAAGAARCAG	DENV1	69.0	55.3
D1SEQ4_F	TTGGTGAGAGYTACATCGTGRATAG	DENV1	72.0	54.38
D1SEQ6_F	CTGGTGACCCTTTTCCCCACAG	DENV1	70.0	57.08
D1SEQ7_F	TGGGTCTCAGCCACTTCYTTCCT	DENV1	71.0	58.16
D1SEQ8_F	AGCCCTGTTCTAGGTGAGCAATC	DENV1	70.0	56.27
D2SEQ1_F	TYGCTCCTTCAATGAACATGCG	DENV2	65.0	55.18
D2SEQ2_F	ACATGCAAAAAGAACATGGAAGGA	DENV2	66.0	53.67
D2SEQ3_F	AATCCCCAYGCVAAAGAAACAGGAT	DENV2	72.33	57.44
D2SEQ4_F	CCATTCGGRGACAGCTACATCAT	DENV2	69.0	55.37
D2SEQ5_F	CAGCTCACAACGCAACCACCTA	DENV2	68.0	57.46
D2SEQ6_F	TGATGATGTAGCTGTCCTCCGAATG	DENV2	74.0	56.5
D2SEQ7_F	CTGTGAGTGCCGTGTGCATG	DENV2	64.0	56.52
D2SEQ8_F	CAARTTTTCTGGTTGCACGACT	DENV2	63.0	53.33
D3SEQ1_F	AGGCACCTCCTTGACCCAGAA	DENV3	66.0	57.07
D3SEQ2_F	TGGCAAGGGAAGCTTGGTAA	DENV3	60.0	53.56
D3SEQ3_F	AACAGGAAGGAGCTTCTTGTGACA	DENV3	70.0	56.17
D3SEQ4_F	GAGCCTGTCAATATTGAGGCTGA	DENV3	68.0	54.5
D3SEQ5_F	TGTCATGGATGGGGTGACCA	DENV3	62.0	54.81
D3SEQ6_F	TCCTCTATTGGTTCAGGGCA	DENV3	60.0	52.05
D3SEQ7_F	CTTGCGATCCAAGGACAACACT	DENV3	66.0	55.28
D3SEQ8_F	GCGTTGTCTCCAATTCCAATYACT	DENV3	69.0	54.96
D4SEQ1_F	TGTCCTAATGATGCTGGTCGC	DENV4	64.0	54.66
D4SEQ2_F	GAGGAGTTGTGACATGTGC	DENV4	58.0	50.62
D4SEQ3_F	ATGGTGACATTTAAGGTTCCTCAT	DENV4	66.0	52.13
D4SEQ4_F	GCTGAGAATACCAACAGTGTAACCA	DENV4	72.0	55.07
D4SEQ6_F	GCCATDCGYTTTGCAACCTCT	DENV4	63.67	55.93
D4SEQ7_F	TTGAGATGTTCCTGCAAAACATGT	DENV4	66.0	53.7
D4SEQ8_F	ATGGTGACCTGGGRGTTATCGTC	DENV4	71.0	56.83
d1E101WAB1_F	ACAGCCATTGCCCGCGCCTCTGTCCAC	DENV1	90.0	68.48
d1E101WAA2_R	GTGGACAGAGGCGCGGGCAATGGCTGT	DENV1	90.0	68.48
d1E108FAB1_F	GCTACCTTTTCCGGCAAGCCCACAGCC	DENV1	88.0	65.61
d1E108FAA2_R	GGCTGTGGGCTTGCCGGAAAAGGTAGC	DENV1	88.0	65.61
d1E209HAB1_F	AAACCATTGTTTGGCGACAAGCCATGA	DENV1	78.0	60.33
d1E209HAA2_R	TCATGGCTTGTCGCCAAACAATGGTTT	DENV1	78.0	60.33
d1E258-GAB1_F	AGTGTGCATTGCTGCTTCTTGTGATCC	DENV1	80.0	60.22
d1E258GAA2_R	GGATCACAAGAAGCAGCAATGCACACT	DENV1	80.0	60.22
d1E262TAB1_F	TCCGGTCAACGCAGCGTGCATTGCTCC	DENV1	88.0	67.28
d1E262TAA2_R	GGAGCAATGCACGCTGCGTTGACCGGA	DENV1	88.0	67.28
d1E265TAB1_F	TTCTGTCGCTCCGGCCAACGCAGTGTG	DENV1	88.0	66.79
d1E265TAA2_R	CACACTGCGTTGGCCGGAGCGACAGAA	DENV1	88.0	66.79
Primer_a_F	ACGTCTCGAGAGGACCATGGGGATCATTTTTATTTTGCTGAT	DENV1	120.0	65.58
Primer_b_F	ACGTCTCGAGAGGACCATGGCTGTGACCATGCTCCTCATGCT	DENV1	132.0	71.66
Primer_c_R	ACGTGGATCCTCATTACTTCTTGAACCAGCTTAGTTTCA	DENV1	110.0	63.33
Primer_d_R	AGTGGATCCTCATTACTTCATGGTCCAAGAAACACC	DENV1	104.0	62.61
Primer_e_R	AGTGGATCCTCATTACGCCTGAACCATGACTCCTAG	DENV1	108.0	64.44
1318-1336_F	TTCAGTGATAGTCACCGTA	DENV1	54.0	46.74
1437-1458_F	GAGTTCCATCACAGAAGCAGAA	DENV2	64.0	52.48
1453-1471_R	GAGGGTTCCATATTCAGGT	DENV3	56.0	47.59
1545-1563_R	GCACGAGCCATGTTTTCTT	DENV4	56.0	51.18
nDEN1_(−)_R	CGTTTTGCTCTTGTGTGCGC	DENV1	62.0	55.99
nDEN2_(−)_R	GAACCAGTTTGTTTDRTTTCATAGCTGCC	DENV2	81.67	57.45
nDEN3_(−)_R	TTCCTCGTCCTCAACAGCAGCTCTCGCACT	DENV3	94.0	66.04
5'_end_F	ACTCACAGCAATCCAACA	ALL	52.0	48.2
3'_end_R	AGAACCTGTTGATTCAACAGCACCATTCCA	ALL	86.0	60.7
PatfrdohsCc_1_F	GATGGCCAGTGTGGAGCCCCATTGGATA	DENV1	88.0	63.62
PatfrdohsCc_2_R	CAGCCACATGGCCAATCCCTAAGTCTTT	DENV1	84.0	60.89
PatfrdohsCc_3_F	ACCTTAGCGACCGGGCCCATCTCCACAC	DENV2	92.0	66.8
PatfrdohsCc_4_R	GTTTGTTGTGTTCTTCATGATGGAAAAG	DENV2	76.0	54.57
PatfrdohsCc_5_F	TGGGAGGAAGAGGCTGAGCAAACAGGAGTG	DENV3	94.0	64.66
PatfrdohsCc_6_R	GGGTTTGCTTTTGCCAAGTATGCCAGACCA	DENV3	90.0	63.39
PatfrdohsCc_7_F	AGTGTTCAAGATGTCACCAGGATACGTG	DENV4	82.0	58.71
PatfrdohsCc_8_R	CTAAGGTTCCCACTTGGGTGTTGTCAAA	DENV4	82.0	59.15
CDC10564_R	GGGTCTCCTCTAACCTCTAGTCCT	ALL	74.0	55.57
DV_1-P1_N	GAGTCTAGTGGCATCTG	DENV1	52.0	45.02
DV_1-P2_N	CATGGTTAGTGGTTTG	DENV1	46.0	40.55
DV_2-P1_N	GAATTGATGATGACTACC	DENV2	50.0	41.5
DV_2-P2_N	GGAAACGGACACCACT	DENV2	50.0	47.4
DV_3-P1_N	TGAGGAAAACTGACATA	DENV3	46.0	40.54
DV_3-P2_N	TGAGCCCCAAAGCAA	DENV3	46.0	46.13
DV_4-P1_N	AGGAAACTCACTTCAAG	DENV4	48.0	42.27
DV_4-P2_N	AGGTACACTGGCAGAG	DENV4	50.0	45.83
DENV2C_F	CTCTAACATCCACCACAACAGA	DENV2	64.0	51.85
DENV2C_R	AGTTCTGGCTCCTCTGTTCAAGA	DENV2	68.0	55.23
Primer_A_F	TGACCATGATTACGCCAAGCTATTTAGGTG	DENV1	86.0	59.13
Primer_C_F	CGGAATTCGGATCGATCCCCCCTAATAC	DENV1	86.0	60.12
Primer_D_R	CAGTTCCTGAGGTCCTCGTCCCTGCAG	DENV1	88.0	63.62
Primer_E_F	AGCTATGACCATGATTACGAATTC	DENV1	66.0	51.11
Primer_F_R	TTTCACAGAGAGAGAAGGCGTATTTCTCGCCTTT	DENV2	98.0	62.72
Primer_G_F	GCCTTCTCTCTCTGTGAAACGCGAGAGAAACCG	DENV2	102.0	65.15
Primer_H_R	TGAGGTCCTCGTCCTG	DENV2	52.0	48.18
Primer_I_R	CAGCGCTCTCTCTGTGTTTTTTGTTTTGGGGGGG	DENV2	104.0	66.02
Primer_J_F	AAACACAGAGAGAGCGCTGGGAAAGACCAGAGAT	DENV2	102.0	65.06
RSS1_F	GGATCCCCAAGAAGGGGCCAT	DENV2	68.0	57.89
RSS2_R	GGCAGCTCCATAGATTGCT	DENV2	58.0	51.49
RSS3_F	GGTGTTGCTGCAGATGGAA	DENV2	58.0	52.6
RSS4_R	GTGTCACAGACAGTGAGGT	DENV2	58.0	50.89
RSS5_F	CCAACATAACAACTGACTC	DENV3	54.0	45.51
RSS6_F	GGCAAGGGAAGCCTGGTA	DENV3	58.0	53.05
RSS7_R	CTACATTTTAAGTGCCCCG	DENV3	56.0	48.14
RSS8_R	GACAGGCTCCTCCTTCTTG	DENV3	60.0	51.4
FaaCoUFiSPPAPR_1_F	CAAAAGGAAGTCGYGCWATA	DENV1	57.0	49.43
FaaCoUFiSPPAPR_2_R	CTGAGTGAATTCTCTCTRCTRAAC	DENV1	68.0	51.15
FaaCoUFiSPPAPR_3_F	CAGGYTATGGCACYRTCACRAT	DENV2	66.0	54.83
FaaCoUFiSPPAPR_4_R	CCATYTGCAGCARCACSATCTC	DENV2	68.0	56.48
FaaCoUFiSPPAPR_7_F	TYRTYCTAATGATGCTRGTCG	DENV4	60.0	49.68
DortPfdaqoDV_1_F	GARAGACCAGAGATCCTGCTGTCT	ALL	73.0	56.43
DortPfdaqoDV_2_R	ACCATTCCATTTTCTGGCGTT	ALL	60.0	52.85
ALD-1c_F	AAACCGTGCGCCTGTAG	ALL	54.0	52.01
ALD-2_R	TCTCTCCACGCTCAATA	DENV1, DENV3	50.0	45.62
DEN1_forward_F	TGGCTATGGTACTGTCAATTG	DENV1	60.0	49.85
DEN1_reverse_R	TGTTGTGGAAGTTTCCCTATTTC	DENV1	64.0	51.06
DEN3_forward_F	CCATTCTTGGCTTTGGGATTC	DENV3	62.0	51.65
DEN3_reverse_R	TGGTGTTATTACTGTTGTGGC	DENV3	60.0	50.66
DEN4_forward_F	CCATTATGGCTGTGTTGTTTG	DENV4	60.0	50.31
DEN4_reverse_R	GTAAGTTGGCAAACTGGCAATC	DENV4	64.0	52.92
E_gene_antisense_primer_R	TGTGGTACCTATTCCACTGCCACACTTCAGTTC	ALL	98.0	62.94
E_gene_sense_primer_F	ACTGGTACCTGGATGTCATCAGAAGG	ALL	78.0	57.63
a_F	TGGAAGCTGTGTGAC	ALL	46.0	43.86
b1_R	CTTTCCTGTGGCCATAGAGTATG	ALL	68.0	52.73
b2_R	GGGATTTTAGCTGGAGAGCC	ALL	62.0	52.21
c1_F	CATACTCTATGGCCACAGGAAAG	ALL	68.0	52.73
c2_F	GGCTCTCCAGCTAAAATCCC	ALL	62.0	52.21
Dciam3n(eodviiioDis_1_F	ATATTGGATCCGCGCGCATGTCCGTGACCATGCTCCTC	DENV1	120.0	70.58
Dciam3n(eodviiioDis_2_R	ATATTATGCATGCGGCCGCTAGGCGGGGGCCACCTGGGAGGTCTCGGTGCCCTTGAACCAGCTTAGTTT	DENV1	220.0	78.95
SCR_F	TCAATATGCTGAAACGCGCGAGAACCG	ALL	82.0	62.14
SCR_R	TTGCACCAACAGTCAATGTCTTCAGGTC	ALL	82.0	59.67
TS4_R	TCTGTTGTCTTAAACAAGAGA	DENV4	56.0	46.58
Dciam3n(eodviiioDis_4_R	CTGAGTGAATCTCTCTGCTRAAC	DENV1	67.0	51.98
Dciam3n(eodviiioDis_9_F	TTGTCTTAATGATGCTRGTCG	DENV4	59.0	49.2
Den_E-A_F	GTTAACATCGAAGCCGAACCTCCTTTTGGT	ALL	88.0	61.2
Den_E-B_R	GGCTTCGATGTTAACACCAAAAGGAGGTTC	ALL	88.0	60.22
Den_E-5b_F	GGATCCGTTAACATCGAAGCC	ALL	64.0	53.42
Den_E-3he_R	GAATTCATTAAAGCTTACCAAAAGGAGGTTC	ALL	84.0	55.72
D1_F	TCAATATGCTAAAACGCGCGAGAAACCG	ALL	82.0	60.61
Modified_D1_F	TAATACGACTCACTATAGGTCAATATGCTAAAACGCGCGAGAAACCG	ALL	134.0	66.07
FLAVI-1_F	AATGTACGCTGATGACACAGCTGGCTGGGACAC	ALL	102.0	66.48
FLAVI-2_R	TCCAGACCTTCAGCATGTCTTCTGTTGTCATCCA	ALL	100.0	63.77
D(+)_F	ATTGCAATCGATAAGCTTGATATCGAATTCCTGCAGAG	DENV2	106.0	62.06
D(−)_R	ATGCTGCATGCTCTTCCCCTGAGTGAGGTGTT	DENV2	98.0	65.97
1(+)_F	TCACTTGGAATGCTGCAGGGAGGACCATTAA	DENV2	92.0	62.97
1(−)_R	ATGAACAGTTTTAATGGTCCTCCCTGCAGC	DENV2	88.0	61.03
2(+)_F	TCACTTGGAATGCTGCAGGGAAAACTGTTCA	DENV2	90.0	62.43
2(−)_R	ACCAGGGCCATGAACAGTTTTCCCTGCAGC	DENV2	94.0	66.07
3(+)_F	TCACTTGGAATGCTGCAGGGACTGGTGGCGT	DENV2	98.0	68.03
3(−)_R	GAAATGAAGGAACGCCACCAGTCCCTGCAGC	DENV2	98.0	66.27
4(+)_F	TTGGAATGCTGCAGGGACGACCATTAAAAC	DENV2	88.0	61.63
4(−)_R	GCCATGAACAGTTTTAATGGTCGTCCCTGC	DENV2	90.0	62.08
5(+)_F	TTGGAATGCTGCAGGGACGAGCGTTCCTTC	DENV2	94.0	65.87
5(−)_R	GTTAGGAAACGAAGGAACGCTCGTCCCTGC	DENV2	94.0	64.46
6(+)_F	TTGGAATGCTGCAGGGACGACCACCACCAACAG	DENV2	104.0	68.07
6(−)_R	TTCAGTATCCCTGCTGTTGGTGGTCGTCCCTGC	DENV2	104.0	67.24
FG1_F	TCAAGGAACTCCACACATGAGATGTACT	ALL	80.0	57.49
FG2_R	GTGTCCCATCCTGCTGTGTCATCAGCATACA	ALL	94.0	63.42
DENV_F	GCATATTGACGCTGGGARAGAC	ALL	67.0	54.77
NS4B_F	CCGGAATTCACCATGGGAACACCCCAAGACAACCAACT	DENV2	116.0	68.08
NS4B(1-232)_R	CCGGTACCGGTGGATTTCCTTCCCACAATGT	DENV2	96.0	64.96
NS4B(1-155)_R	CCGGTACCGGTTCTCTGGTTGCTTTTGCTTG	DENV2	96.0	64.85
NS4B(1-125)_R	CCCGGGGACTTGTGAGTAGCATCCAATGGC	DENV2	96.0	65.6
NS4B(1-77)_R	CCCGGGATGTCTCAACATTGGTGTAAC	DENV2	82.0	59.6
NS4B(1-47)_R	CCCGGGCTCGGGTTGCTGGGTTGCAATGC	DENV2	98.0	70.41
Δ2KNS4B_F	CCGGAATTCACCATGAACGAGATGGGTTTCCTAGAAA	DENV2	108.0	64.07
Δ2KNS4B_R	GGGGTACCCTTCTTGTGTTGGTTGTGT	DENV2	82.0	60.7
MHC-I_F	CCGGAATTCACCATGGTCCCGTGCACGCTGCTCCTGCTGTTGGCAGCCGCCCTGGCTCCTGGCTCCGACTCAGACCCGGGCCCGGAACGAGATG	DENV2	316.0	84.46
NS4A/B_F	CCGGAATTCACCATGTCTCTGACCCTGAACCTAATCAC	DENV2	114.0	65.12
D1_F	AGTTGTTAGTCTRYGTGGACCGAC	ALL	72.0	56.49
D1-TS1_R	CCCGTAACACTTTGATCGC	DENV1	58.0	51.18
Pan-DENV_F	AAGGACTAGAGGTTAGAGGAGAC	ALL	68.0	51.89
Pan-DENV_R	GGCGTTCTGTGCCTGGAATGAT	ALL	68.0	57.56
Forward_F	GGTTGTAGGAGATGTTGCTGGG	DENV2	68.0	55.05
Reverse_R	TAGCCTTTCCCCAGCTTTTCCA	DENV2	66.0	55.83
Forward_F	TCAAAGGAATCATGCAGGCAGG	DENV2	66.0	55.28
Reverse_R	TCGGGGCCATCAATGAGAAA	DENV2	60.0	53.45
Forward_F	GCCAATGAACTGAACTACATATTATGGG|	DENV2	78.0	54.54
Reverse_R	GGTGTTAGTGTTCTTTTCCCTTGCTCT	DENV2	78.0	57.37
Forward_F	ATGTTCTCTGGGAAGGAGGACAT	DENV2	68.0	54.71
Reverse_R	TCATTCACTGGAGGTGTGAGTGCTC	DENV2	76.0	58.48
Dofbrtcrwtups_1_N	ATGGATTACCAATATCT	DENV1	44.0	36.77
Dofbrtcrwtups_2_N	GTAAGCTTGAGATGGAC	DENV2	50.0	43.26
Dofbrtcrwtups_3_N	AGCCAAAAGAATGGAAG	DENV3	48.0	43.39
Dofbrtcrwtups_4_N	CTGCATCTGGAAAACTA	DENV4	48.0	42.48
Dengue-2_F	AAGGACTAGIGGTTAKAGGAGACC	DENV2	69.0	48.75
Dengue-2_R	CTGTTGATTCAACAGCACCATTC	DENV2	66.0	52.99
Dengue-2_R	CTGTTGGATCAACAACACCAATC	DENV2	66.0	52.64
DEN1-635_F	AGACACATGGGTGACCTAGG	DENV1	62.0	52.51
DEN1-2472_R	CTCTGTCCAAGTGTGGACTTC	DENV1	64.0	52.46
DEN2-835_F	CCAGGCTTTACCATAATGGC	DENV2	60.0	50.75
DEN2-2420_R	CCAGCTGCACAACGCAACCAC	DENV2	68.0	59.66
DEN4-685_F	AGAGCGGAGAACGGAGACGAG	DENV4	68.0	57.82
DEN4-2454_R	TCCGCTTCCACACTTCAATTC	DENV4	62.0	53.06
CYD1_F	CATTGCAGTTGGCCTGGTAA	DENV1	60.0	52.92
CYD1_R	ACTTGAGCTCTCTCTTGCCAAAG	DENV1	68.0	54.9
CYD2_F	GTGGGAGTCGTGACGCTGTA	DENV2	64.0	56.12
CYD3_F	AAAACACTTCCATGTCATTTTCATG	DENV3	66.0	51.4
CYD4_F	CTTAGTATTGTGGATTGGCACGAA	DENV4	68.0	53.49
CYD4_R	GCGCCAACTGTGAAACCTAGA	DENV4	64.0	55.08
Fap3stbcacdatesovi_2_F	CATGAGTTAATCATGAAAGAC	DENV2	56.0	44.69
D2/2048-S_F	CTCCAITCGGAGACAGCTAC	DENV2	60.0	46.62
D2/2578-C_R	TTACTGAGCGGATTCCACAGATGCC	DENV2	76.0	58.88
ST3_N	TAACATCATGAGACAGAGC	DENV3	54.0	46.06
F1_F	GACTAGAGGTTAGAGGAGACCCCC	ALL	76.0	56.45
R2_R	CAATCCATCTTGCGGCGCTCT	DENV4	66.0	57.88
5_F	CCACGATAGCGGTGTCCA	DENV1	58.0	53.43
5_R	GCCGTTCCTCTCGACACT	DENV1	58.0	53.38
6_F	ACCTTCATCATCGACGGC	DENV1	56.0	51.53
6_R	CATTAGCCGGTGGTCACA	DENV1	56.0	51.27
7_F	GCGTTCCATCTGACCACC	DENV1	58.0	52.48
7_R	TCTCGTCGGTGTTCACCA	DENV1	56.0	52.44
8_F	GGAGAGCCGCACATGATA	DENV1	56.0	50.82
8_R	AACGTCATCTGGTTCCGT	DENV1	54.0	50.46
Pohggtaitpbopwadhf_1_F	ATCCATGCCCATCAYCAATG	DENV1	59.0	51.22
Pohggtaitpbopwadhf_2_R	GATCARTGGTGTGGATCCCTG	DENV1	65.0	53.41
Pohggtaitpbopwadhf_4_R	GAGAAGACCAATGGTGCGGC	DENV2	64.0	55.92
Pohggtaitpbopwadhf_5_F	TTTCTGCTCCCACCACTTTCAT	DENV3	64.0	54.16
Pohggtaitpbopwadhf_6_R	AGACTRGCATCCAACGCCA	DENV3	59.0	54.45
Pohggtaitpbopwadhf_8_R	ATGAAGGATGGCCGYTCACT	DENV4	61.0	54.58
DENEB-I_R	GTTTCACCTAGAATGGCCATT	DENV4	60.0	50.34
DENEB-II_F	AAGTGCAAAGTCCGTATGGAG	DENV4	62.0	52.5
DEN2-5S_F	GTTGTTAGTCTACGTGGACC	DENV2	60.0	49.9
DEN2-5C_R	CTGTTGGTGGGATTGTTAGG	DENV2	60.0	50.24
DEN2-3S_F	ACTACATGCCATCCATGAAG	DENV2	58.0	49.39
DEN2-3C_R	AGAACCTGTTGATT	DENV2	38.0	34.1
D2/36-S_F	CTTTGAGGAGCTAAGCTCA	DENV2	56.0	48.46
D2/82-S_F	GAGAGCAGATCTCTGATGAATAAC	DENV2	68.0	50.92
D2/679-C_R	TTCTTTGTTCTCCGGTGGTGGC	DENV2	68.0	57.37
D2/810-S_F	AACCTGGATCTTGAGACATC	DENV2	58.0	48.63
D2/858-C_R	GTGTCGTTCCTATGGTGTATGCC	DENV2	70.0	55.46
D2/1395-S_F	TGACACAGGAAAACATGGCA	DENV2	58.0	52.08
D2/1741-S_F	GAAATCCAGATGTCATCAGG	DENV2	58.0	47.74
D2/1830-C_R	TTCCTGTACACATAGAGTAT	DENV2	54.0	44.12
D2/2048-S_F	CTCCATTCGGAGACAGCTACG	DENV2	66.0	54.55
D2/2405-S_F	GAGCTATGGTGCAGGCTGA	DENV2	60.0	53.68
D2/2474-C_R	TGTGCACGTTATATGTGATGAAGATCC	DENV2	76.0	55.69
D2/2578-C_R	TTACTGAGCGGATTCCACAAATGCC	DENV2	74.0	57.87
D2/2609-S_F	GGAGAATCTGATGTGGAAAC	DENV2	58.0	47.99
D2/3015-S_F	GGGTTATTGGATAGAAAGTGC	DENV2	60.0	48.57
D2/3087-C_R	TGTGACTTTGGCCAGTGGCAG	DENV2	66.0	57.5
D2/3167-S_F	GGCCAGTGTCACAACACAAC	DENV2	62.0	54.2
D2/3559-C_R	GCAGTATTGCATGTTTCGTTCC	DENV2	64.0	53.14
Flavi1+_F	GAYYTIGGITGYGGIIGIGGIRGITGG	ALL	68.0	
Flavi1−_R	TCCCAICCIGCIRTRTCRTCIGC	ALL	63.0	32.1
Flavi2−_R	CCARTGITCYKYRTTIAIRAAICC	ALL	58.0	28.55
ND1_F	CCAARAGCRAAACRWGGCACAGCAC	DENV1	77.0	60.79
ND2_F	YCGYAAYATYGGRATTGAAAGTGA	DENV2	67.0	53.43
ND3_F	GAGCTGCTGTTGAGGACGARGAATT	DENV3	75.0	58.32
ND4_F	GGAAGCTATGAAGCTCCYTCGAC	DENV4	71.0	56.0
D1–4_R	GAGACAGCAGGATCTCTGGTC	DENV1	66.0	53.77
D2_F	GAGATGAAGCTGTAGTCTCIC	ALL	60.0	44.19
DEN1_N	TCAATATGCTGAAACGCGACTGAGAAACCG	DENV1	88.0	61.51
DEN2_N	TTGCACCAGCATCATGTCTTCAGGTTC	DENV2	80.0	59.75
D1_F	AGAGACAGAGTTCTGAGGCA	ALL	60.0	51.8
D1_R	CTTCTGTGCCAGACACTAGA	ALL	60.0	50.81
Flavi2+_F	YGYRTIYAYAWCAYSATGGG	ALL	56.0	43.37
D1_F	TCAATATGCTGAAACGCGCGAGAAACCG	ALL	84.0	62.27
TS1_R	CGTCTCAGTGATCCGGGGG	DENV1	64.0	56.02
TS2_R	CGCCACAAGGGCCATGAACAG	DENV2	68.0	58.6
TS3_R	TAACATCATCATGAGACAGAGC	DENV3	62.0	49.91
TS4_R	CTCTGTTGTCTTAAACAAGAGA	DENV4	60.0	47.98
DENV1_30_RIGHT_R	GCTCCCAACCACATGTACCATA	DENV1	66.0	54.14
DEN-1_F	CAAAAGGAAGTCGTGCAATA	DENV1	56.0	48.57
DEN-1_C_R	CTGAGTGAATTCTCTCTACTGAACC	DENV1	72.0	52.78
DEN-2_F	CAGGTTATGGCACTGTCACGAT	DENV2	66.0	54.83
DEN-2_C_R	CCATCTGCAGCAACACCATCTC	DENV2	68.0	56.0
DEN-3_F	GGACTGGACACACGCACTCA	DENV3	64.0	56.58
DEN-3_C_R	CATGTCTCTACCTTCTCGACTTGTCT	DENV3	76.0	55.82
DEN-4_F	TTGTCCTAATGATGCTGGTCG	DENV4	62.0	52.3
DEN-4_C_R	TCCACCTGAGACTCCTTCCA	DENV4	62.0	53.49
D1_F	CAAAAGGAAGTCGYGCAATA	ALL	57.0	50.02
D1_R	CTGAGTGAATTCTCTCTACTGAAC	ALL	68.0	50.76
D1_R	CTGAGTGAATTCTCTCTGCTRAAC	ALL	69.0	52.55
D2_F	CAGGCTATGGCACYGTCACGAT	ALL	69.0	57.92
D2_R	CCATYTGCAGCARCACCATCTC	ALL	68.0	56.42
D3_F	GGACTRGACACACGCACCCA	DENV3	65.0	57.46
D3_R	CATGTCTCTACCTTCTCGACTTGYCT	DENV3	77.0	56.88
D4_R	TCCACCYGAGACTCCTTCCA	DENV4	63.0	54.78
DatodvboRhma_1_F	GACTTYGTGGAAGGDSTBTCAGG	DENV1	71.0	56.13
DatodvboRhma_2_R	GTCAGGTTBSCYTCWATGCA	DENV1	60.33	52.66
Den-4_R	TGTTGTCTTAAACAAGAGAGGTC	DENV4	64.0	50.58
mD1_F	TCAATATGCTGAAACGCGAGAGAAACCG	ALL	82.0	59.92
rTS1_R	CCCGTAACACTTTGATCGCT	DENV1	60.0	52.57
mTS2_R	CGCCACAAGGGCCATGAACAGTTT	DENV2	74.0	60.41
rTS4_R	TTCTCCCGTTCAGGATGTTC	DENV4	60.0	51.44
D2S_F	GTTCCTCTGCAAACACTCCA	DENV2	60.0	52.24
Smnfgsodv_6_R	TCTGTGCCTGGAATGATGCT	DENV1, DENV2, DENV3	60.0	53.46
DENV_NS5_F	GGAAGGAGAAGGACTGCACA	ALL	62.0	53.44
DENV_NS5_R	ATTCTTGTGTCCCATCCTGCT	ALL	62.0	53.37
DodvRipaposdibutTaas_3_F	ACAAGTCGAACAACCTGGTCCAT	DENV2	68.0	56.33
Den1_R10735_R	AGAACCTGTTGATTCAACAGCACC	DENV1	70.0	55.82
Den4_F1_F	AGTTGTTAGTCTGTGTGGACCGAC	DENV4	72.0	56.61
DV1_F	GGRACKTCAGGWTCTCC	ALL	54.0	47.62
DV3_R	AARTGIGCYTCRTCCAT	ALL	47.0	38.34
DSP1_F	AGTTTCTTTTCCTAAACACCTCG	DENV1	64.0	51.16
DSP2_F	CCGGTGTGCTCRGCYCTGAT	DENV2	66.0	58.82
DSP3_F	TTAGAGTYCTTAAGCGTCTCTTG	DENV3	65.0	51.07
DSP4_F	CCTGGTTGATGACAAAAGTCTTG	DENV4	66.0	52.32
DV.L1_R	CATTCCATTTTCTGGCGTTCT	DENV1, DENV2, DENV3	60.0	51.36
Pan_F	TTGAGTAAACYRTGCTGCCTGTAGCTC	ALL	80.0	59.01
Fragment_A_F	AGTTGTTAGTCTACGTGGACCG	ALL	66.0	53.97
Fragment_B_R	TGGCGTTCTGTGCCTGGAAT	ALL	62.0	56.5
d2s1Csingle_bondCC_F	AGTTGTTAGTCTACGTGGACCGACA	DENV2	74.0	57.46
Forward_F	CATGGCCCTKGTGGCG	DENV2	55.0	53.77
Reverse_R	CCCCATCTYTTCAGTATCCCTG	DENV2	67.0	52.83
Group_forward_F	AAGGACTAGAGGTTAKAGGAGACCC	ALL	75.0	55.02
Group_reverse_R	GGCGYTCTGTGCCTGGAWTGATG	ALL	73.0	59.48
DEN2-C_R	GTGTTATTTTGATTTCCTTG	DENV2	52.0	42.9
DENV-4_F	GYGTGGTGAAGCCYCTRGAT	DENV4	63.0	54.94
Cebeof_1_R	AGAACCTGTTGATTCAACAGC	DENV2	60.0	50.94
DoaSSMfPSaGoDV_4_R	GCTGATCGAATTCCACACARCC	DENV1	67.0	55.38
DoaSSMfPSaGoDV_10_R	CTCGCTGGGGACTCTGGTTG	DENV4	66.0	56.71
1537-1557_R	GGTAGGTCTAGGAACCATTGT	DENV1	62.0	50.51
1139-1158_F	ACAACCGACTCAAGATGTCC	DENV3	60.0	51.78
CYD2_R	GTTGATGGCGCATCCTTGATC	DENV2	64.0	54.28
1_F	CTGCGCACGCTAGTCTTA	DENV1	56.0	51.67
1_R	GTGGCGTGACACATAAGG	DENV1	56.0	50.25
2_F	TGCGCACGCTAGTCTTAG	DENV1	56.0	51.67
3_R	TGGCGTGACACATAAGGT	DENV1	54.0	50.39
