,,75/75,,Progress:,74,/404,,,,,,,
Title,Reference,Year,Pubmed Link,Full Text Link,c,Genotype x,Primer Name,Orientation,Sequence,Tm°,Remarks,Yellow Remarks,Explanation
A novel colorimetric biosensor for rapid detection of dengue virus upon acid-induced aggregation of colloidal gold,Mol Biol Rep. 2011 Nov;38(8):4979-83. doi: 10.1007/s11033-010-0642-9. Epub 2010 Dec 15.,2023 Aug 17;15(32):3991-3999.,https://pubmed.ncbi.nlm.nih.gov/37545366,https://doi.org/10.1039/d3ay00756a,1,,N/A,N/A,N/A,,,,
Quantitative detection of dengue 2 virus using fluorogenic RT-PCR based on 3'-noncoding sequence,J Virol Methods. 2022 Feb;300:114407. doi: 10.1016/j.jviromet.2021.114407. Epub 2021 Dec 9.,2000 Apr;86(1):1-11.,https://pubmed.ncbi.nlm.nih.gov/10713370,https://linkinghub.elsevier.com/retrieve/pii/S0166093499001664,1,,N/A,N/A,N/A,,,,
Dengue infection,Nat Rev Dis Primers. 2016 Aug 18;2:16055. doi: 10.1038/nrdp.2016.55.,2016 Aug 18:2:16055.,https://pubmed.ncbi.nlm.nih.gov/27534439,https://doi.org/10.1038/nrdp.2016.55,1,,N/A,N/A,N/A,,,,
Rapid detection and typing of dengue viruses from clinical samples by using reverse transcriptase-polymerase chain reaction,J Clin Microbiol. 1992 Mar;30(3):545-51. doi: 10.1128/jcm.30.3.545-551.1992.,1992 Mar;30(3):545-51.,https://pubmed.ncbi.nlm.nih.gov/1372617,https://journals.asm.org/doi/10.1128/jcm.30.3.545-551.1992?url_ver=Z39.88-2003&rfr_id=ori:rid:crossref.org&rfr_dat=cr_pub  0pubmed,1,,D1,Forward,TCAATATGCTGAAACGCGCGAGAAACCG,,,,
,,,,,,,D2,Reverse,TTGCACCAACAGTCAATGTCTTCAGGTTC,,,,
,,,,,,,TS1,Reverse,CGTCTCAGTGATCCGGGGG,,,,
,,,,,,,TS2,Reverse,CGCCACAAGGGCCATGAACAG,,,,
,,,,,,,TS3,Reverse,TAACATCATCATGAGACAGAGC,,,,
,,,,,,,TS4,Reverse,CTCTGTTGTCTTAAACAAGAGA,,,,
PCR detection of nearly any dengue virus strain using a highly sensitive primer 'cocktail',J Genomics. 2018 Apr 10;6:34-40. doi: 10.7150/jgen.22460. eCollection 2018.,2011 May;278(10):1676-87.,https://pubmed.ncbi.nlm.nih.gov/21410643,https://onlinelibrary.wiley.com/doi/10.1111/j.1742-4658.2011.08091.x,1,,1G1P1,Forward,CAAACCATGGAAGCTGTACG,,,,
,,,,,,,1G1P1,Reverse,TTCTGTGCCTGGAATGATGCT,,,,
,,,,,,,1G1P1,Forward,CAAACCATGGAAGCTGTACG,,,,
,,,,,,,1G1P1,Reverse,TTCTGTGCCTGGAATGATGCT,,,,
,,,,,,,2G2P5,Forward,GAGTGGAGTGGAAGGAGAAGGG,,,,
,,,,,,,2G2P5,Reverse,CCTCTTGGTGTTGGTCTTTGC,,,,
,,,,,,,1G3P6,Forward,CAGACTAGTGGTTAGAGGAGA,,,,
,,,,,,,1G3P6,Reverse,GGAATGATGCTGTAGAGACA,,,,
,,,,,,,1G4P217,Forward,ATATGCTGAAACGCGTGAG,,,,
,,,,,,,1G4P217,Reverse,CATCATGAGACAGAGCGAT,,,,
,,,,,,,1G5P30,Forward,TTCCAACAAGCAGAACAACAT,,,,
,,,,,,,1G5P30,Reverse,GCTACAGGCAGCACGGTTT,,,,
Metagenomic sequencing with spiked primer enrichment for viral diagnostics and genomic surveillance,Trop Biomed. 2020 Mar 1;37(1):58-65.,2020 Mar;5(3):443-454.,https://pubmed.ncbi.nlm.nih.gov/31932713,https://doi.org/10.1038/s41564-019-0637-9,1,,N/A,N/A,N/A,,,,
Proposing drug fragments for dengue virus NS5 protein,BMC Bioinformatics. 2018 Sep 4;19(1):312. doi: 10.1186/s12859-018-2313-0.,2018 Jun;16(3):1840017.,https://pubmed.ncbi.nlm.nih.gov/29945503,https://www.worldscientific.com/doi/10.1142/S0219720018400176?url_ver=Z39.88-2003&rfr_id=ori:rid:crossref.org&rfr_dat=cr_pub  0pubmed,1,,N/A,N/A,N/A,,,Paid Access,
Dengue Virus Capsid Protein Facilitates Genome Compaction and Packaging,J Bioinform Comput Biol. 2018 Jun;16(3):1840017. doi: 10.1142/S0219720018400176.,2023 May 2;24(9):8158.,https://pubmed.ncbi.nlm.nih.gov/37175867,https://www.mdpi.com/resolver?pii=ijms24098158,1,,N/A,N/A,N/A,,,,
Molecular surveillance of arboviruses in Nigeria,Nat Microbiol. 2020 Mar;5(3):443-454. doi: 10.1038/s41564-019-0637-9. Epub 2020 Jan 13.,2023 Aug 18;23(1):538.,https://pubmed.ncbi.nlm.nih.gov/37596550,https://bmcinfectdis.biomedcentral.com/articles/10.1186/s12879-023-08526-z,1,,N/A,Forward,AAACCGCGTGTCGACTGTGC,,,Primers and probes for the detection of selected arboviruses,
,,,,,,,N/A,Reverse,TAGGAAACGAAGGAATGCCACC,,,Primers and probes for the detection of selected arboviruses,
DengueSeq: A pan-serotype whole genome amplicon sequencing protocol for dengue virus,Emerg Infect Dis. 2022 Jun;28(6):1198-1210. doi: 10.3201/eid2806.212491.,2023 Oct 13:2023.10.13.23296997.,https://pubmed.ncbi.nlm.nih.gov/37873191,https://doi.org/10.1101/2023.10.13.23296997,1,,N/A,N/A,N/A,,,,
"Retrospective Genomic Characterization of a 2017 Dengue Virus Outbreak, Burkina Faso",Mem Inst Oswaldo Cruz. 2018;113(5):e170393. doi: 10.1590/0074-02760170393. Epub 2018 Feb 26.,2022 Jun;28(6):1198-1210.,https://pubmed.ncbi.nlm.nih.gov/35608626,https://doi.org/10.3201/eid2806.212491,1,,DEN-1 F,Forward,CAAAAGGAAGTCGTGCAATA,,,,
,,,,,,,DEN-1 C,Reverse,CTGAGTGAATTCTCTCTACTGAACC,,,,
,,,,,,,DEN-2 F,Forward,CAGGTTATGGCACTGTCACGAT,,,,
,,,,,,,DEN-2 C,Reverse,CCATCTGCAGCAACACCATCTC,,,,
,,,,,,,DEN-3 F,Forward,GGACTGGACACACGCACTCA,,,,
,,,,,,,DEN-3 C,Reverse,CATGTCTCTACCTTCTCGACTTGTCT,,,,
,,,,,,,DEN-4 F,Forward,TTGTCCTAATGATGCTGGTCG,,,,
,,,,,,,DEN-4 C,Reverse,TCCACCTGAGACTCCTTCCA,,,,
,,,,,,,D1-F,Forward,CAAAAGGAAGTCGTGCAATA,,Published (1),,
,,,,,,,,Forward,CAAAAGGAAGTCGYGCAATA,,CDC DENV-1–4 Real,,
,,,,,,,D1-R,Reverse,CTGAGTGAATTCTCTCTACTGAAC,,Published (1),,
,,,,,,,,Reverse,CTGAGTGAATTCTCTCTGCTRAAC,,CDC DENV-1–4 Real,,
,,,,,,,D2-F,Forward,CAGGTTATGGCACTGTCACGAT,,Published (1),,
,,,,,,,,Forward,CAGGCTATGGCACYGTCACGAT,,CDC DENV-1–4 Real,,
,,,,,,,D2-R,Reverse,CCATCTGCAGCAACACCATCTC,,Published (1),,
,,,,,,,,Reverse,CCATYTGCAGCARCACCATCTC,,CDC DENV-1–4 Real,,
,,,,,,,D3-F,Forward,GGACTGGACACACGCACTCA,,Published (1),,
,,,,,,,,Forward,GGACTRGACACACGCACCCA,,CDC DENV-1–4 Real,,
,,,,,,,D3-R,Reverse,CATGTCTCTACCTTCTCGACTTGTCT,,Published (1),,
,,,,,,,,Reverse,CATGTCTCTACCTTCTCGACTTGYCT,,CDC DENV-1–4 Real,,
,,,,,,,D4-F,Forward,TTGTCCTAATGATGCTGGTCG,,Published (1),,
,,,,,,,,Forward,TTGTCCTAATGATGCTRGTCG,,CDC DENV-1–4 Real,,
,,,,,,,D4-R,Reverse,TCCACCTGAGACTCCTTCCA,,Published (1),,
,,,,,,,,Reverse,TCCACCYGAGACTCCTTCCA,,CDC DENV-1–4 Real,,
Substrate selectivity of Dengue and Zika virus NS5 polymerase towards 2'-modified nucleotide analogues,medRxiv. 2023 Oct 13:2023.10.13.23296997. doi: 10.1101/2023.10.13.23296997. Preprint.,2017 Apr:140:25-36.,https://pubmed.ncbi.nlm.nih.gov/28041959,https://linkinghub.elsevier.com/retrieve/pii/S0166-3542(16)30754-9,1,,N/A,N/A,N/A,,,,
Detection and typing of dengue virus by one-step RT-PCR-based high-resolution melting assay,J Clin Virol Plus. 2022 Nov;2(4):None. doi: 10.1016/j.jcvp.2022.100112.,2022 Aug;58(4):319-326.,https://pubmed.ncbi.nlm.nih.gov/35536436,https://doi.org/10.1007/s11262-022-01906-8,1,,E Gene?,Forward,GACTTYGTGGAAGGDSTBTCAGG,,,Unsure with the name,
,,,,,,,E Gene?,Reverse,GTCAGGTTBSCYTCWATGCA,,,Unsure with the name,
Enhancing the sensitivity of Dengue virus serotype detection by RT-PCR among infected children in India,Southeast Asian J Trop Med Public Health. 2009 Mar;40(2):253-62.,2017 Jun:244:46-54.,https://pubmed.ncbi.nlm.nih.gov/28254680,https://linkinghub.elsevier.com/retrieve/pii/S0166-0934(16)30508-0,1,,DUL,Forward,TGGCTGGTGCACAGACAATGGTT,,,,
,,,,,,,DUR,Reverse,GCTGTGTCACCCAGAGTGGCCAT,,,,
,,,,,,,D1L,Forward,GGGGCTTCAACATCCCAAGAG,,,,
,,,,,,,D1R,Reverse,GCTTAGTTTCAAAGCTTTTTCAC,,,,
,,,,,,,D2L,Forward,ATCCAGATGTCATCAGGAAAC,,,,
,,,,,,,D2R,Reverse,CCGGCTCTACTCCTATGATG,,,,
,,,,,,,D3L,Forward,CAATGTGCTTGAATACCTTTGT,,,,
,,,,,,,D3R,Reverse,GGACAGGCTCCTCCTTCTTG,,,,
,,,,,,,D4L,Forward,GGACAACAGTGGTGAAAGTCA,,,,
,,,,,,,D4R,Reverse,GGTTACACTGTTGGTATTCTCA,,,,
,,,,,,,D1,Forward,TCAATATGCTGAAACGCGCGAGAAACCG,,,,
,,,,,,,D2,Reverse,TTGCACCAACAGTCAATGTCTTCAGGTTC,,,,
,,,,,,,DencomR2,Reverse,GCNCCTTCDGMNGACATCC,,,orientation unsure,
,,,,,,,TS1,Reverse,CGTCTCAGTGATCCGGGGG,,,,
,,,,,,,TS2,Reverse,CGCCACAAGGGCCATGAACAG,,,,
,,,,,,,TS3,Reverse,TAACATCATCATGAGACAGAGC,,,,
,,,,,,,Den-4,Reverse,TGTTGTCTTAAACAAGAGAGGTC,,,,
Dengue virus disrupts Daxx and NF-ÎºB interaction to induce CD137-mediated apoptosis,Int J Mol Sci. 2023 May 2;24(9):8158. doi: 10.3390/ijms24098158.,2014 Aug 8;450(4):1485-91.,https://pubmed.ncbi.nlm.nih.gov/25019989,https://linkinghub.elsevier.com/retrieve/pii/S0006-291X(14)01230-3,1,,NTDaxx_F,Forward,CCATGCGAGGTTCTGAG,,,,
,,,,,,,NTDaxx_R,Reverse,CACCAAAAGGGGATTAG,,,,
,,,,,,,DaxxBam_F,Forward,CTAGGATCCGACATGGCCACCGCTAAC,,,,
,,,,,,,DaxxXba_R,Reverse,CTATAGACTAATCAGAGTCTAAG,,,,
,,,,,,,CD137 Promoter_F  ,Forward,AGGTACCTGCCATGTTGGACGTC,,,,
,,,,,,,CD137 Promoter_R  ,Reverse,TAAGCTTGATGAAATCTGGCACAG,,,,
,,,,,,,Full CD137_F      ,Forward,CTAGGTACCAATCCCTCCTAGCTCTCAG,,,,
,,,,,,,Del1_F            ,Forward,CTAGGTACCCCATTATCAGGCAGG,,,,
,,,,,,,Del2_F            ,Forward,CTAGGTACCGAGACCCCGCCCCTG,,,,
,,,,,,,Del3_F            ,Forward,TAGGTACCGACCTGAAGTCCTC,,,,
,,,,,,,Full CD137_R      ,Reverse,GTTAAGCTTAGATCTCAGGGCTGCCGG,,,,
,,,,,,,SiDaxx      ,             ,CAGCCAAGCUCTAUGUCUACAUCAA,,,,
,,,,,,,SiC         ,             ,CACGCCTCTTTGTCTTGTTTCGAAA,,,,
Galidesivir Triphosphate Promotes Stalling of Dengue-2 Virus Polymerase Immediately Prior to Incorporation,Virus Genes. 2022 Aug;58(4):319-326. doi: 10.1007/s11262-022-01906-8. Epub 2022 May 10.,2023 Aug 11;9(8):1658-1673.,https://pubmed.ncbi.nlm.nih.gov/37488090,https://doi.org/10.1021/acsinfecdis.3c00311,1,,primerCy5.5,N/A,AGAACCUGUUGAACAAAAGC,,,,
,,,,,,,TemplateA,N/A,UUUUUUUUUCGCUUUUGU,,,,
,,,,,,,TemplateB,N/A,CGAGACGAUCGCUUUUGU,,,,
,,,,,,,TemplateC,N/A,CGAGACGUUCGCUUUUGU,,,,
,,,,,,,TemplateD,N/A,CGAGACUUUCGCUUUUGU,,,,
,,,,,,,TemplateE,N/A,CGAGACUAUCGCUUUUGU,,,,
,,,,,,,TemplateF,N/A,CGAGAUGAUCGCUUUUGU,,,,
,,,,,,,TemplateG,N/A,AUUAUUAGUCGCUUUUGU,,,,
,,,,,,,TemplateH,N/A,CCCCCCCUCCGCUUUUGU,,,,
,,,,,,,TemplateI,N/A,CCCCCUCCCCGCUUUUGU,,,,
,,,,,,,TemplateJ,N/A,CCCUCCCCCCGCUUUUGU,,,,
,,,,,,,TemplateK,N/A,CCCUUCCCCCGCUUUUGU,,,,
"Serotyping of dengue virus in 2016-17 outbreak in Kudat, Sabah, Malaysia",Antiviral Res. 2017 Apr;140:25-36. doi: 10.1016/j.antiviral.2016.12.021. Epub 2016 Dec 30.,2020 Mar 1;37(1):58-65.,https://pubmed.ncbi.nlm.nih.gov/33612718,https://www.msptm.org/files/Vol37No1/58-65-Chua-TH.pdf,1,,mD1,Forward,TCAATATGCTGAAACGCGAGAGAAACCG,,,,
,,,,,,,D2,Reverse,TTGCACCAACAGTCAATGTCTTCAGGTTC,,,,
,,,,,,,mD1 & rTS1,Reverse,CCCGTAACACTTTGATCGCT,,,,
,,,,,,,mD1 & mTS2,Reverse,CGCCACAAGGGCCATGAACAGTTT,,,,
,,,,,,,mD1 & TS3,Reverse,TAACATCATCATGAGACAGAGC,,,,
,,,,,,,mD1 & rTS4,Reverse,TTCTCCCGTTCAGGATGTTC,,,,
Detection of dengue virus in platelets isolated from dengue patients,Biochem Biophys Res Commun. 2014 Aug 8;450(4):1485-91. doi: 10.1016/j.bbrc.2014.07.016. Epub 2014 Jul 11.,2009 Mar;40(2):253-62.,https://pubmed.ncbi.nlm.nih.gov/19323010,No full text link available,1,,N/A,N/A,N/A,,,,
Relationship between clinical and laboratory features with infecting dengue virus serotypes in a sample of dengue suspected adult patients from 2015-2017 in Sri Lanka,J Virol Methods. 2010 Jan;163(1):1-9. doi: 10.1016/j.jviromet.2009.10.001. Epub 2009 Oct 12.,2022 Nov;2(4):None.,https://pubmed.ncbi.nlm.nih.gov/36518528,https://www.ncbi.nlm.nih.gov/pmc/articles/pmid/36518528/,1,,N/A,N/A,N/A,,,,
Dengue virus RNA purification from human plasma: a comparison of two techniques,Virol J. 2016 Aug 26;13(1):144. doi: 10.1186/s12985-016-0603-6.,2011 Nov;38(8):4979-83.,https://pubmed.ncbi.nlm.nih.gov/21161397,https://doi.org/10.1007/s11033-010-0642-9,1,,D2S,N/A,GTTCCTCTGCAAACACTCCA,,,,
,,,,,,,D2,N/A,CGTGTTATTTTGATTTCCTTG,,,,
Sensitivity and specificity of a universal primer set for the rapid diagnosis of dengue virus infections by polymerase chain reaction and nucleic acid hybridization,J Virol Methods. 2007 Oct;145(1):76-9. doi: 10.1016/j.jviromet.2007.05.003. Epub 2007 Jun 15.,1991 Oct;45(4):418-28.,https://pubmed.ncbi.nlm.nih.gov/1951850,https://ajtmh.org/doi/10.4269/ajtmh.1991.45.418,1,,N/A,N/A,N/A,,,Paid Access,
AT-752 targets multiple sites and activities on the Dengue virus replication enzyme NS5,BMC Infect Dis. 2023 Aug 18;23(1):538. doi: 10.1186/s12879-023-08526-z.,2023 Apr:212:105574.,https://pubmed.ncbi.nlm.nih.gov/36905944,https://linkinghub.elsevier.com/retrieve/pii/S0166-3542(23)00052-9,1,,N/A,N/A,N/A,,,,
Efficient Method for Molecular Characterization of the 5' and 3' Ends of the Dengue Virus Genome,ACS Infect Dis. 2023 Aug 11;9(8):1658-1673. doi: 10.1021/acsinfecdis.3c00311. Epub 2023 Jul 24.,2020 Apr 29;12(5):496.,https://pubmed.ncbi.nlm.nih.gov/32365696,https://www.mdpi.com/resolver?pii=v12050496,1,,DENV1_SP1,Forward,CCGGGGGCATTGTAGGTCA,,,,
,,,,,,,DENV1_SP2,Forward,TATCATGTGTGGCTCTCCYCCTC,,,,
,,,,,,,DENV1_SP3,Forward,CTTTGATYGCTCCATTCTTCTTGA,,,,
,,,,,,,DENV1_SP4,Reverse,CACCAATGGATGACAACAGAAG,,,,
,,,,,,,DENV1_SP5,Reverse,CACCTGGGCCACCAACATACAA,,,,
,,,,,,,DENV2_SP1,Forward,CCTTTCTCCTGCCTACCAACGAT,,,,
,,,,,,,DENV2_SP2,Forward,TGTTCAAGCATCCTTCCAATCTC,,,,
,,,,,,,DENV2_SP3,Forward,CGTTCCCCATCTTTTYAGTATCC,,,,
,,,,,,,DENV2_SP4,Reverse,AGAACATCCAAACAGCAATAAATC,,,,
,,,,,,,DENV2_SP5,Reverse,AAGGGAAGAGGAAGAGGCAGGTGT,,,,
,,,,,,,DENV3_SP1,Forward,GGTRATRTGGGGGCATTTGTAAG,,,,
,,,,,,,DENV3_SP2,Forward,GGGCTCTCCATCTCGTGAAG,,,,
,,,,,,,DENV3_SP3,Forward,GACTTCTTGAAGGTTCCCCATC,,,,
,,,,,,,DENV3_SP4,Reverse,GAAGGAGGAGGARTCGGAGGG,,,,
,,,,,,,DENV3_SP5,Reverse,GCCTGTGAGCCCCGTCTAAG,,,,
,,,,,,,DENV4_SP1,Forward,TTGTTGATCCCCTCTGTTGTYT,,,,
,,,,,,,DENV4_SP2,Forward,CCCTTTCATGTTTTGCCACTATCA,,,,
,,,,,,,DENV4_SP3,Forward,GTGGGATGGAAGRRACTCGCA,,,,
,,,,,,,DENV4_SP4,Reverse,GCAAACCGTGCTGCCTGTA,,,,
,,,,,,,DENV4_SP5,Reverse,GGACTTTCTTCYAGAGCCACCTG,,,,
A Serotype-Specific and Multiplex PCR Method for Whole-Genome Sequencing of Dengue Virus Directly from Clinical Samples,J Virol Methods. 2022 Mar;301:114459. doi: 10.1016/j.jviromet.2022.114459. Epub 2022 Jan 7.,2022 Oct 26;10(5):e0121022.,https://pubmed.ncbi.nlm.nih.gov/36094197,https://journals.asm.org/doi/abs/10.1128/spectrum.01210-22?url_ver=Z39.88-2003&rfr_id=ori:rid:crossref.org&rfr_dat=cr_pub  0pubmed,1,,N/A,N/A,N/A,,,,
In-silico Designing and Testing of Primers for Sanger Genome Sequencing of Dengue Virus Types of Asian Origin,Antiviral Res. 2023 Apr;212:105574. doi: 10.1016/j.antiviral.2023.105574. Epub 2023 Mar 9.,2018 Apr 10:6:34-40.,https://pubmed.ncbi.nlm.nih.gov/29707045,https://www.jgenomics.com/v06p0034.htm,1,,DENV1_1,Forward,TACGTGGACCGACAAGAACAGTTTCG,,,,
,,,,,,,DENV1_2,Reverse,TGCACATATTGACACCTACAGAGGTC,,,,
,,,,,,,DENV1_3,Forward,AACATAATGAACAGGAGGAAAAGATCCGTGAC,,,,
,,,,,,,DENV1_4,Reverse,TGAGTGATGGATGTTCCTATGGCATGTG,,,,
,,,,,,,DENV1_5,Forward,AGACTTGGGCTTTGCGACACCCAG,,,,
,,,,,,,DENV1_6,Reverse,TCTTGTTCTTCCACCAGTGTAGCTTCTC,,,,
,,,,,,,DENV1_7,Forward,ATTGAACTCTTGAAAACGGAGGTCACGAAC,,,,
,,,,,,,DENV1_8,Reverse,CTTTGTCAGTAACTATAGGATTGGCTG,,,,
,,,,,,,DENV1_9,Forward,GTGGCTGAGACCCAGCATGGAAC,,,,
,,,,,,,DENV1_10,Reverse,GCATCTCCTACAACCACTGTGAATTTCATGTC,,,,
,,,,,,,DENV1_11,Forward,TTCTGCTGACATGGTTGGGATTAAATTCAAGG,,,,
,,,,,,,DENV1_12,Reverse,GTACCTTCACACACATCAAAATCCAATTCC,,,,
,,,,,,,DENV1_13,Forward,GCTGAAATTGCGTGACTCCTACACCC,,,,
,,,,,,,DENV1_14,Reverse,CTGAGACATTGGCTCCAACCATGATGC,,,,
,,,,,,,DENV1_15,Forward,GAGAATCTAGTCAGGTCAATGGTCTCTGC,,,,
,,,,,,,DENV1_16,Reverse,TGGACCTCCACTAGTATGTTGTGTGAGG,,,,
,,,,,,,DENV1_17,Forward,CCTTTGGATGCAAACCACTAACCATGTTTC,,,,
,,,,,,,DENV1_18,Reverse,CCCTTCTTGTGATGCTTTGGCTTG,,,,
,,,,,,,DENV1_19,Forward,AGGCGAAGTTGGAGCCATAGCTCTAG,,,,
,,,,,,,DENV1_20,Reverse,CGCTCTGGACCATCCTTTAGTATTACC,,,,
,,,,,,,DENV1_21,Forward,GGCTACGACTGGATCACTGATTTTCC,,,,
,,,,,,,DENV1_22,Reverse,GTTTTCCTATTTCCAATATTAGGTCACCTG,,,,
,,,,,,,DENV1_23,Forward,GGAAAGGAACAACCAGGTGTTGGAGGAG,,,,
,,,,,,,DENV1_24,Reverse,TAACATCAACACCGCCGCTGTCAGTGTC,,,,
,,,,,,,DENV1_25,Forward,GAAAACCACCACCATGCTACAATGC,,,,
,,,,,,,DENV1_26,Reverse,TAGGTGTTAAATTCTGACTTGCTCAGTTGG,,,,
,,,,,,,DENV1_27,Forward,GTTACTGATACTTTGTACATCACAGATTCTC,,,,
,,,,,,,DENV1_28,Reverse,TCCACTGCCACATGTCTTGTTCC,,,,
,,,,,,,DENV1_29,Forward,GGTTTCATGTGGAACAGGAAACATTGTGTC,,,,
,,,,,,,DENV1_30,Reverse,CTCCCTCTCTCTGTGCACGAGATC,,,,
,,,,,,,DENV1_31,Forward,ACACCAAGAGCAAAACGAGGCACAGC,,,,
,,,,,,,DENV1_32,Reverse,GATTGGGAGTTTCCAATTCGCTAGGTAAAAAG,,,,
,,,,,,,DENV1_33,Forward,GATACATACTCAGAGACATATCAAAGATTCCG,,,,
,,,,,,,DENV1_34,Reverse,GGCATGGCACCACTATTTCCCTC,,,,
,,,,,,,DENV1_35,Forward,CGAATTGGAAACTCCCAATCTAGCTAAGAG,,,,
,,,,,,,DENV1_36,Reverse,CTATTTTCCTTTATTTCATGAGTGTGTTGGC,,,,
,,,,,,,DENV1_37,Forward,GAGAAGGCTCATCGGGAATGAGAATTATCTAG,,,,
,,,,,,,DENV1_38,Reverse,TGATTCAACGGCACCATTCCATTTTCTGGC,,,,
,,,,,,,DENV2_1,Forward,AGTTGTTAGTCTACGTGGACCGACAAAG,,,,
,,,,,,,DENV2_2,Reverse,CCTTCCAATCTCTTTCCTAAAGCCTCTC,,,,
,,,,,,,DENV2_3,Forward,GTTTCCTAACAATCCCACCAACAGC,,,,
,,,,,,,DENV2_4,Reverse,CCATGTTCTAAGACTATGTCAACCCAGC,,,,
,,,,,,,DENV2_5,Forward,CCATAGGAACAACATATTTCCAAAGAGTCCTG,,,,
,,,,,,,DENV2_6,Reverse,GATCCTAAAACAACAACATCCTGTTTCTTCG,,,,
,,,,,,,DENV2_7,Forward,TCAGGGGAAGAGAATGCAGTTGGAAATG,,,,
,,,,,,,DENV2_8,Reverse,TCGAACATTTGGCCGATTGAGCTTC,,,,
,,,,,,,DENV2_9,Forward,CAACATGGAACAATAGTTATCAGAGTACAATATG,,,,
,,,,,,,DENV2_10,Reverse,CCTGCCTGCATGATTCCTTTGATGTC,,,,
,,,,,,,DENV2_11,Forward,ACCGGGACAACTGAAGCTCAGC,,,,
,,,,,,,DENV2_12,Reverse,CATCCTGCCTTTCTTTCAACTTCAGC,,,,
,,,,,,,DENV2_13,Forward,CAACACAAACAGAGCTTGGAACTCACTAG,,,,
,,,,,,,DENV2_14,Reverse,CTTTCCATGCATTTTGTAGTATCACTGCATTTGG,,,,
,,,,,,,DENV2_15,Forward,GACCTCCAAGGAATTGATGATGACC,,,,
,,,,,,,DENV2_16,Reverse,GCCCATGATGGTTCAATCCTCTTCC,,,,
,,,,,,,DENV2_17,Forward,CAAGCAGAAAGGGATTCTTGGATACTC,,,,
,,,,,,,DENV2_18,Reverse,ACCCATTCATGTCCAGAATTCCACG,,,,
,,,,,,,DENV2_19,Forward,AGAACATTAATCCTGGCCCCTACTAGAG,,,,
,,,,,,,DENV2_20,Reverse,TTCACGCTCTGGTTCAAACATGCTGGG,,,,
,,,,,,,DENV2_21,Forward,AGCAATGCACCAATCATGGATGAGGAAAG,,,,
,,,,,,,DENV2_22,Reverse,AAGCGTCAGCAAAAGCAATGTCTCCAG,,,,
,,,,,,,DENV2_23,Forward,GAAAATCCCTGACCCTGAATCTAATCAC,,,,
,,,,,,,DENV2_24,Reverse,TTCTTCATGATGGAAAAGAGAAGTCCAGC,,,,
,,,,,,,DENV2_25,Forward,CACAGCAGCCCTTCTTTTATTGGTAGCAC,,,,
,,,,,,,DENV2_26,Reverse,CAAGTTTAGGACTCTGAGTGTTCGTCCTGC,,,,
,,,,,,,DENV2_27,Forward,TGGACTTCTCTTTTCCATCATGAAGAACAC,,,,
,,,,,,,DENV2_28,Reverse,GATGCTGATCCAGTCTGTTTTGTTTCG,,,,
,,,,,,,DENV2_29,Forward,CACCAAACCTAGACATAATTGGAAAAAGAATAG,,,,
,,,,,,,DENV2_30,Reverse,GTCACCATTTCTTCATTTTTTAAGTCCTCTAG,,,,
,,,,,,,DENV2_31,Forward,GGCACGAAGAAACTAATGAAAATCACGG,,,,
,,,,,,,DENV2_32,Reverse,TGAAGGTTCCCATTGTTGTATGTCTTTCC,,,,
,,,,,,,DENV2_33,Forward,GGCGTGAGAGGTTATCAAGAATGGC,,,,
,,,,,,,DENV2_34,Reverse,TTAATTCTGCCTTCTACCACAAGACCC,,,,
,,,,,,,DENV2_35,Forward,ATCCAAACAGCAATAAACCAAGTCAGATCC,,,,
,,,,,,,DENV2_36,Reverse,ATGATGCTGAGGAGACAGCAGG,,,,
,,,,,,,DENV3_1,Forward,AGTTGTTAGTCTACGTGGACCGACAAG,,,,
,,,,,,,DENV3_2,Reverse,CTCGTGAAGTCAAGTGGAAAGCAAGTG,,,,
,,,,,,,DENV3_3,Forward,GCCAGATGGGGAACCTTCAAGAAGTC,,,,
,,,,,,,DENV3_4,Reverse,CTTCCTTAGGGTCGCCAGTTGGGTG,,,,
,,,,,,,DENV3_5,Forward,AAGTCGAGAAGGTAGAGACATGGGC,,,,
,,,,,,,DENV3_6,Reverse,CCCAAGGGTTCCATATTCAGGCAAG,,,,
,,,,,,,DENV3_7,Forward,GAACCGATAGAGGGAAAAGTGGTGC,,,,
,,,,,,,DENV3_8,Reverse,TCCTATCGCAATGCATGAAAATGACATGG,,,,
,,,,,,,DENV3_9,Forward,CAAATATTCGGAAGTGCTTACACAGCCC,,,,
,,,,,,,DENV3_10,Reverse,CTGTGATGACAACTGTTGTTCCTTCACAATAG,,,,
,,,,,,,DENV3_11,Forward,CGGTGTGCTAGAGAGTGACATGATC,,,,
,,,,,,,DENV3_12,Reverse,ATGCTCGAAGACTGGCACACTGG,,,,
,,,,,,,DENV3_13,Forward,GTTACAACTGCCAGAGGACATTGAACAAATG,,,,
,,,,,,,DENV3_14,Reverse,CCCTTCTTCCAGTTCTGCTTTCTGTG,,,,
,,,,,,,DENV3_15,Forward,GAAGAGGCTGAGCAAACAGGAGTGTC,,,,
,,,,,,,DENV3_16,Reverse,TCTCTCTTCCTGTGTGTTCAGATTTTGTTGC,,,,
,,,,,,,DENV3_17,Forward,GCCATTGTTAGAGAGGCAATCAAGAGACG,,,,
,,,,,,,DENV3_18,Reverse,CCTATCTGTATATTTGATCCCTTCTGATGCTAC,,,,
,,,,,,,DENV3_19,Forward,GATAGAGTGATCGACCCAAGAAGATGTC,,,,
,,,,,,,DENV3_20,Reverse,GACTATAGCCGACGCGATCCATTG,,,,
,,,,,,,DENV3_21,Forward,ACACGTCAGAACATGGCGGTAG,,,,
,,,,,,,DENV3_22,Reverse,GAATCGTATATTACAGGATCTAGGTCTATCG,,,,
,,,,,,,DENV3_23,Forward,AACCAGGCAGTGGTCCTGATGG,,,,
,,,,,,,DENV3_24,Reverse,CTATGACTCTTCCTTCGGGAATGACCATG,,,,
,,,,,,,DENV3_25,Forward,CAATTATCCCGGAAAGAGTTTGACCTTTACAAG,,,,
,,,,,,,DENV3_26,Reverse,CTGTGATCTCCATAACCTTTCTTGTCCCTGGC,,,,
,,,,,,,DENV3_27,Forward,GTCTCTTCAGTCAACATGGTATCCAGATTG,,,,
,,,,,,,DENV3_28,Reverse,CTGTGTTCAGGGTCCATTTGCTGTG,,,,
,,,,,,,DENV3_29,Forward,GAAACTTGTGGACAGAGAACGTGAACTC,,,,
,,,,,,,DENV3_30,Reverse,CTTTGATGGCTGCCATTGAGGTATGTC,,,,
,,,,,,,DENV3_31,Forward,CAGACCTCGAGAACCCTCATCTG,,,,
,,,,,,,DENV3_32,Reverse,CACAGCTTCTTCCGTACTGTGGC,,,,
,,,,,,,DENV3_33,Forward,GGAGTCGGAGGGAGCCATTTGGTAAAC,,,,
,,,,,,,DENV3_34,Reverse,CCATTTTCTGGCGTTCTGTGCCTGGAATG,,,,
,,,,,,,DENV4_1,Forward,TTAGTCTGTGTGGACCGACAAGGACAG,,,,
,,,,,,,DENV4_2,Reverse,AATCCTGGGTTTCTGAGTATCCAACTCTC,,,,
,,,,,,,DENV4_3,Forward,AGTGGGGAACGGAGACGAGAGAAG,,,,
,,,,,,,DENV4_4,Reverse,GGGTTATCGTAGCTGTCACTCCGTG,,,,
,,,,,,,DENV4_5,Forward,GAAGTGGCTCTGTTAAGAACCTATTGCATCGAAGC,,,,
,,,,,,,DENV4_6,Reverse,CATCTCTTATCTCTATGGGAACTTTGCATGG,,,,
,,,,,,,DENV4_7,Forward,AATGGTGACGTTTAAGGTCCCTCATGC,,,,
,,,,,,,DENV4_8,Reverse,AGAAACAAAGTAATCCCTCCAACAGCTATGC,,,,
,,,,,,,DENV4_9,Forward,GATTTTGGCTCTGTTGGTGGACTGCTC,,,,
,,,,,,,DENV4_10,Reverse,ATGTGTGGGTCTTGGGCCATAGACATG,,,,
,,,,,,,DENV4_11,Forward,GTGAAAGGGGTGTTATCCAAAGGCAAGAG,,,,
,,,,,,,DENV4_12,Reverse,GCACAAAGGGTGGTCACCACAACCAATATC,,,,
,,,,,,,DENV4_13,Forward,GAACAACAGTCACCATTCAAGAGGATTGTGACC,,,,
,,,,,,,DENV4_14,Reverse,CATTCTTTAGAAGGGCGCTTCCCAAG,,,,
,,,,,,,DENV4_15,Forward,GCCCTTTCCTTGACTTTCATAAAATCAACAATGC,,,,
,,,,,,,DENV4_16,Reverse,GCTAGAACTTGAACGTCTTCTTCTTTATCCC,,,,
,,,,,,,DENV4_17,Forward,TGGCAATTCCAGTCACAATGACCCTATGG,,,,
,,,,,,,DENV4_18,Reverse,GAACTCTGGTTGATGATAAAAGTCTTGTTGTG,,,,
,,,,,,,DENV4_19,Forward,GAATTGGCGAACCAGATTATGAAGTGGATG,,,,
,,,,,,,DENV4_20,Reverse,TTGCTGGAGTCACTGGAATAGGACC,,,,
,,,,,,,DENV4_21,Forward,CAGAGCAATAGCCCAATAGAAGATATCGAGAG,,,,
,,,,,,,DENV4_22,Reverse,GAAGATGCCTGCTGTCATAGCTCCTAG,,,,
,,,,,,,DENV4_23,Forward,AATTGCCAGTTTGCCAACGTACCTTTCCTC,,,,
,,,,,,,DENV4_24,Reverse,ATGTTAGCTGTGGACACGGCTATAGTCG,,,,
,,,,,,,DENV4_25,Forward,CTTGGTGTGCCGCTATTAGCAATGGGATGC,,,,
,,,,,,,DENV4_26,Reverse,CATAGGAATCGGTTCTTCATGTCCTGGACC,,,,
,,,,,,,DENV4_27,Forward,GGATCTAAAATCAAGTATGCAGTGTCCAGAG,,,,
,,,,,,,DENV4_28,Reverse,ACAGTCTGGGATTTTTCTTCTTCCCGAGGAG,,,,
,,,,,,,DENV4_29,Forward,TCCTTCGACAGGCTCGGCATCCTC,,,,
,,,,,,,DENV4_30,Reverse,AGGGGCCATCTGTTCTGTGATCAGCTCTTC,,,,
,,,,,,,DENV4_31,Forward,GATACATCCTGGAGGACATAGATAAGAAAGATG,,,,
,,,,,,,DENV4_32,Reverse,AGGCTAAGCGCAGGTCCCTTCTATG,,,,
,,,,,,,DENV4_33,Forward,GAAAGAGTTGAGAAATGGCTGAAAGAGTGTG,,,,
,,,,,,,DENV4_34,Reverse,GCCTCCCTGGGATTTTTACGCCTCCCG,,,,
,,,,,,,DENV4_35,Forward,GAAGGAGTTCTGTAATTACCAACAACAAACACC,,,,
,,,,,,,DENV4_36,Reverse,CACGAGGAAGCTGTACTCCTGGTG,,,,
"A real-time PCR procedure for detection of dengue virus serotypes 1, 2, and 3, and their quantitation in clinical and laboratory samples",Vector Borne Zoonotic Dis. 2023 Jun;23(6):331-340. doi: 10.1089/vbz.2022.0091. Epub 2023 May 15.,2010 Jan;163(1):1-9.,https://pubmed.ncbi.nlm.nih.gov/19822173,https://linkinghub.elsevier.com/retrieve/pii/S0166-0934(09)00440-6,1,,N/A,Forward,ATTAGAGAGCAGATCTCTG,,,,
,,,,,,,N/A,Reverse,TGACACGCGGTTTC,,,,
,,,,,,,DV2.L1,Reverse,CATTCCATTTTCTGGCGTTCT,,,,
,,,,,,,DV2.U2,Forward,AAGGTGAGATGAAGCTGTAGTCTC,,,,
"Molecular investigation of the dengue outbreak in Karnataka, South India, reveals co-circulation of all four dengue virus serotypes",J Virol Methods. 2017 Jun;244:46-54. doi: 10.1016/j.jviromet.2017.02.014. Epub 2017 Feb 28.,2021 Aug:92:104880.,https://pubmed.ncbi.nlm.nih.gov/33905893,https://linkinghub.elsevier.com/retrieve/pii/S1567-1348(21)00177-5,1,,D1,Forward,TCAATATGCTGAAACGCGCGAGAAACCG,,,,
,,,,,,,D2,Reverse,TTGCACCAACAGTCAATGTCTTCAGGTTC,,,,
,,,,,,,D1,Forward,TCAATATGCTGAAACGCGCGAGAAACCG,,,,
,,,,,,,TS1,Reverse,CGTCTCAGTGATCCGGGGG,,,,
,,,,,,,D1,Forward,TCAATATGCTGAAACGCGCGAGAAACCG,,,,
,,,,,,,TS2,Reverse,CGCCACAAGGGCCATGAACAG,,,,
,,,,,,,D1,Forward,TCAATATGCTGAAACGCGCGAGAAACCG,,,,
,,,,,,,TS3,Reverse,TAACATCATCATGAGACAGAGC,,,,
,,,,,,,D1,Forward,TCAATATGCTGAAACGCGCGAGAAACCG,,,,
,,,,,,,TS4,Reverse,CTCTGTTGTCTTAAACAAGAGA,,,,
Circulating serotypes of dengue virus and their incursion into non-endemic areas of Pakistan; a serious threat,PLoS Negl Trop Dis. 2014 Dec 18;8(12):e3416. doi: 10.1371/journal.pntd.0003416. eCollection 2014 Dec.,2016 Aug 26;13(1):144.,https://pubmed.ncbi.nlm.nih.gov/27565893,https://virologyj.biomedcentral.com/articles/10.1186/s12985-016-0603-6,1,,N/A,N/A,N/A,,,,
"Isolation and Genetic Evolution of Dengue Virus from the 2019 Outbreak in Xishuangbanna, Yunnan Province, China",J Virol Methods. 2000 Apr;86(1):1-11. doi: 10.1016/s0166-0934(99)00166-4.,2023 Jun;23(6):331-340.,https://pubmed.ncbi.nlm.nih.gov/37184906,https://www.liebertpub.com/doi/10.1089/vbz.2022.0091?url_ver=Z39.88-2003&rfr_id=ori:rid:crossref.org&rfr_dat=cr_pub  0pubmed,1,,N/A,N/A,N/A,,,Paid Access,
Genomic Epidemiology as a Public Health Tool to Combat Mosquito-Borne Virus Outbreaks,Infect Genet Evol. 2021 Aug;92:104880. doi: 10.1016/j.meegid.2021.104880. Epub 2021 Apr 24.,2020 Mar 28;221(Suppl 3):S308-S318.,https://pubmed.ncbi.nlm.nih.gov/31711190,https://academic.oup.com/jid/article-lookup/doi/10.1093/infdis/jiz302,1,,N/A,N/A,N/A,,,,
Co-circulation of the dengue with chikungunya virus during the 2013 outbreak in the southern part of Lao PDR,Sci Rep. 2020 Oct 23;10(1):18196. doi: 10.1038/s41598-020-75374-1.,2016 Aug 4:44:24.,https://pubmed.ncbi.nlm.nih.gov/27524929,https://www.ncbi.nlm.nih.gov/pmc/articles/pmid/27524929/,1,,Den2-911F,Forward,TGACRGCTGTCGCTCCTTCA,,,,
,,,,,,,Den2-2444R,Reverse,CARCTCACAAYGCAACCACTATC,,,,
,,,,,,,Den3-815F,Forward,GCCCTTAGGCACCCAGGGTT,,,,
,,,,,,,Den3-1752R,Reverse,CCCGCGAAAATGCTTGTGC,,,,
,,,,,,,Den3-1398F,Forward,CGCAAGGAGTCACGGCTGAG,,,,
,,,,,,,Den3-2539R,Reverse,GCCTGCAATGGCTGTTGCC,,,,
,,,,,,,Chik E1Fseq1,Forward,GCTCCGCGTCCTTTACC,,,,
,,,,,,,Chik E1RSeq1,Reverse,ATGGCGACGCCCCCAAAGTC,,,,
Molecular phylogeny and distribution of dengue virus serotypes circulating in Nepal in 2017,FEBS J. 2011 May;278(10):1676-87. doi: 10.1111/j.1742-4658.2011.08091.x. Epub 2011 Apr 18.,2020 Jul 7;15(7):e0234929.,https://pubmed.ncbi.nlm.nih.gov/32634137,https://dx.plos.org/10.1371/journal.pone.0234929,1,,DENV1_RN_F1,Forward,ACACCATCCATGGCCATGCG,,,,
,,,,,,,DENV1_RN_R1,Reverse,CCGCCTGAACCATGACTCC,,,,
,,,,,,,DENV1_RN_F2,Forward,GCGCAAACTGTGCATTGAAGC,,,,
,,,,,,,DENV1_RN_R2,Reverse,ACCAGCAAATCTTGCTCTGTTCCA,,,,
,,,,,,,DENV2_RN_F1,Forward,CGCTCCTTCAATGACAATGCG,,,,
,,,,,,,DENV2_RN_R1,Reverse,AACTCACACGCAACCACTATC,,,,
,,,,,,,DENV2_RN_F2,Forward,CAGAGGATGGGGAAATGGATG,,,,
,,,,,,,DENV2_RN_R2,Reverse,CTCATTGTTGTCTCGAACATTTG,,,,
,,,,,,,DENV3_RN_F1,Forward,TGGACATAGAGCTCCAGAAGAC,,,,
,,,,,,,DENV3_RN_R1,Reverse,GTGTGATGATTCTATCACCAATGCA,,,,
,,,,,,,DENV3_RN_F2,Forward,CTGAGGAGCAGGACCAGAAC,,,,
,,,,,,,DENV3_RN_R2,Reverse,AAGATGGCCATGCGCCTTGC,,,,
,,,,,,,DENV4_RN_F1,Forward,TGGTCGCCCCATCTTACGG,,,,
,,,,,,,DENV4_RN_R1,Reverse,TGACACCACACAACCCATGTC,,,,
,,,,,,,DENV4_RN_F2,Forward,CAAGATGTCCAACGCAAGGAGA,,,,
,,,,,,,DENV4_RN_R2,Reverse,TCACATCCTGTCTCTTGGCATG,,,,
Development of a Singleplex Real-Time Reverse Transcriptase PCR Assay for Pan-Dengue Virus Detection and Quantification,Trop Med Health. 2016 Aug 4;44:24. doi: 10.1186/s41182-016-0020-y. eCollection 2016.,2022 Jun 10;14(6):1271.,https://pubmed.ncbi.nlm.nih.gov/35746742,https://www.mdpi.com/resolver?pii=v14061271,1,,DENV-3′-UTR F,Forward,GGTTAGAGGAGACCCCTCCC,,,,
,,,,,,,DENV-3′-UTR R,Reverse,GGCGYCTGTGCCTGGA,,,,
,,,,,,,DENV1-NS5 F,Forward,CAAAAGGAAGTCGTGCAATA,,,,
,,,,,,,DENV1-NS5 R,Reverse,CTGAGTGAATTCTCTCTRCTGAACC,,,,
,,,,,,,DENV2-E F,Forward,CAGGTTATGGCACYGTCACRAT,,,,
,,,,,,,DENV2-E R,Reverse,CCATCTGCAGCAACACCATCTC,,,,
,,,,,,,DENV3-M F,Forward,GGACTGGACACACGCACYCA,,,,
,,,,,,,DENV3-M R,Reverse,CATGTCTCTACCTTCTCGACTTGTCT,,,,
,,,,,,,DENV4-M/E F,Forward,TTGTYCTAATGATGCTNGTCG,,,,
,,,,,,,DENV4-M/E R,Reverse,TCCACCTGAGACTCCTTCYA,,,,
Different serotypes of dengue virus (DENV) imported by Polish travellers from dengue endemic areas to Poland,Indian J Med Microbiol. 2019 Jul-Sep;37(3):393-400. doi: 10.4103/ijmm.IJMM_19_338.,2015;66(2):72-6.,https://pubmed.ncbi.nlm.nih.gov/26119675,http://czasopisma.viamedica.pl/imh/article/view/42435,1,,WNV10090f,Forward,GARTGGATGACVACRGAAGACATGCT,,,,
,,,,,,,WNV10807r,Reverse,GGGGTCTCCTCTAACCTCTAGTCCTT,,,,
"Single molecule, near full-length genome sequencing of dengue virus",Viruses. 2022 Jun 10;14(6):1271. doi: 10.3390/v14061271.,2020 Oct 23;10(1):18196.,https://pubmed.ncbi.nlm.nih.gov/33097792,https://doi.org/10.1038/s41598-020-75374-1,1,,"3′UTR DENV-1,2,3 RT",Reverse,CATTTTCTGGCGTTCTGTGC,,,,
,,,,,,,3′UTR DENV-4 RT,Reverse,TGGTCTTTCCCAGCGTCAAT,,,,
,,,,,,,"5′UTR-NS5 DENV-1,2,3,4 PCR Outer",Forward,AGTTGTTAGTCTRYGTGGAC,,,,
,,,,,,,"5′UTR-NS5 DENV-1,2,3 PCR Outer",Reverse,CATTTTCTGGCGTTCTGTGC,,,,
,,,,,,,5′UTR-NS5 DENV-4 PCR Outer,Reverse,TGGTCTTTCCCAGCGTCAAT,,,,
,,,,,,,5′UTR/Capsid—NS5 DENV-1 PCR Inner,Forward,GTTTCGAATCGGAAGCTTGC,,,,
,,,,,,,"5′UTR/Capsid—NS5 DENV-2,4 PCR Inner",Forward,CTGAAACGCGAGAGAAACCG,,,,
,,,,,,,5′UTR/Capsid—NS5 DENV-2** PCR Inner,Forward,AGAGAAACCGCGTGTCRACT,,,,
,,,,,,,5′UTR/Capsid—NS5 DENV-3 PCR Inner,Forward,TGGATCACAGTTGGCGAAGA,,,,
,,,,,,,"5′UTR/Capsid—NS5 DENV-1,2,3 PCR Inner",Reverse,TCTGTGCCTGGAATGATGCT,,,,
,,,,,,,5′UTR/Capsid—NS5 DENV-4 PCR Inner,Reverse,GGGTCTCCTCTAACCGCTAG,,,,
Magnetic Multiplex Loop Mediated Isothermal Amplification (MM-LAMP) technique for simultaneous detection of dengue and chikungunya virus,Acta Trop. 2016 Dec;164:84-89. doi: 10.1016/j.actatropica.2016.09.004. Epub 2016 Sep 5.,2022 Feb:300:114407.,https://pubmed.ncbi.nlm.nih.gov/34896457,https://linkinghub.elsevier.com/retrieve/pii/S0166-0934(21)00346-3,1,,D-F3,Forward,AGCTTCATCGTGGGGATGT,,,,
,,,,,,,D-R3,Reverse,CTCTCCCAGCGTCAATATGC,,,,
,,,,,,,D-FIP,Forward,GGAGGGGTCTCCTCTAACCACTTTTTGGCTGCAACCCATGGAAG,,,check orientation,
,,,,,,,D-RIP,Reverse,CAAAACATAACGCAGCAGCGGGTTTTGGGGGTCTCCTCTAACCTC,,,check orientation,
,,,,,,,D-LF,Forward,TGCTACCCCATGCGTACAG,,,check orientation,
,,,,,,,D-LR,Reverse,CAACACCAGGGGAAGCTGT,,,check orientation,
Detection of dengue virus replication in peripheral blood mononuclear cells from dengue virus type 2-infected patients by a reverse transcription-real-time PCR assay,Int Marit Health. 2015;66(2):72-6. doi: 10.5603/IMH.2015.0018.,2002 Dec;40(12):4472-8.,https://pubmed.ncbi.nlm.nih.gov/12454138,https://journals.asm.org/doi/10.1128/JCM.40.12.4472-4478.2002?url_ver=Z39.88-2003&rfr_id=ori:rid:crossref.org&rfr_dat=cr_pub  0pubmed,1,,N/A,N/A,N/A,,,,
Emergence of dengue virus 4 as the predominant serotype during the outbreak of 2017 in South India,Anal Methods. 2023 Aug 17;15(32):3991-3999. doi: 10.1039/d3ay00756a.,2019 Jul-Sep;37(3):393-400.,https://pubmed.ncbi.nlm.nih.gov/32003339,https://linkinghub.elsevier.com/retrieve/pii/IndianJMedMicrobiol_2019_37_3_393_277067,1,,N/A,N/A,N/A,,,Article not found,
"Dengue virus surveillance: Detection of DENV-4 in the city of SÃ£o JosÃ© do Rio Preto, SP, Brazil",J Clin Microbiol. 2002 Dec;40(12):4472-8. doi: 10.1128/JCM.40.12.4472-4478.2002.,2016 Dec:164:84-89.,https://pubmed.ncbi.nlm.nih.gov/27609639,https://linkinghub.elsevier.com/retrieve/pii/S0001-706X(16)30438-7,1,,664F,Forward,ACRTGGATGTCATCRGARGG,,,,
,,,,,,,865F,Forward,GAYTTTGTRGAAGGRGTCTC,,,,
,,,,,,,REV382-400,Reverse,GGACATCTTGTTGCCGTAG,,,,
,,,,,,,1162F,Forward,GGRAARGGAGGWGTTGTRAC,,,,
,,,,,,,REV644-665,Reverse,CATGGCTGTAATCCATGATTG,,,,
,,,,,,,1450F,Forward,ACRTGGCTYGTGCAYAARCAATG,,,,
,,,,,,,REV926-947,Reverse,TTCCTGAGATCCCAGCACTGTC,,,,
,,,,,,,1721F,Forward,AGGGAATGTCATAYACGATG,,,,
,,,,,,,REV1209-1226,Reverse,ACCCCAACCACATTTTTC,,,,
,,,,,,,1997F,Forward,TRACACTCCATTGGTTYAGR,,,,
,,,,,,,D4a2,N/A,AACYTGGTGYACAGCCTTTCCC,,,,
,,,,,,,FORW1555-1576,Forward,GGTTCTTAGTGTTGTGGATTGG,,,,
,,,,,,,2402R,Reverse,TKTACTGYTCYRTCCARG,,,,
Structure of hepatitis C virus polymerase in complex with primer-template RNA,J Infect Dis. 2020 Mar 28;221(Suppl 3):S308-S318. doi: 10.1093/infdis/jiz302.,2012 Jun;86(12):6503-11.,https://pubmed.ncbi.nlm.nih.gov/22496223,https://journals.asm.org/doi/10.1128/JVI.00386-12?url_ver=Z39.88-2003&rfr_id=ori:rid:crossref.org&rfr_dat=cr_pub  0pubmed,1,,N/A,N/A,N/A,,,,
Differential detection of zika virus based on PCR,Virol J. 2016 Nov 4;13(1):182. doi: 10.1186/s12985-016-0641-0.,2022 Mar:301:114459.,https://pubmed.ncbi.nlm.nih.gov/35007627,https://linkinghub.elsevier.com/retrieve/pii/S0166-0934(22)00006-4,1,,N/A,N/A,N/A,,,,
"De novo synthesis of negative-strand RNA by Dengue virus RNA-dependent RNA polymerase in vitro: nucleotide, primer, and template parameters",Viruses. 2020 Apr 29;12(5):496. doi: 10.3390/v12050496.,2003 Aug;77(16):8831-42.,https://pubmed.ncbi.nlm.nih.gov/12885902,https://journals.asm.org/doi/10.1128/jvi.77.16.8831-8842.2003?url_ver=Z39.88-2003&rfr_id=ori:rid:crossref.org&rfr_dat=cr_pub  0pubmed,1,,N/A,N/A,N/A,,,,
Next-generation whole genome sequencing of dengue virus,J Clin Microbiol. 2015 Mar;53(3):830-7. doi: 10.1128/JCM.02648-14. Epub 2015 Jan 7.,2014:1138:175-95.,https://pubmed.ncbi.nlm.nih.gov/24696338,https://dx.doi.org/10.1007/978-1-4939-0348-1_12,1,,N/A,N/A,N/A,,,Paid Access,
Complete genome sequence analysis of dengue virus type 2 isolated in Brunei,Can J Infect Dis Med Microbiol. 2017;2017:1646701. doi: 10.1155/2017/1646701. Epub 2017 Feb 19.,2008 Jul;135(1):48-52.,https://pubmed.ncbi.nlm.nih.gov/18406488,https://linkinghub.elsevier.com/retrieve/pii/S0168-1702(08)00066-X,1,,N/A,N/A,N/A,,,,
"Co-infections with chikungunya virus and dengue virus in Delhi, India",Methods Mol Biol. 2014;1138:175-95. doi: 10.1007/978-1-4939-0348-1_12.,2009 Jul;15(7):1077-80.,https://pubmed.ncbi.nlm.nih.gov/19624923,https://www.ncbi.nlm.nih.gov/pmc/articles/pmid/19624923/,1,,D1,Forward,TCAATATGCTGAAACGCGCGAGAAACCG,,,,
,,,,,,,D2,Reverse,TTGCACCAACAGTCAATGTCTTCAGGTTC,,,,
,,,,,,,TS1,Reverse,CGTCTCAGTGATCCGGGGG,,,,
,,,,,,,TS2,Reverse,CGCCACAAGGGCCATGAACAG,,,,
,,,,,,,TS3,Reverse,TAACATCATCATGAGACAGAGC,,,,
,,,,,,,TS4,Reverse,CTCTGTTGTCTTAAACAAGAGA,,,,
"Envelope protein sequences of dengue virus isolates TH-36 and TH-Sman, and identification of a type-specific genetic marker for dengue and tick-borne flaviviruses",Zhonghua Liu Xing Bing Xue Za Zhi. 2016 Mar;37(3):398-401. doi: 10.3760/cma.j.issn.0254-6450.2016.03.022.,1992 Jan:73 ( Pt 1):207-12.,https://pubmed.ncbi.nlm.nih.gov/1339466,http://jgv.microbiologyresearch.org/pubmed/content/journal/jgv/10.1099/0022-1317-73-1-207,1,,Antisense Primer,Reverse,TGTGGTACCTATTCCACTGCCACATTTTAGTTC,,,,
,,,,,,,Sense Primer,Forward,ACTGGTACCTGGATGTCATCAGAAGGGGCCTGG,,,,
A structural view of the RNA-dependent RNA polymerases from the Flavivirus genus,Emerg Infect Dis. 2009 Jul;15(7):1077-80. doi: 10.3201/eid1507.080638.,2017 Apr 15:234:34-43.,https://pubmed.ncbi.nlm.nih.gov/28131854,https://linkinghub.elsevier.com/retrieve/pii/S0168-1702(16)30718-3,1,,N/A,N/A,N/A,,,,
RNA interference mediated inhibition of dengue virus multiplication and entry in HepG2 cells,J Gen Virol. 1992 Jan;73 ( Pt 1):207-12. doi: 10.1099/0022-1317-73-1-207.,2012;7(3):e34060.,https://pubmed.ncbi.nlm.nih.gov/22457813,https://dx.plos.org/10.1371/journal.pone.0034060,1,,GRP78,Forward,ACTATGAAGCCCGTCCAGAA,,,,
,,,,,,,GRP78,Reverse,GACAGCAGCACCATACGCTA,,,,
,,,,,,,CLTC,Forward,CCACAATACTCCACCAATGACCTTA,,,,
,,,,,,,CLTC,Reverse,CCCATTTTAAGTGGCTCCACCTCTC,,,,
,,,,,,,DNM2,Forward,GGCATTCGAGGCCATTGT,,,,
,,,,,,,DNM2,Reverse,CATTTCAGACAGGGCTCTTTCA,,,,
,,,,,,,GAPDH,Forward,CATCACCATCTTCCAGGAGCG,,,,
,,,,,,,GAPDH,Reverse,TGATGGCATGGACTGTGGTC,,,,
,,,,,,,RPL27,Forward,CATGGGCAAGAAGAAGATCG,,,,
,,,,,,,RPL27,Reverse,ACGACAGTTTTGTCCAAGGG,,,,
,,,,,,,RPS29,Forward,GCACTGCTGAGAGCAAGATG,,,,
,,,,,,,RPS29,Reverse,ATAGGCAGTGCCAAGGAAGA,,,,
,,,,,,,DENV_NS5,Forward,GGAAGGAGAAGGACTGCACA,,,,
,,,,,,,DENV_NS5,Reverse,ATTCTTGTGTCCCATCCTGCT,,,,
"Circulation of Dengue Virus Serotypes in the City of Makkah, Saudi Arabia, as Determined by Reverse Transcription Polymerase Chain Reaction",Int J Infect Dis. 2020 Jun;95:406-412. doi: 10.1016/j.ijid.2020.03.075. Epub 2020 Apr 6.,2017:2017:1646701.,https://pubmed.ncbi.nlm.nih.gov/28298933,https://doi.org/10.1155/2017/1646701,1,,D1,Forward,TCAATATGCTGAAACGCGCGAGAAACCG,,,,
,,,,,,,D2,Reverse,TTGCACCAACAGTCAATGTCTTCAGGTTC,,,,
,,,,,,,TS1,Reverse,CGTCTCAGTGATCCGGGGG,,,,
,,,,,,,TS2,Reverse,CGCCACAAGGGCCATGAACAG,,,,
,,,,,,,TS3,Reverse,TAACATCATCATGAGACAGAGC,,,,
,,,,,,,DEN4,Reverse,TGTTGTCTTAAACAAGAGAGGTC,,,,
Rapid visual detection of dengue virus by combining reverse transcription recombinase-aided amplification with lateral-flow dipstick assay,PLoS One. 2020 Jul 7;15(7):e0234929. doi: 10.1371/journal.pone.0234929. eCollection 2020.,2020 Jun:95:406-412.,https://pubmed.ncbi.nlm.nih.gov/32272263,https://linkinghub.elsevier.com/retrieve/pii/S1201-9712(20)30208-3,1,,RAA-F1,Forward,GGAAGCTGTACGCATGGGGTAGCAGACTAGTG,,,,
,,,,,,,RAA-R1,Reverse,AGCAGGATCTCTGGTCTCTCCCAGCGTCAATA,,,,
,,,,,,,RAA-F2,Forward,TAGCAGACTAGTGGTTAGAGGAGACCCCTCCC,,,,
,,,,,,,RAA-R2,Reverse,GATCTCTGGTCTCTCCCAGCGTCAATATGCTGTT,,,,
,,,,,,,RAA-F3,Forward,GGCCGGATTAAGCCATAGTACGGTAAGAGC,,,,
,,,,,,,RAA-R3,Reverse,AGAACCTGTTGATTCAACAGCACCATTCCATT,,,,
Serotype-specific identification of Dengue virus by silicon nanowire array biosensor,Vector Borne Zoonotic Dis. 2018 Jan;18(1):70-73. doi: 10.1089/vbz.2017.2163. Epub 2017 Dec 12.,2013 Jun;13(6):3810-7.,https://pubmed.ncbi.nlm.nih.gov/23862412,No full text link available,1,,N/A,N/A,N/A,,,,
Identification of dengue sequences by genomic amplification: rapid diagnosis of dengue virus serotypes in peripheral blood,PLoS One. 2012;7(3):e34060. doi: 10.1371/journal.pone.0034060. Epub 2012 Mar 23.,1990 Oct;30(1):41-54.,https://pubmed.ncbi.nlm.nih.gov/2086596,https://linkinghub.elsevier.com/retrieve/pii/0166-0934(90)90042-E,1,,N/A,N/A,N/A,,,Paid Access,
"Molecular characteristics of dengue virus outbreak in China-Myanmar border region, Yunnan province, 2015",Virol J. 2008 Jan 24;5:16. doi: 10.1186/1743-422X-5-16.,2016 Mar;37(3):398-401.,https://pubmed.ncbi.nlm.nih.gov/27005545,https://www.yiigle.com/LinkIn.do?linkin_type=pubmed&DOI=10.3760/cma.j.issn.0254-6450.2016.03.022,1,,N/A,N/A,N/A,,,Paid Access,
"Detection of Dengue Virus in Bat Flies (Diptera: Streblidae) of Common Vampire Bats, Desmodus rotundus, in Progreso, Hidalgo, Mexico",Microbiol Spectr. 2022 Oct 26;10(5):e0121022. doi: 10.1128/spectrum.01210-22. Epub 2022 Sep 12.,2018 Jan;18(1):70-73.,https://pubmed.ncbi.nlm.nih.gov/29232534,https://www.liebertpub.com/doi/10.1089/vbz.2017.2163?url_ver=Z39.88-2003&rfr_id=ori:rid:crossref.org&rfr_dat=cr_pub  0pubmed,1,,N/A,N/A,N/A,,,Paid Access,
Incorporation of dengue virus replicon into virus-like particles by a cell line stably expressing precursor membrane and envelope proteins of dengue virus type 2,J Med Entomol. 2016 May;53(3):613-619. doi: 10.1093/jme/tjw034. Epub 2016 Apr 11.,2008 Jan;15(1):15-27.,https://pubmed.ncbi.nlm.nih.gov/17768670,No full text link available,1,,N/A,N/A,N/A,,,,
Detection of dengue virus RNA in patients after primary or secondary dengue infection by using the TaqMan automated amplification system,J Nanosci Nanotechnol. 2013 Jun;13(6):3810-7. doi: 10.1166/jnn.2013.7220.,1999 Aug;37(8):2543-7.,https://pubmed.ncbi.nlm.nih.gov/10405398,https://journals.asm.org/doi/10.1128/JCM.37.8.2543-2547.1999?url_ver=Z39.88-2003&rfr_id=ori:rid:crossref.org&rfr_dat=cr_pub  0pubmed,1,,DENV1 - Forward,Forward,ATCCATGCCCATCACCAATG,,,,
,,,,,,,DENV1 - Reverse,Reverse,CAGGGATCCACACCACTGATC,,,,
,,,,,,,DENV2 - Forward,Forward,ACAAGTCGAACAACCTGGTCCAT,,,,
,,,,,,,DENV2 - Reverse,Reverse,GCCGCACCATTGGTCTTCTC,,,,
,,,,,,,DENV3 - Forward,Forward,TGGCAACAGGTCCCTTTCTG,,,,
,,,,,,,DENV3 - Reverse,Reverse,TGGCGTTGGATGCTAGTCTAAGA,,,,
,,,,,,,DENV4 - Forward,Forward,GCGTGGTGAAGCCCTAGAT,,,,
,,,,,,,DENV4 - Reverse,Reverse,GAACAACTAGTGAGCGGCCATC,,,,
The antiviral activity and mechanism of action of (S)-[3-hydroxy-2-(phosphonomethoxy)propyl] (HPMP) nucleosides,Am J Trop Med Hyg. 1997 Apr;56(4):424-9. doi: 10.4269/ajtmh.1997.56.424.,2012 Nov;96(2):169-80.,https://pubmed.ncbi.nlm.nih.gov/22960154,https://linkinghub.elsevier.com/retrieve/pii/S0166-3542(12)00195-7,1,,N/A,N/A,N/A,,,,
Early detection of dengue virus by use of reverse transcription-recombinase polymerase amplification,J Biomed Sci. 2008 Jan;15(1):15-27. doi: 10.1007/s11373-007-9204-0. Epub 2007 Aug 31.,2015 Mar;53(3):830-7.,https://pubmed.ncbi.nlm.nih.gov/25568438,https://journals.asm.org/doi/abs/10.1128/JCM.02648-14?url_ver=Z39.88-2003&rfr_id=ori:rid:crossref.org&rfr_dat=cr_pub  0pubmed,1,,N/A,N/A,N/A,,,,
Universal single-probe RT-PCR assay for diagnosis of dengue virus infections,J Clin Microbiol. 1999 Aug;37(8):2543-7. doi: 10.1128/JCM.37.8.2543-2547.1999.,2014 Dec 18;8(12):e3416.,https://pubmed.ncbi.nlm.nih.gov/25522325,https://dx.plos.org/10.1371/journal.pntd.0003416,1,,DENV_F,Forward,GCATATTGACGCTGGGARAGAC,,,,
,,,,,,,DENV_R1-3,Reverse,TTCTGTGCCTGGAATGATGCTG,,,,
,,,,,,,DENV_R4,Reverse,YTCTGTGCCTGGATWGATGTTG,,,,
,,,,,,,DENV-specific RNA Primer 1,Forward,TCAATATGCTGAAACGCGHGAG,,,,
,,,,,,,DENV-specific RNA Primer 2,Reverse,GCGCCTTCNGNNGACATCCA,,,,
Novel pan-serotype control RNA for dengue virus typing through real-time reverse transcription-polymerase chain reaction,Rev Inst Med Trop Sao Paulo. 1997 Mar-Apr;39(2):79-83. doi: 10.1590/s0036-46651997000200003.,2019 Sep:271:113677.,https://pubmed.ncbi.nlm.nih.gov/31195032,https://linkinghub.elsevier.com/retrieve/pii/S0166-0934(19)30052-7,1,,D1-F,Forward,CAAAAGGAAGTCGTGCAATA,,,,
,,,,,,,D1-R,Reverse,CTGAGTGAATTCTCTCTACTGAACC,,,,
,,,,,,,D2-F,Forward,CAGGTTATGGCACTGTCACGAT,,,,
,,,,,,,D2-R,Reverse,CCATCTGCAGCAACACCATCTC,,,,
,,,,,,,D3-F,Forward,GGACTGGACACACGCACTCA,,,,
,,,,,,,D3-R,Reverse,CATGTCTCTACCTTCTCGACTTGTCT,,,,
,,,,,,,D4-F,Forward,TTGTCCTAATGATGCTGGTCG,,,,
,,,,,,,D4-R,Reverse,TCCACCTGAGACTCCTTCCA,,,,
"Detection of dengue virus serotypes 1, 2 and 3 in selected regions of Kenya: 2011-2014",J Virol Methods. 2019 Sep;271:113677. doi: 10.1016/j.jviromet.2019.113677. Epub 2019 Jun 10.,2016 Nov 4;13(1):182.,https://pubmed.ncbi.nlm.nih.gov/27814732,https://virologyj.biomedcentral.com/articles/10.1186/s12985-016-0641-0,1,,D1,Forward,TCAATATGCTGAAACGCGCGAGAAACCG,,,,
,,,,,,,D2,Reverse,TTGCACCAACAGTCAATGTCTTCAGGTTC,,,,
,,,,,,,TS1,Reverse,CGTCTCAGTGATCCGGGGG,,,,
,,,,,,,TS2,Reverse,CGCCACAAGGGCCATGAACAG,,,,
,,,,,,,TS3,Reverse,TAACATCATCATGAGACAGAGC,,,,
,,,,,,,TS4,Reverse,CTCTGTTGTCTTAAACAAGAGA,,,,
"Vector Surveillance for Dengue Virus Detection in the Archipelago of Fernando de Noronha, Brazil",Clin Diagn Virol. 1995 Aug;4(2):113-20. doi: 10.1016/0928-0197(94)00063-z.,2016 May;53(3):613-619.,https://pubmed.ncbi.nlm.nih.gov/27067800,https://academic.oup.com/jme/article-lookup/doi/10.1093/jme/tjw034,1,DENV2,D1,Forward,TCAATATGCTGAAACGCGCGAGAAACCG,,,,
,,,,,,DENV1,TS1,Reverse,CGTCTCAGTGATCCGGGGG,,,,
,,,,,,DENV2,TS2,Reverse,CGCCACAAGGGCCATGAACAG,,,,
,,,,,,DENV3,TS3,Reverse,TAACATCATCATGAGACAGAGC,,,,
,,,,,,DENV4,TS4,Reverse,CTCTGTTGTCTTAAACAAGAGA,,,,
Comparison of dengue viruses and some other flaviviruses by cDNA-RNA hybridization analysis and detection of a close relationship between dengue virus serotype 2 and Edge Hill virus,Virus Res. 2017 Apr 15;234:34-43. doi: 10.1016/j.virusres.2017.01.020. Epub 2017 Jan 25.,1984 Dec:65 ( Pt 12):2173-81.,https://pubmed.ncbi.nlm.nih.gov/6210345,http://jgv.microbiologyresearch.org/pubmed/content/journal/jgv/10.1099/0022-1317-65-12-2173,1,N/A,N/A,N/A,N/A,,,,
Genetic characterization of dengue virus type 1 isolated in Brunei in 2005-2006,Trop Med Int Health. 2002 Apr;7(4):322-30. doi: 10.1046/j.1365-3156.2002.00873.x.,2009 Mar;90(Pt 3):678-686.,https://pubmed.ncbi.nlm.nih.gov/19218214,http://jgv.microbiologyresearch.org/pubmed/content/journal/jgv/10.1099/vir.0.005306-0,1,N/A,N/A,N/A,N/A,,,,
Rapid identification of Chikungunya and Dengue virus by a real-time reverse transcription-loop-mediated isothermal amplification method,J Clin Microbiol. 2001 Nov;39(11):4119-24. doi: 10.1128/JCM.39.11.4119-4124.2001.,2012 Nov;87(5):947-53.,https://pubmed.ncbi.nlm.nih.gov/22964720,https://ajtmh.org/doi/10.4269/ajtmh.2012.11-0721,1,N/A,N/A,N/A,N/A,,,,
Development of group- and serotype-specific one-step SYBR green I-based real-time reverse transcription-PCR assay for dengue virus,FEBS J. 2006 Jan;273(2):398-408. doi: 10.1111/j.1742-4658.2005.05074.x.,2003 Jun;41(6):2408-16.,https://pubmed.ncbi.nlm.nih.gov/12791857,https://journals.asm.org/doi/10.1128/JCM.41.6.2408-2416.2003?url_ver=Z39.88-2003&rfr_id=ori:rid:crossref.org&rfr_dat=cr_pub  0pubmed,1,"DENV1, DENV2, DENV3, DENV4",DN-F,Forward,CAATATGCTGAAACGCGAGAGAAA,,,,
,,,,,,"DENV1, DENV2, DENV3, DENV4",DN-R,Reverse,CCCCATCTATTCAGAATCCCTGCT,,,,
,,,,,,DENV1,D1-R,Reverse,CGCTCCATACATCTTGAATGAG,,,,
,,,,,,DENV2,D2-R,Reverse,AAGACATTGATGGCTTTTGA,,,,
,,,,,,DENV3,D3-R,Reverse,AAGACGTAAATAGCCCCCGAC,,,,
,,,,,,DENV4,D4-R,Reverse,AGGACTCGCAAAAACGTGATGAAT,,,,
"Characterization of dengue virus serotype 1 in epidemics in Porto Velho, RondÃ´nia, in 2001-2003",Rev Soc Bras Med Trop. 2007 May-Jun;40(3):268-71. doi: 10.1590/s0037-86822007000300003.,2007 May-Jun;40(3):268-71.,https://pubmed.ncbi.nlm.nih.gov/17653458,https://www.scielo.br/scielo.php?script=sci_arttext&pid=S0037-86822007000300003&lng=en&nrm=iso&tlng=en,1,DENV1,NS1-1,Forward,TTCATATGGACTCGGGATGTGTAATCAACTG,,,,
,,,,,,DENV1,NS1-1,Reverse,TTGGATCCCTAGTTGAAAATTCCAAATC,,,,
,,,,,,DENV1,NS1-2,Forward,CGCATATGATATGGTTGAAATTGCGTGACTCC,,,,
,,,,,,DENV1,NS1-2,Reverse,TCGGATCCCTATGCAGAGACCATTGACTTAAC,,,,
The flavivirus polymerase as a target for drug discovery,Biotechniques. 2013 Feb;54(2):93-7. doi: 10.2144/000113951.,2008 Oct;80(1):23-35.,https://pubmed.ncbi.nlm.nih.gov/18611413,https://linkinghub.elsevier.com/retrieve/pii/S0166-3542(08)00325-2,1,N/A,N/A,N/A,N/A,,,,
Application of whole genome data for in silico evaluation of primers and probes routinely employed for the detection of viral species by RT-qPCR using dengue virus as a case study,Am J Trop Med Hyg. 2012 Nov;87(5):947-53. doi: 10.4269/ajtmh.2012.11-0721. Epub 2012 Sep 10.,2018 Sep 4;19(1):312.,https://pubmed.ncbi.nlm.nih.gov/30180800,https://bmcbioinformatics.biomedcentral.com/articles/10.1186/s12859-018-2313-0,0,,,,,,dumbdumb,,
"Rapid next-generation sequencing of dengue, EV-A71 and RSV-A viruses",Lancet Infect Dis. 2022 Sep;22(9):1356-1364. doi: 10.1016/S1473-3099(22)00290-0. Epub 2022 Jun 15.,2015 Dec 15:226:7-14.,https://pubmed.ncbi.nlm.nih.gov/26376168,https://linkinghub.elsevier.com/retrieve/pii/S0166-0934(15)00318-3,1,DENV1,Den1_F15,Forward,GTGGACCGACAAGAACAGTTTC,,,,
,,,,,,DENV1,Den1_R2520,Reverse,AATTTRTATTGYTCTGTCCARGTRTG,,,,
,,,,,,DENV1,Den1_F2305,Forward,AGGAWTAGGGRTYCTGCTGAC,,,,
,,,,,,DENV1,Den1_R5391,Reverse,TCRGTRAARTGTGCTTCATCCAT,,,,
,,,,,,DENV1,Den1_F5132,Forward,CTTCCAGCCATAGTYCGWGAGGC,,,,
,,,,,,DENV1,Den1_R7740,Reverse,GACACTGCRTGTTTGRTTRTYTCTC,,,,
,,,,,,DENV1,Den1_F7444,Forward,GGAGGGATCTCCAGGAAAATT,,,,
,,,,,,DENV1,Den1_R10735,Reverse,AGAACCTGTTGATTCAACAGCACC,,,,
,,,,,,DENV2,Den2_F1,Forward,AGTWGTTAGTCTACGTGSACCGAC,,,,
,,,,,,DENV2,Den2_R2876,Reverse,GARTTCCAAGCTCTRTTTGTGTTG,,,,
,,,,,,DENV2,Den2_F2707,Forward,ATYATGCAGGCAGGAAAACGATC,,,,
,,,,,,DENV2,Den2_R5428,Reverse,GAGTTGARATRTATCCTCTAGCTGCTAT,,,,
,,,,,,DENV2,Den2_F5228,Forward,GAGGACTTCCRATAAGATACCAAACC,,,,
,,,,,,DENV2,Den2_R8023,Reverse,GTGAYGAYTCCCCTATGTCACAC,,,,
,,,,,,DENV2,Den2_F7875,Forward,CCTAACAAAAGGAGGACCAGGAC,,,,
,,,,,,DENV2,Den2_R10723,Reverse,AGAACCTGTTGATTCAACAGCACC,,,,
,,,,,,DENV3,Den3_F1,Forward,AGTTGTTAGTCTACGTGGACCGAC,,,,
,,,,,,DENV3,Den3_R2877,Reverse,ACCTCCCACACATTCCATGCTC,,,,
,,,,,,DENV3,Den3_F2709,Forward,AAGGGAAAAGARCAYTAACACCAC,,,,
,,,,,,DENV3,Den3_R5517,Reverse,TCTTGAATTGGAGCGTTGCTCTG,,,,
,,,,,,DENV3,Den3_F5396,Forward,ATAGCGGCTAGAGGGTACATATC,,,,
,,,,,,DENV3,Den3_R8037,Reverse,TCTTCCACTGTTGGGCTTGGTG,,,,
,,,,,,DENV3,Den3_F7857,Forward,CAGAAGTGCGAGGRTACACAAAAG,,,,
,,,,,,DENV3,Den3_R10707,Reverse,AGAACCTGTTGATTCAACAGCACC,,,,
,,,,,,DENV4,Den4_F1,Forward,AGTTGTTAGTCTGTGTGGACCGAC,,,,
,,,,,,DENV4,Den4_R2870,Reverse,GCTCTTCGTTCATTGGGGCATTC,,,,
,,,,,,DENV4,Den4_F2498,Forward,TGCAYACTTGGACAGAACAGTAC,,,,
,,,,,,DENV4,Den4_R5525,Reverse,TCTTCTATTGGGCTGTTGCTCTG,,,,
,,,,,,DENV4,Den4_F5299,Forward,CTCATGTGYCATGCAACCTTCAC,,,,
,,,,,,DENV4,Den4_R8508,Reverse,GCCTGTCGARGGAGCTTCATAG,,,,
,,,,,,DENV4,Den4_F7950,Forward,GGTTGAYGTGTTCTACAAACCCAC,,,,
,,,,,,DENV4,Den4_R10653,Reverse,AGAACCTGTTGGATCAACAACACC,,,,
Dengue virus infection rate in field populations of female Aedes aegypti and Aedes albopictus in Singapore,J Virol Methods. 2001 Jun;95(1-2):19-32. doi: 10.1016/s0166-0934(01)00280-4.,2002 Apr;7(4):322-30.,https://pubmed.ncbi.nlm.nih.gov/11952948,https://onlinelibrary.wiley.com/resolve/openurl?genre=article&sid=nlm:pubmed&issn=1360-2276&date=2002&volume=7&issue=4&spage=322,1,Consensus,DV1,N/A,GGAAKTCAGGATCTCC,,,,
,,,,,,Consensus,DV1,N/A,GGAAKTCAGGTTCTCC,,,,
,,,,,,Consensus,DV1,N/A,GGAGKTCAGGATCTCC,,,,
,,,,,,Consensus,DV1,N/A,GGAGKTCAGGTTCTCC,,,,
,,,,,,DENV1,DSP1,N/A,AGTTTCTTTTCCTAAACACCTCG,,,,
,,,,,,DENV2,DSP2,N/A,CCGGTGTGCTCAGCCTGAT,,,,
,,,,,,DENV2,DSP2,N/A,CCGGTGTGCTCAGCTTGAT,,,,
,,,,,,DENV2,DSP2,N/A,CCGGTGTGCTCGGCCTGAT,,,,
,,,,,,DENV2,DSP2,N/A,CCGGTGTGCTCGGCTTGAT,,,,
,,,,,,DENV3,DSP3,N/A,TTAGAGTCCTTAAGCGTCTCTTG,,,,
,,,,,,DENV3,DSP3,N/A,TTAGAGTTCTTAAGCGTCTCTTG,,,,
,,,,,,DENV4,DSP4,N/A,CCTGGTTGATGACAAAAGTCTTG,,,,
,,,,,,Consensus,DV1,N/A,GGAGCTCAGGATCTCC,,,,
,,,,,,Consensus,DV1,N/A,GGAGCTCAGGTTCTCC,,,,
,,,,,,Consensus,DV1,N/A,GGAGGTCAGGATCTCC,,,,
,,,,,,Consensus,DV1,N/A,GGAGGTCAGGTTCTCC,,,,
,,,,,,Consensus,DV1,N/A,GGAGCTCAGGATCTCC,,,,
,,,,,,Consensus,DV1,N/A,GGAGCTCAGGTTCTCC,,,,
,,,,,,Consensus,DV1,N/A,GGAGGTCAGGATCTCC,,,,
,,,,,,Consensus,DV1,N/A,GGAGGTCAGGTTCTCC,,,,
,,,,,,Consensus,DV3,N/A,AAATGANTCCTCATCCAT,,,,
,,,,,,Consensus,DV3,N/A,AAATGANTCCTGATCCAT,,,,
,,,,,,Consensus,DV3,N/A,AAATGANTCYTCTATCCAT,,,,
,,,,,,Consensus,DV3,N/A,AAATGANTCYTCGATCCAT,,,,
,,,,,,Consensus,DV3,N/A,AAATGANCCTCATCCAT,,,,
,,,,,,Consensus,DV3,N/A,AAATGANCCTGATCCAT,,,,
,,,,,,Consensus,DV3,N/A,AAATGANCYTCTATCCAT,,,,
,,,,,,Consensus,DV3,N/A,AAATGANCYTCTGATCCAT,,,,
,,,,,,Consensus,DV3,N/A,AAATGAATCCTCATCCAT,,,,
,,,,,,Consensus,DV3,N/A,AAATGAATCCTGATCCAT,,,,
,,,,,,Consensus,DV3,N/A,AAATGAATCYTCTATCCAT,,,,
,,,,,,Consensus,DV3,N/A,AAATGAATCYTCGATCCAT,,,,
,,,,,,Consensus,DV3,N/A,AAATGAACCTCATCCAT,,,,
,,,,,,Consensus,DV3,N/A,AAATGAACCTGATCCAT,,,,
,,,,,,Consensus,DV3,N/A,AAATGAACYTCTATCCAT,,,,
,,,,,,Consensus,DV3,N/A,AAATGAACYTCGATCCAT,,,,
,,,,,,Consensus,DV3,N/A,AAGTGANTCCTCATCCAT,,,,
,,,,,,Consensus,DV3,N/A,AAGTGANTCCTGATCCAT,,,,
,,,,,,Consensus,DV3,N/A,AAGTGANTCYTCTATCCAT,,,,
,,,,,,Consensus,DV3,N/A,AAGTGANTCYTCGATCCAT,,,,
,,,,,,Consensus,DV3,N/A,AAGTGANCCTCATCCAT,,,,
,,,,,,Consensus,DV3,N/A,AAGTGANCCTGATCCAT,,,,
,,,,,,Consensus,DV3,N/A,AAGTGANCYTCTATCCAT,,,,
,,,,,,Consensus,DV3,N/A,AAGTGANCYTCTGATCCAT,,,,
,,,,,,Consensus,DV3,N/A,AAGTGAATCCTCATCCAT,,,,
,,,,,,Consensus,DV3,N/A,AAGTGAATCCTGATCCAT,,,,
,,,,,,Consensus,DV3,N/A,AAGTGAATCYTCTATCCAT,,,,
,,,,,,Consensus,DV3,N/A,AAGTGAATCYTCGATCCAT,,,,
,,,,,,Consensus,DV3,N/A,AAGTGAACCTCATCCAT,,,,
,,,,,,Consensus,DV3,N/A,AAGTGAACCTGATCCAT,,,,
,,,,,,Consensus,DV3,N/A,AAGTGAACYTCTATCCAT,,,,
,,,,,,Consensus,DV3,N/A,AAGTGAACYTCGATCCAT,,,,
Cloning and Expression of NS3 Gene of Pakistani Isolate Type 2 Dengue Virus,J Vet Res. 2018 Mar 30;62(1):17-26. doi: 10.2478/jvetres-2018-0003. eCollection 2018 Mar.,2018 Mar 30;62(1):17-26.,https://pubmed.ncbi.nlm.nih.gov/29978123,https://www.ncbi.nlm.nih.gov/pmc/articles/pmid/29978123/,1,DENV2,NS3-1-OF,Forward,CAGGACTTTTCCCCGTATCA,,,,
,,,,,,DENV2,NS3-1-IF,Forward,AACAACGGGCTGGAGTATTG,,,,
,,,,,,DENV2,NS3-1-SEQ-F,Forward,CCAGGTCTTGGCATTAGAGC,,,,
,,,,,,DENV2,NS3-2-OF,Forward,TCACAGACCCAGCAAGCATA,,,,
,,,,,,DENV2,NS3-2-IF,Forward,AGCAGAGACCCATTTCCTCA,,,,
,,,,,,DENV2,NS3-2-SEQ-IF,Forward,GGCAGAAATGGGTGCTAACT,,,,
,,,,,,DENV2,NS3-1-OR,Reverse,GGAACTCTGGACATGAGTGGGT,,,,
,,,,,,DENV2,NS3-1-IR,Reverse,TTGAGGAAATGGGTCTCTGC,,,,
,,,,,,DENV2,NS3-2-OR,Reverse,AGCATGATTGTACGCCCTTC,,,,
,,,,,,DENV2,NS3-2-IR,Reverse,TGGAAGCCTACCCATTTCTG,,,,
,,,,,,DENV2,NS3F-1,Forward,GCAAGCTTGCCATGGCCGCTGGAGTATTGTCGGC,,,,
,,,,,,DENV2,NS3F-2,Forward,GCGGATCCGCCATGGCCGCTGTATTGTCGGC,,,,
,,,,,,DENV2,NS3R,Reverse,GCGCGGCCGCTTTCTTCCACTGCAAACTCTTTGTTC,,,,
Improved reverse transcription-polymerase chain reaction assay for the detection of flaviviruses with semi-nested primers for discrimination between dengue virus serotypes and Zika virus,PLoS One. 2013 Sep 30;8(9):e74582. doi: 10.1371/journal.pone.0074582. eCollection 2013.,2018;113(5):e170393.,https://pubmed.ncbi.nlm.nih.gov/29513820,https://www.scielo.br/scielo.php?script=sci_arttext&pid=S0074-02762018000500300&lng=en&nrm=iso&tlng=en,1,DENV1,DENV1F6.2,Forward,ACTCAGCAAAAGARGCAGTGG,,,,
,,,,,,DENV2,DENV2F10,Forward,TTYRCAAGAAARGTGAGAAG,,,,
,,,,,,DENV3,DENV3F6.1,Forward,GAACCAGAAACACCCAAYATGGA,,,,
,,,,,,DENV4,DENV4F3,Forward,CACCARGAAGGRAAATGTGAATC,,,,
Development of a fluorogenic RT-PCR system for quantitative identification of dengue virus serotypes 1-4 using conserved and serotype-specific 3' noncoding sequences,J Virol. 2015 Apr;89(8):4281-95. doi: 10.1128/JVI.03011-14. Epub 2015 Feb 4.,2001 Jun;95(1-2):19-32.,https://pubmed.ncbi.nlm.nih.gov/11377710,https://linkinghub.elsevier.com/retrieve/pii/S0166093401002804,1,DENV1,DV1.U,Forward,ACACCAGGGGAAGACTGTATCCTGG,,,,
,,,,,,"DENV1, DENV2, DENV3",DV.L1,Reverse,CATTCCATTTTCTGGCGTTCT,,,,
,,,,,,DENV2,DV2.U,Forward,AAGGTGAGATGAAGCTGTAGTCTC,,,,
,,,,,,DENV3,DV3.U,Forward,AGCACTGAGGGAAGCTGTACCTCC,,,,
,,,,,,DENV4,DV4.U,Forward,AAGCCAGGAGGAAGCTGTACTCCT,,,,
,,,,,,DENV4,DV.L2,Reverse,CCATCCATCTTGCGGCGCTCT,,,,
Advanced Lyophilised Loop Mediated Isothermal Amplification (L-LAMP) based point of care technique for the detection of dengue virus,Biosens Bioelectron. 2019 Apr 15;131:149-155. doi: 10.1016/j.bios.2019.02.018. Epub 2019 Feb 19.,2021 Jul:293:114168.,https://pubmed.ncbi.nlm.nih.gov/33887278,https://linkinghub.elsevier.com/retrieve/pii/S0166-0934(21)00107-5,1,,D1,Forward,TCAATATGCTGAAACGCGCGAGAAACCG,,,,
,,,,,,,D2,Reverse,TTGCACCAACAGTCAATGTCTTCAGGTTC,,,,
,,,,,,,TS1,Reverse,CGTCTCAGTGATCCGGGGG,,,,
,,,,,,,TS2,Reverse,CGCCACAAGGGCCATGAACAG,,,,
,,,,,,,TS3,Reverse,TAACATCATCATGAGACAGAGC,,,,
,,,,,,,TS4,Reverse,CTCTGTTGTCTTAAACAAGAGA,,,,
