Genotype,Primer Name,Orientation,Sequence
ALL,D1,Forward,TCAATATGCTGAAACGCGCGAGAAACCG
ALL,D2,Reverse,TTGCACCAACAGTCAATGTCTTCAGGTTC
DENV1,TS1,Reverse,CGTCTCAGTGATCCGGGGG
DENV2,TS2,Reverse,CGCCACAAGGGCCATGAACAG
DENV3,TS3,Reverse,TAACATCATCATGAGACAGAGC
DENV4,TS4,Reverse,CTCTGTTGTCTTAAACAAGAGA
DENV1,1G1P1,Forward,CAAACCATGGAAGCTGTACG
DENV1,1G1P1,Reverse,TTCTGTGCCTGGAATGATGCT
DENV2,1G1P1,Forward,CAAACCATGGAAGCTGTACG
DENV2,1G1P1,Reverse,TTCTGTGCCTGGAATGATGCT
DENV2,2G2P5,Forward,GAGTGGAGTGGAAGGAGAAGGG
DENV2,2G2P5,Reverse,CCTCTTGGTGTTGGTCTTTGC
DENV1,1G3P6,Forward,CAGACTAGTGGTTAGAGGAGA
DENV1,1G3P6,Reverse,GGAATGATGCTGTAGAGACA
DENV3,1G4P217,Forward,ATATGCTGAAACGCGTGAG
DENV3,1G4P217,Reverse,CATCATGAGACAGAGCGAT
DENV4,1G5P30,Forward,TTCCAACAAGCAGAACAACAT
DENV4,1G5P30,Reverse,GCTACAGGCAGCACGGTTT
ALL,MsoaiN_1,Forward,AAACCGCGTGTCGACTGTGC
ALL,MsoaiN_2,Reverse,TAGGAAACGAAGGAATGCCACC
DENV1,DENV1_1_LEFT,Forward,ACGTGGACCGACAAGAACAG
DENV1,DENV1_1_RIGHT,Reverse,ACTATCATGTGCGGCTCTCC
DENV1,DENV1_2_LEFT,Forward,TGACCATGCTCCTTATGCTG
DENV1,DENV1_2_RIGHT,Reverse,CAAGCGCCTTCAGAGGACAT
DENV1,DENV1_3_LEFT,Forward,CACCGACGAGACAAACGTTC
DENV1,DENV1_3_RIGHT,Reverse,AGGGTTTGTGACTTCCGTCTT
DENV1,DENV1_4_LEFT,Forward,GGAAGTTGCGTCACCACCAT
DENV1,DENV1_4_RIGHT,Reverse,CCATGTTCTGTGCTTTCATTTCC
DENV1,DENV1_5_LEFT,Forward,AAACTGGAAGGAAAGATAGTTCAATATGA
DENV1,DENV1_5_RIGHT,Reverse,AGTGTGCATTGCTCCTTCTTGT
DENV1,DENV1_6_LEFT,Forward,TGCTGGTGACATTTAAGACAGC
DENV1,DENV1_6_RIGHT,Reverse,TGTTGACTGGTTTTTCTTTGTCAGT
DENV1,DENV1_7_LEFT,Forward,GAAGGAACAGATGCACCATGC
DENV1,DENV1_7_RIGHT,Reverse,CCATGTCAGCAGAACCCCTATTCC
DENV1,DENV1_8_LEFT,Forward,ACACCAGATTTTTGGAACTGCAT
DENV1,DENV1_8_RIGHT,Reverse,TCATTTGATATTTGCTTCCACATGATGT
DENV1,DENV1_9_LEFT,Forward,TGAAGTTCACACTTGGACAGAGC
DENV1,DENV1_9_RIGHT,Reverse,ACTTCCCAAATGTTCCATGCTCT
DENV1,DENV1_10_LEFT,Forward,GAAAAGCTGGGGAAAGGCTAAA
DENV1,DENV1_10_RIGHT,Reverse,TGTGCTGAGATATTGGTCCTCC
DENV1,DENV1_11_LEFT,Forward,CCCACACTCTATGGAGCAATGG
DENV1,DENV1_11_RIGHT,Reverse,ACTTCCCCTGACCCTGCAGA
DENV1,DENV1_12_LEFT,Forward,ACAGGAAAGATAATTCATGAATGGTG
DENV1,DENV1_12_RIGHT,Reverse,AACATTGGTCTCATTTTAAAAGTGGC
DENV1,DENV1_13_LEFT,Forward,TATGCATCATGGTTGGAGCCAA
DENV1,DENV1_13_RIGHT,Reverse,TTTTTGGGAGGTCGTGGACAG
DENV1,DENV1_14_LEFT,Forward,GCAATGGGCATTATGATTTTAAAAT
DENV1,DENV1_14_RIGHT,Reverse,GCTATTAGCATGCCTCCAGCTA
DENV1,DENV1_15_LEFT,Forward,ATCTGGGGAAGGAAAAGTTGGC
DENV1,DENV1_15_RIGHT,Reverse,CCAGATCTCTGTTTCTTTTTCTGCC
DENV1,DENV1_16_LEFT,Forward,AAGATAAAGGATGAAGAGAGAGATGACAC
DENV1,DENV1_16_RIGHT,Reverse,TCTTCTCCCGTGTTCCAGGATC
DENV1,DENV1_17_LEFT,Forward,TGTATCAAGGGAAGAGACTGGA
DENV1,DENV1_17_RIGHT,Reverse,ATCCTGGATGTAGGTCCATTATTGT
DENV1,DENV1_18_LEFT,Forward,GCTCAAGCTAAAGCATCACAAGA
DENV1,DENV1_18_RIGHT,Reverse,TACCCTCTGGCCGCTATGCT
DENV1,DENV1_19_LEFT,Forward,TCTCCCGTGAGAGTTCCCAA
DENV1,DENV1_19_RIGHT,Reverse,GTGACGACGTAGTCCCAGTCGT
DENV1,DENV1_20_LEFT,Forward,AAACGGGTGATTCAATTGAGCA
DENV1,DENV1_20_RIGHT,Reverse,GCTCGAAGAGGGCTGGGATAAT
DENV1,DENV1_21_LEFT,Forward,CACGCTCACTGGACAGAAGCA
DENV1,DENV1_21_RIGHT,Reverse,TCTTCTTCCTGCTGCAAACTCT
DENV1,DENV1_22_LEFT,Forward,CTGACAGAAGATGGTGCTTTGA
DENV1,DENV1_22_RIGHT,Reverse,GTCACTCCACCAGTTAACACA
DENV1,DENV1_23_LEFT,Forward,TCCGAACAAGGAGGAAGAGCC
DENV1,DENV1_23_RIGHT,Reverse,CCCTAAGTCTTTCTTTGTGGTT
DENV1,DENV1_24_LEFT,Forward,GCTGGCATATGTGGTGATAGGT
DENV1,DENV1_24_RIGHT,Reverse,CATCAATACCGCCGCTGTCA
DENV1,DENV1_25_LEFT,Forward,GGACATAGGAGTTCCACTTCTCG
DENV1,DENV1_25_RIGHT,Reverse,GCTATCGTGGTGTTCCAAAATTT
DENV1,DENV1_26_LEFT,Forward,ATGGGCCTTGTGCGAATCCATC
DENV1,DENV1_26_RIGHT,Reverse,GGTTTCACAAGGTTCCTCTCCA
DENV1,DENV1_27_LEFT,Forward,AAGAGGAGAAACAACCAAACATG
DENV1,DENV1_27_RIGHT,Reverse,TTTCCTCTGAGCCATGGTTCCA
DENV1,DENV1_28_LEFT,Forward,GTGTGATATTGGTGAGTCCTCTCC
DENV1,DENV1_28_RIGHT,Reverse,TCTGGCCAATGATATCTAGGTTGG
DENV1,DENV1_29_LEFT,Forward,ACAATGGCTCACAGGAAACC
DENV1,DENV1_29_RIGHT,Reverse,CACTTGGCTGTCACCTCCAT
DENV1,DENV1_30_LEFT,Forward,CTACACCCTTTGGACAACAGAG
DENV1,DENV1_30_RIGHT,Reverse,GCTCCCAACCACATGTACCATA
DENV1,DENV1_31_LEFT,Forward,TGTGTTTACAACATGATGGGGAA
DENV1,DENV1_31_RIGHT,Reverse,TTTTTGCTGGTCTCTGTACCC
DENV1,DENV1_32_LEFT,Forward,AGAATGAGGCCAAAATTACTGACA
DENV1,DENV1_32_RIGHT,Reverse,TCAGAGCTGTTAAGGCTGTTGC
DENV1,DENV1_33_LEFT,Forward,TGAAAAGAATGGCAATCAGCGG
DENV1,DENV1_33_RIGHT,Reverse,AACTGGAACGGCTGAACAGAT
DENV1,DENV1_34_LEFT,Forward,TATGCACAAATGTGGCAGCTGA
DENV1,DENV1_34_RIGHT,Reverse,TCTTGAATCTCTTCATTGATGTCATGT
DENV1,DENV1_35_LEFT,Forward,CTGGGCCACCAACATACAAGT
DENV1,DENV1_35_RIGHT,Reverse,AGGGGTCTCCTCTAACCACTAG
DENV2,DENV2_1_LEFT,Forward,CGTGGACCGACAAAGACAGA
DENV2,DENV2_1_RIGHT,Reverse,TGACGATCATGTGTGGTTCTCC
DENV2,DENV2_2_LEFT,Forward,GCTGAACATCTTGAACAGGAGAC
DENV2,DENV2_2_RIGHT,Reverse,TGATGACATCCATGTTTCAGTTCG
DENV2,DENV2_3_LEFT,Forward,ACGTCCACATGGGTAACTTATGG
DENV2,DENV2_3_RIGHT,Reverse,TTTTTCGCCATCGTCGTCAC
DENV2,DENV2_4_LEFT,Forward,TCACTCCTTCAATGACAATGCG
DENV2,DENV2_4_RIGHT,Reverse,CCTTCCATGTTCTTTTTGCATGTGA
DENV2,DENV2_5_LEFT,Forward,AGGACAAAAGGTTCGTCTGCAA
DENV2,DENV2_5_RIGHT,Reverse,AACGGCAGGTCTAGGAACCATT
DENV2,DENV2_6_LEFT,Forward,GGCCTCGACTTCAATGAGATGG
DENV2,DENV2_6_RIGHT,Reverse,ACTATTGTTCCATGTTGTGTTTCTG
DENV2,DENV2_7_LEFT,Forward,AGGAAACTTACTGTTCACAGGA
DENV2,DENV2_7_RIGHT,Reverse,GTTGTCTCAAACATTTGGCCGA
DENV2,DENV2_8_LEFT,Forward,AGAAGCAGAACCTCCATTCGGA
DENV2,DENV2_8_RIGHT,Reverse,AGCTCACAACGCAACCACTATC
DENV2,DENV2_9_LEFT,Forward,CACATGGATAGGAATGAACTCACG
DENV2,DENV2_9_RIGHT,Reverse,TCGTTTTCCTGCCTGCATGATT
DENV2,DENV2_10_LEFT,Forward,TGTGGAAACAAATAACACCAGAATTGA
DENV2,DENV2_10_RIGHT,Reverse,TAACCCATATCGGCATGGACGG
DENV2,DENV2_11_LEFT,Forward,CCCAACACAAACAGAGCTTGGA
DENV2,DENV2_11_RIGHT,Reverse,AGTCCATCTCAAGCTTGCCTAG
DENV2,DENV2_12_LEFT,Forward,GGACCAGTGTCACAGCACAA
DENV2,DENV2_12_RIGHT,Reverse,CATGTTTCGTTCCTACTCGGGT
DENV2,DENV2_13_LEFT,Forward,TACAGAGGTGAGGATGGATGCT
DENV2,DENV2_13_RIGHT,Reverse,GGTGGTCATCATCAATTCCTTGG
DENV2,DENV2_14_LEFT,Forward,TATCTTGCCCTACTAGCAGCCT
DENV2,DENV2_14_RIGHT,Reverse,AAAATGGCTGTTGGATTGAGAC
DENV2,DENV2_15_LEFT,Forward,ACTGGCAGTGGTGTCCGTTT
DENV2,DENV2_15_RIGHT,Reverse,TCTTTATCGACATGCTGCCATCT
DENV2,DENV2_16_LEFT,Forward,AGCAAGAAAAGGAGCTGGCC
DENV2,DENV2_16_RIGHT,Reverse,CCCGTTGTTTCTTCACTTCCCA
DENV2,DENV2_17_LEFT,Forward,TCAATACCAATCACGGCAGCAG
DENV2,DENV2_17_RIGHT,Reverse,GGTTTCGTTTGGACGGCTCT
DENV2,DENV2_18_LEFT,Forward,GGAAGCTAGAAGGAGAATGGAAGG
DENV2,DENV2_18_RIGHT,Reverse,TTATGGCTTCTCTGACTATGGC
DENV2,DENV2_19_LEFT,Forward,AGTGCTATAGCCCAGACTGAAAA
DENV2,DENV2_19_RIGHT,Reverse,GTTGAGATGTATCCTCTAGCTGCT
DENV2,DENV2_20_LEFT,Forward,ACCATGAGGCTGCTATCACCA
DENV2,DENV2_20_RIGHT,Reverse,CACGAAGTCCCAATCATTGGTTC
DENV2,DENV2_21_LEFT,Forward,TGGGTCACGGATTTTAAAGGGA
DENV2,DENV2_21_RIGHT,Reverse,GTGCACAGTCTTCATCATTTTCCA
DENV2,DENV2_22_LEFT,Forward,AGCACAAAGAAGAGGGAGAATAGG
DENV2,DENV2_22_RIGHT,Reverse,TCCTTTCCCCTTCTTTTGTCCA
DENV2,DENV2_23_LEFT,Forward,TGTGGACCTAATGAGAAGAGGAGA
DENV2,DENV2_23_RIGHT,Reverse,CGGCAGTTCACTGAGAGCAT
DENV2,DENV2_24_LEFT,Forward,AGGAATTTGCAGCTGGAAGAAA
DENV2,DENV2_24_RIGHT,Reverse,GTTCTCTGTTTTTCTGGTTCTGG
DENV2,DENV2_25_LEFT,Forward,GCACAAATACAACCACACTGGA
DENV2,DENV2_25_RIGHT,Reverse,CCCATTAACACTGTGGCTTGGT
DENV2,DENV2_26_LEFT,Forward,AGATCTACGTCCTGCATCAGC
DENV2,DENV2_26_RIGHT,Reverse,TGCTTTTCAAACTTTGGATCATAGGGT
DENV2,DENV2_27_LEFT,Forward,CGGGCATCATGAAAAACCCAAC
DENV2,DENV2_27_RIGHT,Reverse,AATTCACTTTTCCCCAGTGCGT
DENV2,DENV2_28_LEFT,Forward,CCGGAGCTGGACTTCTCTTTTC
DENV2,DENV2_28_RIGHT,Reverse,ATGTTGACATGGGGATGGGTTC
DENV2,DENV2_29_LEFT,Forward,GGGGCTGGTCATACTATTGTGG
DENV2,DENV2_29_RIGHT,Reverse,ACCCAGTACATCTCATGTGTGGA
DENV2,DENV2_30_LEFT,Forward,ACACCCAATTTTGCATAAAGGTTCT
DENV2,DENV2_30_RIGHT,Reverse,TGTTTTGTTTCATAGCTGCCATGG
DENV2,DENV2_31_LEFT,Forward,CAAGAGCATGAAACATCATGGCA
DENV2,DENV2_31_RIGHT,Reverse,TGTTCTCATCAGTGAATATGGCCC
DENV2,DENV2_32_LEFT,Forward,ACCCAAGAACCGAAAGAAGGC
DENV2,DENV2_32_RIGHT,Reverse,TCATTCAAGAATCCTAGGGCTTCA
DENV2,DENV2_33_LEFT,Forward,AAGGCAAAAGGCAGCAGAGC
DENV2,DENV2_33_RIGHT,Reverse,CCTCTTTGGTCTCTTCTCGATATGA
DENV2,DENV2_34_LEFT,Forward,ACAAACCACATGGAAGGAGAACA
DENV2,DENV2_34_RIGHT,Reverse,AACCTTTCCCATGTCATTTAGAGC
DENV2,DENV2_35_LEFT,Forward,TATCAAGAATGGCCATCAGTGG
DENV2,DENV2_35_RIGHT,Reverse,GTTGTTCGACTTGTTGGAACCC
DENV2,DENV2_36_LEFT,Forward,TGTACTTCCACAGACGTGACCT
DENV2,DENV2_36_RIGHT,Reverse,CCTGCCTCTTCCTCTTCTCTTC
DENV2,DENV2_37_LEFT,Forward,GTCAGATCCCTTATAGGCAATGAGG
DENV2,DENV2_37_RIGHT,Reverse,TACAGCTTCATCTCACCTTGGG
DENV3,DENV3_1_LEFT,Forward,CGTGGACCGACAAGAACAGTTT
DENV3,DENV3_1_RIGHT,Reverse,TCATCATGAGACAGAGCGATGTC
DENV3,DENV3_2_LEFT,Forward,AGAAGTCGGGGGCTATTAAGGT
DENV3,DENV3_2_RIGHT,Reverse,GATCTCTTGTCGCGTCTATGCT
DENV3,DENV3_3_LEFT,Forward,CCTGAAGACATTGACTGCTGGT
DENV3,DENV3_3_RIGHT,Reverse,GTGTTCGAGCACCACGTCAA
DENV3,DENV3_4_LEFT,Forward,GAGATGTGTGGGAGTAGGAAACA
DENV3,DENV3_4_RIGHT,Reverse,GAGGTTCTCATGTTGCACCACT
DENV3,DENV3_5_LEFT,Forward,GGGAAACGGTTGTGGTTTGTTT
DENV3,DENV3_5_RIGHT,Reverse,ACAAGAAGCTCTTTCCTGTTCCA
DENV3,DENV3_6_LEFT,Forward,TGGATGGTACATAGGCAATGGTT
DENV3,DENV3_6_RIGHT,Reverse,TTTCCCTTGTCCATCCTCTGTG
DENV3,DENV3_7_LEFT,Forward,TGAATACCTTTGTGTTGAAGAAAGAAGT
DENV3,DENV3_7_RIGHT,Reverse,TGGTGCACCATTTTCCCTAATGA
DENV3,DENV3_8_LEFT,Forward,TCGATTGGGAAGATGTTCGAGG
DENV3,DENV3_8_RIGHT,Reverse,GTATTGCTCTGTCCAGGTGTGG
DENV3,DENV3_9_LEFT,Forward,ACATGGGGTGTGTCATAAACTGG
DENV3,DENV3_9_RIGHT,Reverse,TTGGCCCATCTATTATGAAAGAGGA
DENV3,DENV3_10_LEFT,Forward,CCACAGCCCATGGAGCTAAAAT
DENV3,DENV3_10_RIGHT,Reverse,CATGTCACTCTCTAGCACACCA
DENV3,DENV3_11_LEFT,Forward,AGAAAAAGCATCCCTCATAGAGGT
DENV3,DENV3_11_RIGHT,Reverse,AGACTTTACCATGTTCTCTTCTTTCTCA
DENV3,DENV3_12_LEFT,Forward,ACACTTCCTCCCCTGCGATA
DENV3,DENV3_12_RIGHT,Reverse,AGGAAGAATCCCAAAGCCAAGA
DENV3,DENV3_13_LEFT,Forward,TAATGATTGGGTCCAACGCCTC
DENV3,DENV3_13_RIGHT,Reverse,AGCCAATCTGTTTTCCTCATGCT
DENV3,DENV3_14_LEFT,Forward,GTTGACTGTTGCCTGGAGAACA
DENV3,DENV3_14_RIGHT,Reverse,TGGGACACTCCTGTTTGCTC
DENV3,DENV3_15_LEFT,Forward,TACGTCATAACTGGCACGTCAG
DENV3,DENV3_15_RIGHT,Reverse,TCCTTCTTTCTGTACTCCAACCC
DENV3,DENV3_16_LEFT,Forward,ACACAGAAAGCAGAACTGGAAGA
DENV3,DENV3_16_RIGHT,Reverse,AGTCCCACTACCTTTCCCTCTC
DENV3,DENV3_17_LEFT,Forward,GGGGAAATAGGAGCAATTGCAC
DENV3,DENV3_17_RIGHT,Reverse,TCCTGTGTGTTCAGATTTTGTTGC
DENV3,DENV3_18_LEFT,Forward,TAATTTTGGCACCGACAAGGGT
DENV3,DENV3_18_RIGHT,Reverse,ATTGCCTGAATTCCATGAGCGT
DENV3,DENV3_19_LEFT,Forward,GAAGCCTTTCCCCAGAGCAA
DENV3,DENV3_19_RIGHT,Reverse,TCGCTACGGTGACTGGCATT
DENV3,DENV3_20_LEFT,Forward,ACCCAAGAAGATGTCTCAAGCC
DENV3,DENV3_20_RIGHT,Reverse,TTTGATCCCTTCTGAGGCTACTTT
DENV3,DENV3_21_LEFT,Forward,CTGAAGGGTGAGTCCAGGAAGA
DENV3,DENV3_21_RIGHT,Reverse,ACTGCATGCCTGTAAGCCCT
DENV3,DENV3_22_LEFT,Forward,TAGCCCACAGAACGAGAAACG
DENV3,DENV3_22_RIGHT,Reverse,CATTTCATTGGCTGCTACTATTGCA
DENV3,DENV3_23_LEFT,Forward,AGAGAACTCCCCAAGACAACCA
DENV3,DENV3_23_RIGHT,Reverse,GTGGGTTCACTTGTGAATAGCAA
DENV3,DENV3_24_LEFT,Forward,TGGGTTTAGACAAAGGATGGCC
DENV3,DENV3_24_RIGHT,Reverse,AGGTGATCCTTCCCAGAGTGTT
DENV3,DENV3_25_LEFT,Forward,CAACTTTTGTTAATGAGAACATCATGGG
DENV3,DENV3_25_RIGHT,Reverse,TCCACGAACCATTGAAGTTTTGC
DENV3,DENV3_26_LEFT,Forward,AGTGGATAGAACAGAAGCCAAAGA
DENV3,DENV3_26_RIGHT,Reverse,TGGTTCAACCATCTTCAAAACTCTT
DENV3,DENV3_27_LEFT,Forward,ACCCTATTGTGTGACATTGGAGA
DENV3,DENV3_27_RIGHT,Reverse,TCCATGTTGGGTGTTTCTGGTT
DENV3,DENV3_28_LEFT,Forward,ACAGGAGACCCACCATAGAGAA
DENV3,DENV3_28_RIGHT,Reverse,TCCGCTGTGATCTCCATAACCT
DENV3,DENV3_29_LEFT,Forward,GGCCAGCAAAGAGTTTTTAAAGAGA
DENV3,DENV3_29_RIGHT,Reverse,GCTCCCAACCACATGTACCATA
DENV3,DENV3_30_LEFT,Forward,AACATGATGGGCAAGAGAGAGAA
DENV3,DENV3_30_RIGHT,Reverse,GGTCGTTGGACTTTGACCACTT
DENV3,DENV3_31_LEFT,Forward,AGCAAATGGACCCTGAACACAG
DENV3,DENV3_31_RIGHT,Reverse,TTCCCATATCGTTCAGGGCAAG
DENV3,DENV3_32_LEFT,Forward,AAAAGAATGGCCATCAGCGGG
DENV3,DENV3_32_RIGHT,Reverse,CCCAATGGACTGGTACTGCTGA
DENV3,DENV3_33_LEFT,Forward,GGGAAAGCCTACGCTCAAATGT
DENV3,DENV3_33_RIGHT,Reverse,TCATCGAAGGCATGTAGTCCAG
DENV3,DENV3_34_LEFT,Forward,GTCTCACTTCCAGAGCAACCTG
DENV3,DENV3_34_RIGHT,Reverse,TTGTGTCATGGGAGGGGTCT
DENV3,DENV3_35_LEFT,Forward,CACCTTAAGCCACAGTACGGAA
DENV3,DENV3_35_RIGHT,Reverse,CAGCACCATTCCATTTTCTGGC
DENV4,DENV4_1_LEFT,Forward,GACCGACAAGGACAGTTCCA
DENV4,DENV4_1_RIGHT,Reverse,AGAGGTCTCCCCCTTTCRTGTT
DENV4,DENV4_2_LEFT,Forward,ACCGTAATGGCGTTTCACTTGT
DENV4,DENV4_2_RIGHT,Reverse,GGTTTCTGAGTATCCAGCTCTCTAC
DENV4,DENV4_3_LEFT,Forward,CATTCAGGAATGGGATTGGAAACA
DENV4,DENV4_3_RIGHT,Reverse,GTGGTTATGTTTGATATTGAGGCTTCA
DENV4,DENV4_4_LEFT,Forward,ATGGCCCAGGGAAAACCAAC
DENV4,DENV4_4_RIGHT,Reverse,CCGATGGTGACCTGGGAGTTAT
DENV4,DENV4_5_LEFT,Forward,TCCACAATGGAGACACCCATG
DENV4,DENV4_5_RIGHT,Reverse,CCATCACCGGAATCCACTTCTG
DENV4,DENV4_6_LEFT,Forward,GTTCACTGGAATCACAAAGAGAGAA
DENV4,DENV4_6_RIGHT,Reverse,TGGTATTCTCAGCAAAAGGGGT
DENV4,DENV4_7_LEFT,Forward,ACAGCATGGGACAACAGTGGT
DENV4,DENV4_7_RIGHT,Reverse,CATCCATGAGACTCCTCCAAACA
DENV4,DENV4_8_LEFT,Forward,TTGGTTCCGTTGGTGGACTG
DENV4,DENV4_8_RIGHT,Reverse,ATTTTCCAGCCTCGTGGTTGAT
DENV4,DENV4_9_LEFT,Forward,ATTTCAACCAGAGTCTCCAGCG
DENV4,DENV4_9_RIGHT,Reverse,CCATATGTTGGTCGTGAACATGC
DENV4,DENV4_10_LEFT,Forward,GAATGCCCCAATGAACGAAGAG
DENV4,DENV4_10_RIGHT,Reverse,AATTTGCCCAAGTGCCATGG
DENV4,DENV4_11_LEFT,Forward,CATATGCAGGCCCTTTTTCACA
DENV4,DENV4_11_RIGHT,Reverse,TCTTCTCCTCAAGCATTCTTCCAC
DENV4,DENV4_12_LEFT,Forward,AAGAGAACATGGTCAAATCACAGG
DENV4,DENV4_12_RIGHT,Reverse,AGTTCCATAAGGTCATGTGGAATTG
DENV4,DENV4_13_LEFT,Forward,ACTCACTTCAAGAGAGACAGCAC
DENV4,DENV4_13_RIGHT,Reverse,CAGCCATTATGCCCTCGTTAAG
DENV4,DENV4_14_LEFT,Forward,CAAGCTCTGCCAGTGTACCTAA
DENV4,DENV4_14_RIGHT,Reverse,GGAATTGCCAAGGGGTAGAGAC
DENV4,DENV4_15_LEFT,Forward,GACGTCGAGGAAACCAACATGA
DENV4,DENV4_15_RIGHT,Reverse,CATTTGTCTCCGAGCCTCCATC
DENV4,DENV4_16_LEFT,Forward,TGGGAGATTGGAGCCATCTTGG
DENV4,DENV4_16_RIGHT,Reverse,CTCCGGGATGTAAGTCCATTATAGT
DENV4,DENV4_17_LEFT,Forward,CCGAAAGAATTGGTGAGCCAGA
DENV4,DENV4_17_RIGHT,Reverse,TATCCTCTAGCCGCGACACT
DENV4,DENV4_18_LEFT,Forward,TGTCATCAACCAGGGTTCCAAA
DENV4,DENV4_18_RIGHT,Reverse,CCACAAAATCCCAGTCCGTGAG
DENV4,DENV4_19_LEFT,Forward,AATTGTTTGAGAAAGTCGGGAAAGA
DENV4,DENV4_19_RIGHT,Reverse,CAAACAATGTTGGAATGATCCCTTC
DENV4,DENV4_20_LEFT,Forward,TCTCCGGAGACCCACTAAAGAA
DENV4,DENV4_20_RIGHT,Reverse,AATCCTTCAAAGCCATGGGGTC
DENV4,DENV4_21_LEFT,Forward,AGGTTGAAATTTGGACTAGAGAGGG
DENV4,DENV4_21_RIGHT,Reverse,ACCCAAAGCAAGCCACTAGC
DENV4,DENV4_22_LEFT,Forward,CAACACGCCCTGAACGAACT
DENV4,DENV4_22_RIGHT,Reverse,TCCACATCAAGGATGGTGGTTT
DENV4,DENV4_23_LEFT,Forward,TCAATTGATCTACGTCATATTGACCATT
DENV4,DENV4_23_RIGHT,Reverse,CCTGGGCCTATTATTGCATAATGGA
DENV4,DENV4_24_LEFT,Forward,TGGGATGCTATTCTCAAGTGAACC
DENV4,DENV4_24_RIGHT,Reverse,AGCTTCCCCTGAAAATGTTGGC
DENV4,DENV4_25_LEFT,Forward,TCTGCGAAGTCTTGACTTTGGC
DENV4,DENV4_25_RIGHT,Reverse,TGGCTTTACCATCCCTCTTTCAA
DENV4,DENV4_26_LEFT,Forward,CCAAGTCTGCCCTGAAAGATGG
DENV4,DENV4_26_RIGHT,Reverse,AGAATTCAGGTTTTGAAGAGAGCCA
DENV4,DENV4_27_LEFT,Forward,TGGGGAGTCATCTTCTAATCCAAC
DENV4,DENV4_27_RIGHT,Reverse,AGCCTTCTCCCAATGATTGTCA
DENV4,DENV4_28_LEFT,Forward,ACCCACTTATGAGAAGGACGTAGA
DENV4,DENV4_28_RIGHT,Reverse,CCACAACCAATTGGCTGTCG
DENV4,DENV4_29_LEFT,Forward,CCTTTTGGGCAACAAAGAGTGT
DENV4,DENV4_29_RIGHT,Reverse,CAAATTCCAGAAACCGCGCTC
DENV4,DENV4_30_LEFT,Forward,TGGGAAAACGTGAGAAAAAGTTAGG
DENV4,DENV4_30_RIGHT,Reverse,CATCACTGCTCCTTTCGGTGTG
DENV4,DENV4_31_LEFT,Forward,AACTGATCACGGAACAGATGGC
DENV4,DENV4_31_RIGHT,Reverse,CTCACCTTTCCCATGTCGTTCA
DENV4,DENV4_32_LEFT,Forward,CAACTCATCCGCCAAATGGAAG
DENV4,DENV4_32_RIGHT,Reverse,TCTCTTAAGCTCCATCCAGCCC
DENV4,DENV4_33_LEFT,Forward,CCGCTCACTGGTTGTTCCAT
DENV4,DENV4_33_RIGHT,Reverse,AGTCCAATCAGGGATCCACACC
DENV4,DENV4_34_LEFT,Forward,CAAAACTCCAGTTCATTCGTGGG
DENV4,DENV4_34_RIGHT,Reverse,TCTCCTCTAACCGCTAGTCCAA
DENV4,DENV4_35_LEFT,Forward,TCAGGAACCTGATCGGGAAAGA
DENV4,DENV4_35_RIGHT,Reverse,CTGGTCTTTCCCAGCGTCAATA
DENV1,DEN-1,Forward,CAAAAGGAAGTCGTGCAATA
DENV1,DEN-1_C,Reverse,CTGAGTGAATTCTCTCTACTGAACC
DENV2,DEN-2,Forward,CAGGTTATGGCACTGTCACGAT
DENV2,DEN-2_C,Reverse,CCATCTGCAGCAACACCATCTC
DENV3,DEN-3,Forward,GGACTGGACACACGCACTCA
DENV3,DEN-3_C,Reverse,CATGTCTCTACCTTCTCGACTTGTCT
DENV4,DEN-4,Forward,TTGTCCTAATGATGCTGGTCG
DENV4,DEN-4_C,Reverse,TCCACCTGAGACTCCTTCCA
DENV1,D1,Forward,CAAAAGGAAGTCGTGCAATA
DENV1,D1,Forward,CAAAAGGAAGTCGYGCAATA
DENV1,D1,Reverse,CTGAGTGAATTCTCTCTACTGAAC
DENV1,D1,Reverse,CTGAGTGAATTCTCTCTGCTRAAC
DENV2,D2,Forward,CAGGTTATGGCACTGTCACGAT
DENV2,D2,Forward,CAGGCTATGGCACYGTCACGAT
DENV2,D2,Reverse,CCATCTGCAGCAACACCATCTC
DENV2,D2,Reverse,CCATYTGCAGCARCACCATCTC
DENV3,D3,Forward,GGACTGGACACACGCACTCA
DENV3,D3,Forward,GGACTRGACACACGCACCCA
DENV3,D3,Reverse,CATGTCTCTACCTTCTCGACTTGTCT
DENV3,D3,Reverse,CATGTCTCTACCTTCTCGACTTGYCT
DENV4,D4,Forward,TTGTCCTAATGATGCTGGTCG
DENV4,D4,Forward,TTGTCCTAATGATGCTRGTCG
DENV4,D4,Reverse,TCCACCTGAGACTCCTTCCA
DENV4,D4,Reverse,TCCACCYGAGACTCCTTCCA
DENV1,DatodvboRhma_1,Forward,GACTTYGTGGAAGGDSTBTCAGG
DENV1,DatodvboRhma_2,Reverse,GTCAGGTTBSCYTCWATGCA
DENV2,DatodvboRhma_3,Forward,GACTTYGTGGAAGGDSTBTCAGG
DENV2,DatodvboRhma_4,Reverse,GTCAGGTTBSCYTCWATGCA
DENV3,DatodvboRhma_5,Forward,GACTTYGTGGAAGGDSTBTCAGG
DENV3,DatodvboRhma_6,Reverse,GTCAGGTTBSCYTCWATGCA
DENV4,DatodvboRhma_7,Forward,GACTTYGTGGAAGGDSTBTCAGG
DENV4,DatodvboRhma_8,Reverse,GTCAGGTTBSCYTCWATGCA
ALL,DUL,Forward,TGGCTGGTGCACAGACAATGGTT
ALL,DU,Reverse,GCTGTGTCACCCAGAGTGGCCAT
DENV1,D1L,Forward,GGGGCTTCAACATCCCAAGAG
DENV1,D1,Reverse,GCTTAGTTTCAAAGCTTTTTCAC
DENV2,D2L,Forward,ATCCAGATGTCATCAGGAAAC
DENV2,D2,Reverse,CCGGCTCTACTCCTATGATG
DENV3,D3L,Forward,CAATGTGCTTGAATACCTTTGT
DENV3,D3,Reverse,GGACAGGCTCCTCCTTCTTG
DENV4,D4L,Forward,GGACAACAGTGGTGAAAGTCA
DENV4,D4,Reverse,GGTTACACTGTTGGTATTCTCA
ALL,D1,Forward,TCAATATGCTGAAACGCGCGAGAAACCG
ALL,D2,Reverse,TTGCACCAACAGTCAATGTCTTCAGGTTC
ALL,DencomR2,Reverse,GCNCCTTCDGMNGACATCC
DENV1,TS1,Reverse,CGTCTCAGTGATCCGGGGG
DENV2,TS2,Reverse,CGCCACAAGGGCCATGAACAG
DENV3,TS3,Reverse,TAACATCATCATGAGACAGAGC
DENV4,Den-4,Reverse,TGTTGTCTTAAACAAGAGAGGTC
ALL,mD1,Forward,TCAATATGCTGAAACGCGAGAGAAACCG
ALL,D2,Reverse,TTGCACCAACAGTCAATGTCTTCAGGTTC
DENV1,mD1,Forward,TCAATATGCTGAAACGCGAGAGAAACCG
DENV1,rTS1,Reverse,CCCGTAACACTTTGATCGCT
DENV2,mD1,Forward,TCAATATGCTGAAACGCGAGAGAAACCG
DENV2,mTS2,Reverse,CGCCACAAGGGCCATGAACAGTTT
DENV3,mD1,Forward,TCAATATGCTGAAACGCGAGAGAAACCG
DENV3,TS3,Reverse,TAACATCATCATGAGACAGAGC
DENV4,mD1,Forward,TCAATATGCTGAAACGCGAGAGAAACCG
DENV4,rTS4,Reverse,TTCTCCCGTTCAGGATGTTC
DENV2,D2S,Forward,GTTCCTCTGCAAACACTCCA
DENV2,D2C,Reverse,CGTGTTATTTTGATTTCCTTG
DENV1,DENV1_SP1,Forward,CCGGGGGCATTGTAGGTCA
DENV1,DENV1_SP2,Forward,TATCATGTGTGGCTCTCCYCCTC
DENV1,DENV1_SP3,Forward,CTTTGATYGCTCCATTCTTCTTGA
DENV1,DENV1_SP4,Reverse,CACCAATGGATGACAACAGAAG
DENV1,DENV1_SP5,Reverse,CACCTGGGCCACCAACATACAA
DENV2,DENV2_SP1,Forward,CCTTTCTCCTGCCTACCAACGAT
DENV2,DENV2_SP2,Forward,TGTTCAAGCATCCTTCCAATCTC
DENV2,DENV2_SP3,Forward,CGTTCCCCATCTTTTYAGTATCC
DENV2,DENV2_SP4,Reverse,AGAACATCCAAACAGCAATAAATC
DENV2,DENV2_SP5,Reverse,AAGGGAAGAGGAAGAGGCAGGTGT
DENV3,DENV3_SP1,Forward,GGTRATRTGGGGGCATTTGTAAG
DENV3,DENV3_SP2,Forward,GGGCTCTCCATCTCGTGAAG
DENV3,DENV3_SP3,Forward,GACTTCTTGAAGGTTCCCCATC
DENV3,DENV3_SP4,Reverse,GAAGGAGGAGGARTCGGAGGG
DENV3,DENV3_SP5,Reverse,GCCTGTGAGCCCCGTCTAAG
DENV4,DENV4_SP1,Forward,TTGTTGATCCCCTCTGTTGTYT
DENV4,DENV4_SP2,Forward,CCCTTTCATGTTTTGCCACTATCA
DENV4,DENV4_SP3,Forward,GTGGGATGGAAGRRACTCGCA
DENV4,DENV4_SP4,Reverse,GCAAACCGTGCTGCCTGTA
DENV4,DENV4_SP5,Reverse,GGACTTTCTTCYAGAGCCACCTG
DENV1,DENV1_1,Forward,TACGTGGACCGACAAGAACAGTTTCG
DENV1,DENV1_2,Reverse,TGCACATATTGACACCTACAGAGGTC
DENV1,DENV1_3,Forward,AACATAATGAACAGGAGGAAAAGATCCGTGAC
DENV1,DENV1_4,Reverse,TGAGTGATGGATGTTCCTATGGCATGTG
DENV1,DENV1_5,Forward,AGACTTGGGCTTTGCGACACCCAG
DENV1,DENV1_6,Reverse,TCTTGTTCTTCCACCAGTGTAGCTTCTC
DENV1,DENV1_7,Forward,ATTGAACTCTTGAAAACGGAGGTCACGAAC
DENV1,DENV1_8,Reverse,CTTTGTCAGTAACTATAGGATTGGCTG
DENV1,DENV1_9,Forward,GTGGCTGAGACCCAGCATGGAAC
DENV1,DENV1_10,Reverse,GCATCTCCTACAACCACTGTGAATTTCATGTC
DENV1,DENV1_11,Forward,TTCTGCTGACATGGTTGGGATTAAATTCAAGG
DENV1,DENV1_12,Reverse,GTACCTTCACACACATCAAAATCCAATTCC
DENV1,DENV1_13,Forward,GCTGAAATTGCGTGACTCCTACACCC
DENV1,DENV1_14,Reverse,CTGAGACATTGGCTCCAACCATGATGC
DENV1,DENV1_15,Forward,GAGAATCTAGTCAGGTCAATGGTCTCTGC
DENV1,DENV1_16,Reverse,TGGACCTCCACTAGTATGTTGTGTGAGG
DENV1,DENV1_17,Forward,CCTTTGGATGCAAACCACTAACCATGTTTC
DENV1,DENV1_18,Reverse,CCCTTCTTGTGATGCTTTGGCTTG
DENV1,DENV1_19,Forward,AGGCGAAGTTGGAGCCATAGCTCTAG
DENV1,DENV1_20,Reverse,CGCTCTGGACCATCCTTTAGTATTACC
DENV1,DENV1_21,Forward,GGCTACGACTGGATCACTGATTTTCC
DENV1,DENV1_22,Reverse,GTTTTCCTATTTCCAATATTAGGTCACCTG
DENV1,DENV1_23,Forward,GGAAAGGAACAACCAGGTGTTGGAGGAG
DENV1,DENV1_24,Reverse,TAACATCAACACCGCCGCTGTCAGTGTC
DENV1,DENV1_25,Forward,GAAAACCACCACCATGCTACAATGC
DENV1,DENV1_26,Reverse,TAGGTGTTAAATTCTGACTTGCTCAGTTGG
DENV1,DENV1_27,Forward,GTTACTGATACTTTGTACATCACAGATTCTC
DENV1,DENV1_28,Reverse,TCCACTGCCACATGTCTTGTTCC
DENV1,DENV1_29,Forward,GGTTTCATGTGGAACAGGAAACATTGTGTC
DENV1,DENV1_30,Reverse,CTCCCTCTCTCTGTGCACGAGATC
DENV1,DENV1_31,Forward,ACACCAAGAGCAAAACGAGGCACAGC
DENV1,DENV1_32,Reverse,GATTGGGAGTTTCCAATTCGCTAGGTAAAAAG
DENV1,DENV1_33,Forward,GATACATACTCAGAGACATATCAAAGATTCCG
DENV1,DENV1_34,Reverse,GGCATGGCACCACTATTTCCCTC
DENV1,DENV1_35,Forward,CGAATTGGAAACTCCCAATCTAGCTAAGAG
DENV1,DENV1_36,Reverse,CTATTTTCCTTTATTTCATGAGTGTGTTGGC
DENV1,DENV1_37,Forward,GAGAAGGCTCATCGGGAATGAGAATTATCTAG
DENV1,DENV1_38,Reverse,TGATTCAACGGCACCATTCCATTTTCTGGC
DENV2,DENV2_1,Forward,AGTTGTTAGTCTACGTGGACCGACAAAG
DENV2,DENV2_2,Reverse,CCTTCCAATCTCTTTCCTAAAGCCTCTC
DENV2,DENV2_3,Forward,GTTTCCTAACAATCCCACCAACAGC
DENV2,DENV2_4,Reverse,CCATGTTCTAAGACTATGTCAACCCAGC
DENV2,DENV2_5,Forward,CCATAGGAACAACATATTTCCAAAGAGTCCTG
DENV2,DENV2_6,Reverse,GATCCTAAAACAACAACATCCTGTTTCTTCG
DENV2,DENV2_7,Forward,TCAGGGGAAGAGAATGCAGTTGGAAATG
DENV2,DENV2_8,Reverse,TCGAACATTTGGCCGATTGAGCTTC
DENV2,DENV2_9,Forward,CAACATGGAACAATAGTTATCAGAGTACAATATG
DENV2,DENV2_10,Reverse,CCTGCCTGCATGATTCCTTTGATGTC
DENV2,DENV2_11,Forward,ACCGGGACAACTGAAGCTCAGC
DENV2,DENV2_12,Reverse,CATCCTGCCTTTCTTTCAACTTCAGC
DENV2,DENV2_13,Forward,CAACACAAACAGAGCTTGGAACTCACTAG
DENV2,DENV2_14,Reverse,CTTTCCATGCATTTTGTAGTATCACTGCATTTGG
DENV2,DENV2_15,Forward,GACCTCCAAGGAATTGATGATGACC
DENV2,DENV2_16,Reverse,GCCCATGATGGTTCAATCCTCTTCC
DENV2,DENV2_17,Forward,CAAGCAGAAAGGGATTCTTGGATACTC
DENV2,DENV2_18,Reverse,ACCCATTCATGTCCAGAATTCCACG
DENV2,DENV2_19,Forward,AGAACATTAATCCTGGCCCCTACTAGAG
DENV2,DENV2_20,Reverse,TTCACGCTCTGGTTCAAACATGCTGGG
DENV2,DENV2_21,Forward,AGCAATGCACCAATCATGGATGAGGAAAG
DENV2,DENV2_22,Reverse,AAGCGTCAGCAAAAGCAATGTCTCCAG
DENV2,DENV2_23,Forward,GAAAATCCCTGACCCTGAATCTAATCAC
DENV2,DENV2_24,Reverse,TTCTTCATGATGGAAAAGAGAAGTCCAGC
DENV2,DENV2_25,Forward,CACAGCAGCCCTTCTTTTATTGGTAGCAC
DENV2,DENV2_26,Reverse,CAAGTTTAGGACTCTGAGTGTTCGTCCTGC
DENV2,DENV2_27,Forward,TGGACTTCTCTTTTCCATCATGAAGAACAC
DENV2,DENV2_28,Reverse,GATGCTGATCCAGTCTGTTTTGTTTCG
DENV2,DENV2_29,Forward,CACCAAACCTAGACATAATTGGAAAAAGAATAG
DENV2,DENV2_30,Reverse,GTCACCATTTCTTCATTTTTTAAGTCCTCTAG
DENV2,DENV2_31,Forward,GGCACGAAGAAACTAATGAAAATCACGG
DENV2,DENV2_32,Reverse,TGAAGGTTCCCATTGTTGTATGTCTTTCC
DENV2,DENV2_33,Forward,GGCGTGAGAGGTTATCAAGAATGGC
DENV2,DENV2_34,Reverse,TTAATTCTGCCTTCTACCACAAGACCC
DENV2,DENV2_35,Forward,ATCCAAACAGCAATAAACCAAGTCAGATCC
DENV2,DENV2_36,Reverse,ATGATGCTGAGGAGACAGCAGG
DENV3,DENV3_1,Forward,AGTTGTTAGTCTACGTGGACCGACAAG
DENV3,DENV3_2,Reverse,CTCGTGAAGTCAAGTGGAAAGCAAGTG
DENV3,DENV3_3,Forward,GCCAGATGGGGAACCTTCAAGAAGTC
DENV3,DENV3_4,Reverse,CTTCCTTAGGGTCGCCAGTTGGGTG
DENV3,DENV3_5,Forward,AAGTCGAGAAGGTAGAGACATGGGC
DENV3,DENV3_6,Reverse,CCCAAGGGTTCCATATTCAGGCAAG
DENV3,DENV3_7,Forward,GAACCGATAGAGGGAAAAGTGGTGC
DENV3,DENV3_8,Reverse,TCCTATCGCAATGCATGAAAATGACATGG
DENV3,DENV3_9,Forward,CAAATATTCGGAAGTGCTTACACAGCCC
DENV3,DENV3_10,Reverse,CTGTGATGACAACTGTTGTTCCTTCACAATAG
DENV3,DENV3_11,Forward,CGGTGTGCTAGAGAGTGACATGATC
DENV3,DENV3_12,Reverse,ATGCTCGAAGACTGGCACACTGG
DENV3,DENV3_13,Forward,GTTACAACTGCCAGAGGACATTGAACAAATG
DENV3,DENV3_14,Reverse,CCCTTCTTCCAGTTCTGCTTTCTGTG
DENV3,DENV3_15,Forward,GAAGAGGCTGAGCAAACAGGAGTGTC
DENV3,DENV3_16,Reverse,TCTCTCTTCCTGTGTGTTCAGATTTTGTTGC
DENV3,DENV3_17,Forward,GCCATTGTTAGAGAGGCAATCAAGAGACG
DENV3,DENV3_18,Reverse,CCTATCTGTATATTTGATCCCTTCTGATGCTAC
DENV3,DENV3_19,Forward,GATAGAGTGATCGACCCAAGAAGATGTC
DENV3,DENV3_20,Reverse,GACTATAGCCGACGCGATCCATTG
DENV3,DENV3_21,Forward,ACACGTCAGAACATGGCGGTAG
DENV3,DENV3_22,Reverse,GAATCGTATATTACAGGATCTAGGTCTATCG
DENV3,DENV3_23,Forward,AACCAGGCAGTGGTCCTGATGG
DENV3,DENV3_24,Reverse,CTATGACTCTTCCTTCGGGAATGACCATG
DENV3,DENV3_25,Forward,CAATTATCCCGGAAAGAGTTTGACCTTTACAAG
DENV3,DENV3_26,Reverse,CTGTGATCTCCATAACCTTTCTTGTCCCTGGC
DENV3,DENV3_27,Forward,GTCTCTTCAGTCAACATGGTATCCAGATTG
DENV3,DENV3_28,Reverse,CTGTGTTCAGGGTCCATTTGCTGTG
DENV3,DENV3_29,Forward,GAAACTTGTGGACAGAGAACGTGAACTC
DENV3,DENV3_30,Reverse,CTTTGATGGCTGCCATTGAGGTATGTC
DENV3,DENV3_31,Forward,CAGACCTCGAGAACCCTCATCTG
DENV3,DENV3_32,Reverse,CACAGCTTCTTCCGTACTGTGGC
DENV3,DENV3_33,Forward,GGAGTCGGAGGGAGCCATTTGGTAAAC
DENV3,DENV3_34,Reverse,CCATTTTCTGGCGTTCTGTGCCTGGAATG
DENV4,DENV4_1,Forward,TTAGTCTGTGTGGACCGACAAGGACAG
DENV4,DENV4_2,Reverse,AATCCTGGGTTTCTGAGTATCCAACTCTC
DENV4,DENV4_3,Forward,AGTGGGGAACGGAGACGAGAGAAG
DENV4,DENV4_4,Reverse,GGGTTATCGTAGCTGTCACTCCGTG
DENV4,DENV4_5,Forward,GAAGTGGCTCTGTTAAGAACCTATTGCATCGAAGC
DENV4,DENV4_6,Reverse,CATCTCTTATCTCTATGGGAACTTTGCATGG
DENV4,DENV4_7,Forward,AATGGTGACGTTTAAGGTCCCTCATGC
DENV4,DENV4_8,Reverse,AGAAACAAAGTAATCCCTCCAACAGCTATGC
DENV4,DENV4_9,Forward,GATTTTGGCTCTGTTGGTGGACTGCTC
DENV4,DENV4_10,Reverse,ATGTGTGGGTCTTGGGCCATAGACATG
DENV4,DENV4_11,Forward,GTGAAAGGGGTGTTATCCAAAGGCAAGAG
DENV4,DENV4_12,Reverse,GCACAAAGGGTGGTCACCACAACCAATATC
DENV4,DENV4_13,Forward,GAACAACAGTCACCATTCAAGAGGATTGTGACC
DENV4,DENV4_14,Reverse,CATTCTTTAGAAGGGCGCTTCCCAAG
DENV4,DENV4_15,Forward,GCCCTTTCCTTGACTTTCATAAAATCAACAATGC
DENV4,DENV4_16,Reverse,GCTAGAACTTGAACGTCTTCTTCTTTATCCC
DENV4,DENV4_17,Forward,TGGCAATTCCAGTCACAATGACCCTATGG
DENV4,DENV4_18,Reverse,GAACTCTGGTTGATGATAAAAGTCTTGTTGTG
DENV4,DENV4_19,Forward,GAATTGGCGAACCAGATTATGAAGTGGATG
DENV4,DENV4_20,Reverse,TTGCTGGAGTCACTGGAATAGGACC
DENV4,DENV4_21,Forward,CAGAGCAATAGCCCAATAGAAGATATCGAGAG
DENV4,DENV4_22,Reverse,GAAGATGCCTGCTGTCATAGCTCCTAG
DENV4,DENV4_23,Forward,AATTGCCAGTTTGCCAACGTACCTTTCCTC
DENV4,DENV4_24,Reverse,ATGTTAGCTGTGGACACGGCTATAGTCG
DENV4,DENV4_25,Forward,CTTGGTGTGCCGCTATTAGCAATGGGATGC
DENV4,DENV4_26,Reverse,CATAGGAATCGGTTCTTCATGTCCTGGACC
DENV4,DENV4_27,Forward,GGATCTAAAATCAAGTATGCAGTGTCCAGAG
DENV4,DENV4_28,Reverse,ACAGTCTGGGATTTTTCTTCTTCCCGAGGAG
DENV4,DENV4_29,Forward,TCCTTCGACAGGCTCGGCATCCTC
DENV4,DENV4_30,Reverse,AGGGGCCATCTGTTCTGTGATCAGCTCTTC
DENV4,DENV4_31,Forward,GATACATCCTGGAGGACATAGATAAGAAAGATG
DENV4,DENV4_32,Reverse,AGGCTAAGCGCAGGTCCCTTCTATG
DENV4,DENV4_33,Forward,GAAAGAGTTGAGAAATGGCTGAAAGAGTGTG
DENV4,DENV4_34,Reverse,GCCTCCCTGGGATTTTTACGCCTCCCG
DENV4,DENV4_35,Forward,GAAGGAGTTCTGTAATTACCAACAACAAACACC
DENV4,DENV4_36,Reverse,CACGAGGAAGCTGTACTCCTGGTG
ALL,ArPpfdodvs12a3atqicals_1,Forward,ATTAGAGAGCAGATCTCTG
ALL,ArPpfdodvs12a3atqicals_2,Reverse,TGACACGCGGTTTC
ALL,D1,Forward,TCAATATGCTGAAACGCGCGAGAAACCG
ALL,D2,Reverse,TTGCACCAACAGTCAATGTCTTCAGGTTC
DENV1,TS1,Reverse,CGTCTCAGTGATCCGGGGG
DENV2,TS2,Reverse,CGCCACAAGGGCCATGAACAG
DENV3,TS3,Reverse,TAACATCATCATGAGACAGAGC
DENV4,TS4,Reverse,CTCTGTTGTCTTAAACAAGAGA
DENV2,Den2-911,Forward,TGACRGCTGTCGCTCCTTCA
DENV2,Den2-2444,Reverse,CARCTCACAAYGCAACCACTATC
DENV3,Den3-815,Forward,GCCCTTAGGCACCCAGGGTT
DENV3,Den3-1752,Reverse,CCCGCGAAAATGCTTGTGC
DENV3,Den3-1398,Forward,CGCAAGGAGTCACGGCTGAG
DENV3,Den3-2539,Reverse,GCCTGCAATGGCTGTTGCC
DENV1,DENV1_RN_F1,Forward,ACACCATCCATGGCCATGCG
DENV1,DENV1_RN_R1,Reverse,CCGCCTGAACCATGACTCC
DENV1,DENV1_RN_F2,Forward,GCGCAAACTGTGCATTGAAGC
DENV1,DENV1_RN_R2,Reverse,ACCAGCAAATCTTGCTCTGTTCCA
DENV2,DENV2_RN_F1,Forward,CGCTCCTTCAATGACAATGCG
DENV2,DENV2_RN_R1,Reverse,AACTCACACGCAACCACTATC
DENV2,DENV2_RN_F2,Forward,CAGAGGATGGGGAAATGGATG
DENV2,DENV2_RN_R2,Reverse,CTCATTGTTGTCTCGAACATTTG
DENV3,DENV3_RN_F1,Forward,TGGACATAGAGCTCCAGAAGAC
DENV3,DENV3_RN_R1,Reverse,GTGTGATGATTCTATCACCAATGCA
DENV3,DENV3_RN_F2,Forward,CTGAGGAGCAGGACCAGAAC
DENV3,DENV3_RN_R2,Reverse,AAGATGGCCATGCGCCTTGC
DENV4,DENV4_RN_F1,Forward,TGGTCGCCCCATCTTACGG
DENV4,DENV4_RN_R1,Reverse,TGACACCACACAACCCATGTC
DENV4,DENV4_RN_F2,Forward,CAAGATGTCCAACGCAAGGAGA
DENV4,DENV4_RN_R2,Reverse,TCACATCCTGTCTCTTGGCATG
DENV3,DENV-3′-UTR,Forward,GGTTAGAGGAGACCCCTCCC
DENV3,DENV-3′-UTR,Reverse,GGCGYCTGTGCCTGGA
DENV1,DENV1-NS5,Forward,CAAAAGGAAGTCGTGCAATA
DENV1,DENV1-NS5,Reverse,CTGAGTGAATTCTCTCTRCTGAACC
DENV2,DENV2-E,Forward,CAGGTTATGGCACYGTCACRAT
DENV2,DENV2-E,Reverse,CCATCTGCAGCAACACCATCTC
DENV3,DENV3-M,Forward,GGACTGGACACACGCACYCA
DENV3,DENV3-M,Reverse,CATGTCTCTACCTTCTCGACTTGTCT
DENV4,DENV4-M/E,Forward,TTGTYCTAATGATGCTNGTCG
DENV4,DENV4-M/E,Reverse,TCCACCTGAGACTCCTTCYA
"DENV1, DENV2, DENV3",Smnfgsodv_1,Forward,AGTTGTTAGTCTRYGTGGAC
DENV1,Smnfgsodv_2,Forward,GTTTCGAATCGGAAGCTTGC
"DENV2, DENV4",Smnfgsodv_3,Forward,CTGAAACGCGAGAGAAACCG
DENV2,Smnfgsodv_4,Forward,AGAGAAACCGCGTGTCRACT
DENV3,Smnfgsodv_5,Forward,TGGATCACAGTTGGCGAAGA
"DENV1, DENV2, DENV3",Smnfgsodv_6,Reverse,TCTGTGCCTGGAATGATGCT
DENV4,Smnfgsodv_7,Reverse,GGGTCTCCTCTAACCGCTAG
ALL,D-F3,Forward,AGCTTCATCGTGGGGATGT
ALL,D-R3,Reverse,CTCTCCCAGCGTCAATATGC
N/A,D-FIP,N/A,GGAGGGGTCTCCTCTAACCACTTTTTGGCTGCAACCCATGGAAG
N/A,D-RIP,N/A,CAAAACATAACGCAGCAGCGGGTTTTGGGGGTCTCCTCTAACCTC
ALL,D-L,Forward,TGCTACCCCATGCGTACAG
ALL,D-L,Reverse,CAACACCAGGGGAAGCTGT
DENV4,664,Forward,ACRTGGATGTCATCRGARGG
DENV4,865,Forward,GAYTTTGTRGAAGGRGTCTC
DENV4,REV382-400,Reverse,GGACATCTTGTTGCCGTAG
DENV4,1162,Forward,GGRAARGGAGGWGTTGTRAC
DENV4,REV644-665,Reverse,CATGGCTGTAATCCTCATGATTG
DENV4,1450,Forward,ACRTGGCTYGTGCAYAARCAATG
DENV4,REV926-947,Reverse,TTCCTGAGATCCCAGCACTGTC
DENV4,1721,Forward,AGGGAATGTCATAYACGATG
DENV4,REV1209-1226,Reverse,ACGCCCAACCACATTTTTC
DENV4,1997,Forward,TRACACTCCATTGGTTTYAGR
DENV4,D4a2,Forward,AACYTGGTGYACAGCCTTTCCC
DENV4,FORW1555-1576,Forward,GGTTCTTAGTGTTGTGGATTGG
DENV4,2402,Reverse,TKTACTGYTCYRTCCARG
ALL,D1,Forward,TCAATATGCTGAAACGCGCGAGAAACCG
ALL,D2,Reverse,TTGCACCAACAGTCAATGTCTTCAGGTTC
DENV1,TS1,Reverse,CGTCTCAGTGATCCGGGGG
DENV2,TS2,Reverse,CGCCACAAGGGCCATGAACAG
DENV3,TS3,Reverse,TAACATCATCATGAGACAGAGC
DENV4,TS4,Reverse,CTCTGTTGTCTTAAACAAGAGA
DENV2,Antisense_Primer,Reverse,TGTGGTACCTATTCCACTGCCACATTTTAGTTC
DENV2,Sense_Primer,Forward,ACTGGTACCTGGATGTCATCAGAAGGGGCCTGG
ALL,GRP78,Forward,ACTATGAAGCCCGTCCAGAA
ALL,GRP78,Reverse,GACAGCAGCACCATACGCTA
ALL,CLTC,Forward,CCACAATACTCCACCAATGACCTTA
ALL,CLTC,Reverse,CCCATTTTAAGTGGCTCCACCTCTC
ALL,DNM2,Forward,GGCATTCGAGGCCATTGT
ALL,DNM2,Reverse,CATTTCAGACAGGGCTCTTTCA
ALL,GAPDH,Forward,CATCACCATCTTCCAGGAGCG
ALL,GAPDH,Reverse,TGATGGCATGGACTGTGGTC
ALL,RPL27,Forward,CATGGGCAAGAAGAAGATCG
ALL,RPL27,Reverse,ACGACAGTTTTGTCCAAGGG
ALL,RPS29,Forward,GCACTGCTGAGAGCAAGATG
ALL,RPS29,Reverse,ATAGGCAGTGCCAAGGAAGA
ALL,DENV_NS5,Forward,GGAAGGAGAAGGACTGCACA
ALL,DENV_NS5,Reverse,ATTCTTGTGTCCCATCCTGCT
ALL,D1,Forward,TCAATATGCTGAAACGCGCGAGAAACCG
ALL,D2,Reverse,TTGCACCAACAGTCAATGTCTTCAGGTTC
DENV1,TS1,Reverse,CGTCTCAGTGATCCGGGGG
DENV2,TS2,Reverse,CGCCACAAGGGCCATGAACAG
DENV3,TS3,Reverse,TAACATCATCATGAGACAGAGC
DENV4,DEN4,Reverse,TGTTGTCTTAAACAAGAGAGGTC
ALL,RAA-F1,Forward,GGAAGCTGTACGCATGGGGTAGCAGACTAGTG
ALL,RAA-R1,Reverse,AGCAGGATCTCTGGTCTCTCCCAGCGTCAATA
ALL,RAA-F2,Forward,TAGCAGACTAGTGGTTAGAGGAGACCCCTCCC
ALL,RAA-R2,Reverse,GATCTCTGGTCTCTCCCAGCGTCAATATGCTGTT
ALL,RAA-F3,Forward,GGCCGGATTAAGCCATAGTACGGTAAGAGC
ALL,RAA-R3,Reverse,AGAACCTGTTGATTCAACAGCACCATTCCATT
DENV1,DodvRipaposdibutTaas_1,Forward,ATCCATGCCCATCACCAATG
DENV1,DodvRipaposdibutTaas_2,Reverse,CAGGGATCCACACCACTGATC
DENV2,DodvRipaposdibutTaas_3,Forward,ACAAGTCGAACAACCTGGTCCAT
DENV2,DodvRipaposdibutTaas_4,Reverse,GCCGCACCATTGGTCTTCTC
DENV3,DodvRipaposdibutTaas_5,Forward,TGGCAACAGGTCCCTTTCTG
DENV3,DodvRipaposdibutTaas_6,Reverse,TGGCGTTGGATGCTAGTCTAAGA
DENV4,DodvRipaposdibutTaas_7,Forward,GCGTGGTGAAGCCCTAGAT
DENV4,DodvRipaposdibutTaas_8,Reverse,GAACAACTAGTGAGCGGCCATC
ALL,DENV,Forward,GCATATTGACCGCTGGGARAGAC
ALL,DENV_R1-3,Reverse,TTCTGTGCCTGGAATGATGCTG
ALL,DENV_R4,Reverse,YTCTGTGCCTGGATWGATGTTG
DENV1,D1,Forward,CAAAAGGAAGTCGTGCAATA
DENV1,D1,Reverse,CTGAGTGAATTCTCTCTACTGAACC
DENV2,D2,Forward,CAGGTTATGGCACTGTCACGAT
DENV2,D2,Reverse,CCATCTGCAGCAACACCATCTC
DENV3,D3,Forward,GGACTGGACACACGCACTCA
DENV3,D3,Reverse,CATGTCTCTACCTTCTCGACTTGTCT
DENV4,D4,Forward,TTGTCCTAATGATGCTGGTCG
DENV4,D4,Reverse,TCCACCTGAGACTCCTTCCA
ALL,D1,Forward,TCAATATGCTGAAACGCGCGAGAAACCG
ALL,D2,Reverse,TTGCACCAACAGTCAATGTCTTCAGGTTC
DENV1,TS1,Reverse,CGTCTCAGTGATCCGGGGG
DENV2,TS2,Reverse,CGCCACAAGGGCCATGAACAG
DENV3,TS3,Reverse,TAACATCATCATGAGACAGAGC
DENV4,TS4,Reverse,CTCTGTTGTCTTAAACAAGAGA
ALL,D1,Forward,TCAATATGCTGAAACGCGCGAGAAACCG
DENV1,TS1,Reverse,CGTCTCAGTGATCCGGGGG
DENV2,TS2,Reverse,CGCCACAAGGGCCATGAACAG
DENV3,TS3,Reverse,TAACATCATCATGAGACAGAGC
DENV4,TS4,Reverse,CTCTGTTGTCTTAAACAAGAGA
ALL,DN,Forward,CAATATGCTGAAACGCGAGAGAAA
ALL,DN,Reverse,CCCCATCTATTCAGAATCCCTGCT
DENV1,D1,Reverse,CGCTCCATACATCTTGAATGAG
DENV2,D2,Reverse,AAGACATTGATGGCTTTTGA
DENV3,D3,Reverse,AAGACGTAAATAGCCCCCGAC
DENV4,D4,Reverse,AGGACTCGCAAAAACGTGATGAAT
DENV1,NS1-1,Forward,TTCATATGGACTCGGGATGTGTAATCAACTG
DENV1,NS1-1,Reverse,TTGGATCCCTAGTTGAAAATTCCAAATC
DENV1,NS1-2,Forward,CGCATATGATATGGTTGAAATTGCGTGACTCC
DENV1,NS1-2,Reverse,TCGGATCCCTATGCAGAGACCATTGACTTAAC
DENV1,Den1_F15,Forward,GTGGACCGACAAGAACAGTTTC
DENV1,Den1_R2520,Reverse,AATTTRTATTGYTCTGTCCARGTRTG
DENV1,Den1_F2305,Forward,AGGAWTAGGGRTYCTGCTGAC
DENV1,Den1_R5391,Reverse,TCRGTRAARTGTGCTTCATCCAT
DENV1,Den1_F5132,Forward,CTTCCAGCCATAGTYCGWGAGGC
DENV1,Den1_R7740,Reverse,GACACTGCRTGTTTGRTTRTYTCTC
DENV1,Den1_F7444,Forward,GGAGGGATCTCCAGGAAAATT
DENV1,Den1_R10735,Reverse,AGAACCTGTTGATTCAACAGCACC
DENV2,Den2_F1,Forward,AGTWGTTAGTCTACGTGSACCGAC
DENV2,Den2_R2876,Reverse,GARTTCCAAGCTCTRTTTGTGTTG
DENV2,Den2_F2707,Forward,ATYATGCAGGCAGGAAAACGATC
DENV2,Den2_R5428,Reverse,GAGTTGARATRTATCCTCTAGCTGCTAT
DENV2,Den2_F5228,Forward,GAGGACTTCCRATAAGATACCAAACC
DENV2,Den2_R8023,Reverse,GTGAYGAYTCCCCTATGTCACAC
DENV2,Den2_F7875,Forward,CCTAACAAAAGGAGGACCAGGAC
DENV2,Den2_R10723,Reverse,AGAACCTGTTGATTCAACAGCACC
DENV3,Den3_F1,Forward,AGTTGTTAGTCTACGTGGACCGAC
DENV3,Den3_R2877,Reverse,ACCTCCCACACATTCCATGCTC
DENV3,Den3_F2709,Forward,AAGGGAAAAGARCAYTAACACCAC
DENV3,Den3_R5517,Reverse,TCTTGAATTGGAGCGTTGCTCTG
DENV3,Den3_F5396,Forward,ATAGCGGCTAGAGGGTACATATC
DENV3,Den3_R8037,Reverse,TCTTCCACTGTTGGGCTTGGTG
DENV3,Den3_F7857,Forward,CAGAAGTGCGAGGRTACACAAAAG
DENV3,Den3_R10707,Reverse,AGAACCTGTTGATTCAACAGCACC
DENV4,Den4_F1,Forward,AGTTGTTAGTCTGTGTGGACCGAC
DENV4,Den4_R2870,Reverse,GCTCTTCGTTCATTGGGGCATTC
DENV4,Den4_F2498,Forward,TGCAYACTTGGACAGAACAGTAC
DENV4,Den4_R5525,Reverse,TCTTCTATTGGGCTGTTGCTCTG
DENV4,Den4_F5299,Forward,CTCATGTGYCATGCAACCTTCAC
DENV4,Den4_R8508,Reverse,GCCTGTCGARGGAGCTTCATAG
DENV4,Den4_F7950,Forward,GGTTGAYGTGTTCTACAAACCCAC
DENV4,Den4_R10653,Reverse,AGAACCTGTTGGATCAACAACACC
ALL,DV1,Forward,GGRACKTCAGGWTCTCC
ALL,DV3,Reverse,AARTGIGCYTCRTCCAT
DENV1,DSP1,Forward,AGTTTCTTTTCCTAAACACCTCG
DENV2,DSP2,Forward,CCGGTGTGCTCRGCYCTGAT
DENV3,DSP3,Forward,TTAGAGTYCTTAAGCGTCTCTTG
DENV4,DSP4,Forward,CCTGGTTGATGACAAAAGTCTTG
DENV2,NS3-1-O,Forward,CAGGACTTTTCCCCGTATCA
DENV2,NS3-1-I,Forward,AACAACGGGCTGGAGTATTG
DENV2,NS3-1-SEQ,Forward,CCAGGTCTTGGCATTAGAGC
DENV2,NS3-2-O,Forward,TCACAGACCCAGCAAGCATA
DENV2,NS3-2-I,Forward,AGCAGAGACCCATTTCCTCA
DENV2,NS3-2-SEQ-I,Forward,GGCAGAAATGGGTGCTAACT
DENV2,NS3-1-O,Reverse,GGAACTCTGGACATGAGTGGGT
DENV2,NS3-1-I,Reverse,TTGAGGAAATGGGTCTCTGC
DENV2,NS3-2-O,Reverse,AGCATGATTGTACGCCCTTC
DENV2,NS3-2-I,Reverse,TGGAAGCCTACCCATTTCTG
DENV2,NS3F-1,Forward,GCAAGCTTGCCATGGCCGCTGGAGTATTGTCGGC
DENV2,NS3F-2,Forward,GCGGATCCGCCATGGCCGCTGTATTGTCGGC
DENV2,NS3,Reverse,GCGCGGCCGCTTTCTTCCACTGCAAACTCTTTGTTC
DENV1,DENV1F6.2,Forward,ACTCAGCAAAAGARGCAGTGG
DENV2,DENV2F10,Forward,TTYRCAAGAAARGTGAGAAG
DENV3,DENV3F6.1,Forward,GAACCAGAAACACCCAAYATGGA
DENV4,DENV4F3,Forward,CACCARGAAGGRAAATGTGAATC
DENV1,DV1.U,Forward,ACACCAGGGGAAGACTGTATCCTGG
"DENV1, DENV2, DENV3",DV.L1,Reverse,CATTCCATTTTCTGGCGTTCT
DENV2,DV2.U,Forward,AAGGTGAGATGAAGCTGTAGTCTC
DENV3,DV3.U,Forward,AGCACTGAGGGAAGCTGTACCTCC
DENV4,DV4.U,Forward,AAGCCAGGAGGAAGCTGTACTCCT
DENV4,DV.L2,Reverse,CCATCCATCTTGCGGCGCTCT
ALL,D1,Forward,TCAATATGCTGAAACGCGCGAGAAACCG
ALL,D2,Reverse,TTGCACCAACAGTCAATGTCTTCAGGTTC
DENV1,TS1,Reverse,CGTCTCAGTGATCCGGGGG
DENV2,TS2,Reverse,CGCCACAAGGGCCATGAACAG
DENV3,TS3,Reverse,TAACATCATCATGAGACAGAGC
DENV4,TS4,Reverse,CTCTGTTGTCTTAAACAAGAGA
DENV2,DENV2qPCR,Forward,CACACATGAGATGTACTGGGTATC
DENV2,DENV2qPCR,Reverse,GGCTCGTAAGTGGCTTTCTT
DENV1,DENV1,Forward,CAATGGATGACAACAGAAGAYATG
DENV1,DENV1,Reverse,TCCATCCATGGGTTTTCCTCTAT
DENV2,DENV2,Forward,GCAGAAACACAACATGGAACRATAGT
DENV2,DENV2,Reverse,TGATGTAGCTGTCTCCRAATGG
DENV3,DENV3,Forward,ATGGAATGTGTGGGAGGTGG
DENV3,DENV3,Reverse,GGCTTTCTATCCARTAGCCCATG
DENV4,DENV4,Forward,GCAGATCTCTGGAAAAATGAACCA
DENV4,DENV4,Reverse,GAGAATCTCTTCACCAACCCYTG
ALL,D1,Forward,TCAATATGCTGAAACGCGCGAGAAACCG
ALL,D2,Reverse,TTGCACCAACAGTCAATGTCTTCAGGTTC
DENV1,TS1,Reverse,CGTCTCAGTGATCCGGGGG
DENV2,TS2,Reverse,CGCCACAAGGGCCATGAACAG
DENV3,TS3,Reverse,TAACATCATCATGAGACAGAGC
DENV4,TS4,Reverse,CTCTGTTGTCTTAAACAAGAGA
"DENV1, DENV2",DEN-Bgl.5NC,N/A,TAGAGAGCAGATCTCTG
DENV1,cD1-2394.Ngo,N/A,TGTGACCATGCCGGCTGCGATGCACATCACCGA
ALL,D1,Forward,TCAATATGCTGAAACGCGCGAGAAACCG
ALL,D2,Reverse,TTGCACCAACAGTCAATGTCTTCAGGTTC
DENV1,TS1,Reverse,CGTCTCAGTGATCCGGGGG
DENV2,TS2,Reverse,CGCCACAAGGGCCATGAACAG
DENV3,TS3,Reverse,TAACATCATCATGAGACAGAGC
DENV4,TS4,Reverse,CTCTGTTGTCTTAAACAAGAGA
ALL,C14A,Forward,AATATGCTGAAACGCGAGAGAAACCGCG
ALL,C69B,Reverse,CCCATCTCITCAIIATCCCTGCTGTTGG
DENV2,D1B,N/A,AACGACAGUGUAUUCGAGG
DENV2,D2B,N/A,AAUAUGAUUCAATTCTGATG
DENV2,D3B,N/A,AAAAAUGGCUUUUUUATTGAG
DENV2,D4B,N/A,ATUACACAUUAAUTCCAC
DENV2,D5B,N/A,AAUUCAAUUGGUUATCCTU
DENV2,D6B,N/A,AAAAUUGUGUUUUAUUGTTC
DENV2,D7B,N/A,AAUUAGUUUUUCTTCCATG
DENV2,D8B,N/A,CTGCAGAGAACCTUTTGATTC
DENV2,N1A,N/A,CTCTCTAUAAUTTUTTAGTCTACGTGGACCGACAAAGAC
DENV2,E1A,N/A,CAGATCTCTGATGAATAACC
DENV2,E1,N/A,TCTCTTTCCTGAACCCTCTC
DENV2,AD3,N/A,CTGATTTCCATCCCGTA
DENV2,AD4,N/A,UATATGGGTTATTGGATAGA
DENV3,CsotdvRRpcda1r_1,Forward,CCACGCGTCGACAACATGGATGTCATTGGGGAAAG
DENV3,CsotdvRRpcda1r_2,Reverse,CCGGAATTCCTACCAAATGGCTCCCTCCGACTCCTC
ALL,Den_F2,Forward,GGGAGGCCATAAACCATGGAAGCTGTACGC
ALL,Den_F3,Forward,GCCACGGTTTGAAGTAAACTGTGCTGCCTGTAGCTC
ALL,Den_R1b,Reverse,CTTATCTCTCCTCTAACCTCTAGTCCTT
ALL,Den_R2,Reverse,GGTCTTTCCCAGCGTCAATATGCTGT
ALL,Den,Forward,TTAGAGGAGACCCCTCCC
ALL,Den,Reverse,TCTCCTCTAACCTCTAGTCC
ALL,DN,Forward,CAATATGCTGAAACGCGAGAGAAA
ALL,DN,Reverse,CCCCATCTATTCAGAATCCCTGCT
ALL,Pan,Forward,TTGAGTAAACYRTGCTGCCTGTAGCTC
ALL,Pan,Reverse,GAGACAGCAGGATCTCTGGTCTYTC
DENV1,Gsaodv1iiKWF_1,Forward,CCGAAACATGGATGTCCTCT
DENV1,Gsaodv1iiKWF_2,Reverse,TCTCCCATTCTGGGTCACTC
DENV2,DvNspCsaiiiotaswsbmmasaome_1,Forward,GGGGTACCGCTGGAGTATTGTGGGAT
DENV2,DvNspCsaiiiotaswsbmmasaome_2,Reverse,CCCAAGCTTCTTTCGAAAAATGTCATC
ALL,Fragment_A,Forward,AGTTGTTAGTCTACGTGGACCG
ALL,Fragment_A,Reverse,CCAGTATTATTGAAGCTGCTATCCA
ALL,Fragment_B,Forward,GGATGGTGAGCATTTTAGCCAGTTC
ALL,Fragment_B,Reverse,TGGCGTTCTGTGCCTGGAAT
ALL,P1,Forward,AGTTGTTAGTCTACGTGGAC
ALL,P1,Reverse,CTGCAGCATTTCCAAGTGAGA
ALL,P2,Forward,CATGTCTTAGGTCGCCTGAT
ALL,P2,Reverse,TCTCAAACATTTGGCCGATA
ALL,P3,Forward,TTGAAGACAACCCAGAGATCG
ALL,P3,Reverse,CTGACTATGGCCGGAAGGTA
ALL,P4,Forward,AGTGGAAGCAGGACGAACAC
ALL,P4,Reverse,GGCTCCTCCATATTTTCCTTTG
ALL,P5,Forward,TGGATGACAACGGAAGACA
ALL,P5,Reverse,TGGATGGCATGTAATCTGTGTA
ALL,P6,Forward,GCTCTAGTCTCGCTGGAAGG
ALL,P6,Reverse,TGGCGTTCTGTGCCTGGAAT
ALL,D1,Forward,TCAATATGCTGAAACGCGCGAGAAACCG
ALL,D2,Reverse,TTGCACCAACAGTCAATGTCTTCAGGTTC
DENV1,TS1,Reverse,CGTCTCAGTGATCCGGGGG
DENV2,TS2,Reverse,CGCCACAAGGGCCATGAACAG
DENV3,TS3,Reverse,TAACATCATCATGAGACAGAGC
DENV4,TS4,Reverse,CTCTGTTGTCTTAAACAAGAGA
DENV1,DEN1_CC_A,Forward,ACGTGGACCGACAAGAACAGTTTCG
DENV1,DEN1_CC_1,Reverse,CTTCCTGTTTCTTTGCATGAGCTGTC
DENV1,DEN1_CC_1,Forward,GAGCATGGAAGCTGCGTCACCAC
DENV1,DEN1_CC_B,Reverse,CTTYCCAATGGCTGCTGACAGTCTT
DENV1,DENV1-LAB-5F-CC,Forward,CGCATGGGACTTCGGYTCTATAGG
DENV1,DEN1_CC_2,Reverse,TGTTCCAGTCATCAGCATCTTTCTAC
DENV1,DEN1_CC_2,Forward,ATTGCGTGACTCCYACACCCAAATG
DENV1,DEN1_CC_D,Reverse,CCTGGTGACGTGCCACATTGTGTG
DENV1,DENV1-LAB-8F-CC,Forward,CAAAGAGGACTGTTGGGCAGGTCC
DENV1,DEN1_CC_3,Reverse,ATCTCCACGTCCATGTTCTCCTCC
DENV1,DEN1_CC_3,Forward,TCATGGAACTCAGGCTACGACTGG
DENV1,DENV1-LAB-10R-CC,Reverse,CTGCATAGAGRGTCCAGGCTGAAG
DENV1,DENV1-LAB-12F-CC,Forward,CACAAAGAAAGACCTGGGGATTGGC
DENV1,DEN1_CC_4,Reverse,GTTCCACTGCCACATGTCTTGTTCC
DENV1,DEN1_CC_4,Forward,GAGAAACAACCAAACATGCAGTGTCG
DENV1,DENV1-LAB-14R-CC,Reverse,TTGTGCAGTCCTTCTCCTTCCACTC
DENV1,DENV1-LAB-14F-CC,Forward,TACGTGTTCTAAARATGGTGGAACCAT
DENV1,DEN1_CC_5,Reverse,AGCCATAAGTTCCGACCTGTCCAC
DENV1,DEN1_CC_5,Forward,ACTGACATCATGGAGCCTGAACATG
DENV1,DEN1_CC_J,Reverse,CGTTCTGTGCCTGGAATGATGCTG
DENV2,d2s1Csingle_bondCC,Forward,AGTTGTTAGTCTACGTGGACCGACA
DENV2,DEN2_CC_1,Reverse,AGCACCATCTCATTGAAGTCGAGG
DENV2,DEN2_CC_1,Forward,CAAACACTCCATGGTAGACAGAGG
DENV2,d2a18-CC,N/A,TCCCRCTGCCACATTTCARTTCTTT
DENV2,d2s4-CC,N/A,ACGCSAAGAAACAGGATGTYGTTGT
DENV2,DEN2_CC_2,Reverse,TCCTGCTGTTTGTGTATGGTAGCC
DENV2,DEN2_CC_2,Forward,CACATGGAAGATGGAGAAAGCCTC
DENV2,d2a14-CC,N/A,GCCGTRATTGGTATYGATACWGGAA
DENV2,d2s8-CC,N/A,ATGGGMGTGACTTAYCTTGCCCTA
DENV2,DEN2_CC_3,Reverse,CTTCTCTAACTATGGCTGGAAGG
DENV2,DEN2_CC_3,Forward,TGGTGTTGTCACAAGGAGTGGAG
DENV2,d2a10-CC,N/A,TACGCCYTTCCRCCTGCYTCAG
DENV2,d2s13-CC,N/A,GCAGACAGAARGTGGTGTTTTGATG
DENV2,DEN2_CC_4,Reverse,CATTAATACTTGAGTCACGCAGAGG
DENV2,DEN2_CC_4,Forward,TTCAAGCAAAAGCAACCAGAGAAGC
DENV2,d2a6-CC,N/A,CATGGTAWGCCCAYGTTTTGTATGG
DENV2,d2s16-CC,N/A,CAGGAAGTGGATAGAACCYTRGCA
DENV2,DEN2_CC_5,Reverse,CATTACTGTGCCTCTTGGTGTTGG
DENV2,DEN2_CC_5,Forward,CTGGTTGACAGGGAAAGAAATCTCC
DENV2,d2a5B-CC,N/A,AGAACCTGTTGATTCAACAGCACCAT
DENV3,d3s1Csingle_bondCC,Forward,AGTTGTTAGTCTACGTGGACCG
DENV3,DEN3_CC_1,Reverse,CATGCTTTGTTCTTCATTGTTAGC
DENV3,DEN3_CC_1,Forward,CAACATAACAACTGACTCAAGATG
DENV3,DEN3_CC_B,Reverse,CAAGTCAAGAGAACTCCTATTCC
DENV3,d3s5-CC,N/A,CTGAACCTCCTTTTGGGGAAAG
DENV3,DEN3_CC_2,Reverse,CTCCATGTTATTTGCCCTGAGA
DENV3,DEN3_CC_2,Forward,AGGTGGAAGATTACGGGTTCG
DENV3,d3a14-CC,N/A,AACTGTGATCATTAARTTGTGGGA
DENV3,DEN3_CC_E,Forward,TTCTCTCCTTAGAAATGATGTACC
DENV3,DEN3_CC_3,Reverse,TCAATGCTTCTTCCATCTCAGC
DENV3,DEN3_CC_3,Forward,GAGTGGTTACAAAGAATGGTGG
DENV3,d3a10*,N/A,GCYGCAAARTCCTTGAATTCCT
DENV3,d3s13-CC,N/A,CCAGCTCTCTTTGARCCAGAAA
DENV3,DEN3_CC_4,Reverse,AGCATAACCTGTCCCAGTTGC
DENV3,DEN3_CC_4,Forward,AGATGTGGACTTGCACCCAGC
DENV3,d3a6-CC2,N/A,CGCATTAACATGTCGAGTTCC
DENV3,DEN3_CC_I,Forward,TCCACTTTCACGAAACTCCACG
DENV3,DEN3_CC_5,Reverse,TTCAGACCATAAGTTCCTACCTG
DENV3,DEN3_CC_5,Forward,GAAGATGACCTGCACAATGAGG
DENV3,DEN1_CC_J,Reverse,CGTTCTGTGCCTGGAATGATGCTG
DENV4,d4s1Csingle_bondCC,Forward,AGTTGTTAGTCTGTGTGGACCGACAA
DENV4,DEN4_CC_1,Reverse,GTGACCTGGGAGTTATCGTGGCTG
DENV4,DEN4_CC_1,Forward,GACACCCATGCAGTAGGAAATGACAC
DENV4,DEN4_CC_B,Reverse,ACTCAAACATCTTGCCAATGGAACTC
DENV4,d4s5-CC,N/A,CTCCGTGTAAAGTCCCCATAGAGATAA
DENV4,DEN4_CC_2,Reverse,CATGATGAGGGCTCGTAGCAAGTCC
DENV4,DEN4_CC_2,Forward,AGAAGATGGGTGCTGGTATGGGATG
DENV4,DEN4_CC_D,Reverse,ACTCCATTTCCATAGAGTCCGATGAC
DENV4,DEN4_CC_E,Forward,GACTGGGAGATTGGAGCCATCTTG
DENV4,DEN4_CC_3,Reverse,TCTTTGTAAGAAATGCCAGCAGAAGC
DENV4,DEN4_CC_3,Forward,CTCAAGCCAGTTATCCTAACAGATGG
DENV4,d4a8-CC,N/A,CATGACYTGCCCTAATTGCTTTTCAAA
DENV4,d4s16-CC,N/A,GAAAAGRACAGCTGCTGGRATCATGA
DENV4,DEN4_CC_4,Reverse,TCTGTCATGGCTAACTGAGTCACCA
DENV4,DEN4_CC_4,Forward,TTCACAACAAGGCATAGGAAACCCAC
DENV4,d4a3-CC,N/A,TGTGRAARTGGTGGGAGCAAAAAGGA
DENV4,d4s21-CC,N/A,GAAAGAYATYCCGCAGTGGGAACCA
DENV4,d4a5B-CC,N/A,AGAACCTGTTGGATCAACAACACCAAT
DENV2,SortisdodvR_1,Forward,2323–2343
DENV2,SortisdodvR_2,Reverse,2947–2927
DENV2,SortisdodvR_3,Forward,8016–8036
DENV2,SortisdodvR_4,Reverse,8546–8526
DENV2,SortisdodvR_5,Reverse,10723–10703
DENV2,SortisdodvR_6,Forward,1–20
DENV2,SortisdodvR_7,Reverse,463–443
DENV2,SortisdodvR_8,Forward,10456–10476
DENV2,SortisdodvR_9,Reverse,10723–10703
DENV2,SortisdodvR_10,Forward,1171–1191
DENV2,SortisdodvR_11,Reverse,1568–1548
DENV2,SortisdodvR_12,Forward,9550–9570
DENV2,SortisdodvR_13,Reverse,10161–10141
DENV1,Dcon,Forward,AGTTGTTAGTCTACGTGGACCGACA
DENV1,D1,Reverse,CCCCGTAACACTTTGATCGCTCCATT
DENV2,Dcon,Forward,AGTTGTTAGTCTACGTGGACCGACA
DENV2,D2,Reverse,CGCCACAAGGGCCATGAACAG
DENV3,Dcon,Forward,AGTTGTTAGTCTACGTGGACCGACA
DENV3,D3,Reverse,GCACATGTTGATTCCAGAGGCTGTC
DENV4,Dcon,Forward,AGTTGTTAGTCTACGTGGACCGACA
DENV4,D4,Reverse,GTTTCCAATCCCATTCCTGAATGTGGTGT
DENV1,d1a5B,Reverse,TTTGTCGGTCTGGGGGGGTATAGAACCTGTTGATTCAACRGC
DENV2,d2a5B,Reverse,TTTGTCGGTCTGGGGGGGTATAGAACCTGTTGATTCAACAG
DENV3,d3a5B,Reverse,TTTGTCGGTCTGGGGGGGTATAGAACCTGTTGATTCAACAGC
DENV4,d4a5B,Reverse,TTTGTCGGTCTGGGGGGGTATAGAACCTGTTGGATCAACAAC
DENV1,D1S,Forward,GGACTGCGTATGGAGTTTTG
DENV1,D1C,Reverse,ATGGGTTGTGGCCTAATCAT
DENV2,D2S,Forward,GTTCCTCTGCAAACACTCCA
DENV2,D2C,Reverse,CGTGTTATTTTGATTTCCTTG
DENV3,D3S,Forward,GTGCTTACACAGCCCTATTT
DENV3,D3C,Reverse,CTCCATTCTCCCAAGCGCCTG
DENV4,D4S,Forward,CCATTATGGCTGTGTTGTTT
DENV4,D4C,Reverse,CCTTCATCCTGCTTCACTTCT
DENV2,Forward,Forward,CATGGCCCTKGTGGCG
DENV2,Reverse,Reverse,CCCCATCTYTTCAGTATCCCTG
DENV1,RSS9,Forward,CTGTTCAGTGTTAGGTGAC
DENV1,RSS10,Reverse,CATTCCCTATACTGCTTCC
DENV1,RSS11,Forward,GTCACAAACCTGCCGTCCT
DENV1,RSS12,Reverse,CGCAGCTTCCATGCTCCAAT
DENV4,RSS21,Forward,GGACTCAACAGTACATTTGCCGGA
DENV4,RSS22,Forward,GTTTTCATGCTCGGGGAAGAT
DENV4,RSS23,Reverse,CTTCTGTGTGTCTGCTCCT
DENV4,RSS24,Reverse,GAGAACTTTCCTGAAGCACATCGT
DENV1,DEN-1-forward,Forward,GACACCACACCCCTTTGGACAA
DENV1,DEN-1-reverse,Reverse,CACCTGGCTGTCACCTCCAT
DENV2,DEN-2-forward,Forward,CATGGCCCTKGTGGCG
DENV2,DEN-2-reverse,Reverse,CCCCATCTYTTCAGTATCCCTG
DENV3,DEN-3-forward,Forward,GGGAAAACCGTCTATCAATA
DENV3,DEN-3-reverse,Reverse,GCCATAACAAATTCATTGG
DENV4,DEN-4-forward,Forward,TGAAGAGATTCTCAACCGGAC
DENV4,DEN-4-reverse,Reverse,AATCCTGCTGTTGGTGGG
ALL,Group_forward,Forward,AAGGACTAGAGGTTAKAGGAGACCC
ALL,Group_reverse,Reverse,GGCGYTCTGTGCCTGGAWTGATG
ALL,Den,Forward,TTAGAGGAGACCCCTCCC
ALL,Den,Reverse,TCTCCTCTAACCTCTAGTCC
DENV1,Den_R2,Reverse,GAGACAGCAGGATCTCTGG
DENV2,Den_R2,Reverse,GAGACAGCAGGATCTCTGG
DENV3,Den_R2,Reverse,GAGACAGCAGGATCTCTGG
DENV4,Den_R2,Reverse,GAGACAGCAGGATCTCTGG
DENV1,D1F751,Forward,GGATGTCCTCTGAAGGCGC
DENV1,D1F1035,Forward,CCAACATTGGACATTGAAC
DENV1,D1F1545,Forward,CACAAACAATGGTTTCTAG
DENV1,D1R1653,Reverse,"CATGAGCTGTCTT(A,G)AATGTG"
DENV1,D1R2297,Reverse,CCCTATTCCTATTTTCATGG
DENV1,D1R2581,Reverse,GCTGATCGAATTCCACACAC
DENV2,D2F798,Forward,CCAGAGAATTGAAACTTGGA
DENV2,D2F1200,Forward,GAGGTTCGTCTGCAAACA
DENV2,D2F1729,Forward,ACAGGAGCCACAGAAATCCA
DENV2,D2R1667,Reverse,AGGGGATTTTTGAAAGTG
DENV2,D2R2099,Reverse,TTCAGTTGTCCCGGCTCT
DENV2,D2R2516,Reverse,GTATTGTTCTGTCCATGTGT
DENV3,D3F791,Forward,CAAGTCGAGAAGGTAGAGAC
DENV3,D3F1187,Forward,GAGCAGGACCAGAACTACGT
DENV3,D3F1667,Forward,AAGCAAGAAGTAGTTGTCCT
DENV3,D3F1927,Forward,CAAGATTCCTTTCTCCAC
DENV3,D3R1340,Reverse,TGAGGTTCTCATGTTGCACC
DENV3,D3R1758,Reverse,CTTGTGCCTCCTGAGGTTTG
DENV3,D3R2095,Reverse,GATTTTCAGGGCTTTGTC
DENV3,D3R2492,Reverse,TGTGGACCTCATTAGTGACG
DENV4,d4s1c,Forward,AGTTGTTAGTCTGTGTGGACCGAC
DENV4,d4s2,Forward,AACAAATGCACYCTYATTGCCA
DENV4,d4s3,Forward,TTTGAACTGACYAAGACAACAGC
DENV4,d4s4,Forward,TGGACAGCAGGAGCAGACACAT
DENV4,d4a6,Reverse,TGGGTGTCTCCATTGTGGACTG
DENV4,d4a18,Reverse,GGGCATTYAATATTGCAGACGCTA
ALL,DEN_RP2,Reverse,CTGHRGAGACAGCAGGATCTCTG
DENV2,DC-S,Forward,TCAATATGCTGAAACGCGCGAGAAACCG
DENV1,D1-C,Reverse,CGTCTCAGTGATCCGGGGG
DENV2,D2-C,Reverse,ACGCATTGTCATTGAGGGAG
DENV3,D3-C,Reverse,TAACATCATCATGAGACAGAGC
DENV4,D4-C,Reverse,GGAAAGGACTCGCAAAAAC
DENV,DenS,Forward,GGATAGACCAGAGATCCTGCTGT
DENV,DenAs,Reverse,CATTCCATTTTCTGGCGTTC 
DENV,DenAs,Reverse,CAATCCATCTTGCGGCGCTC
ALL,D1,Forward,TCAATATGCTGAAACGCGCGAGAAACCG
ALL,D2,Reverse,TTGCACCAACAGTCAATGTCTTCAGGTTC
ALL,D1,Forward,TCAATATGCTGAAACGCGCGAGAAACCG
ALL,D2,Reverse,TTGCACCAACAGTCAATGTCTTCAGGTTC
DENV1,TS1,Reverse,CGTCTCAGTGATCCGGGGG
DENV2,TS2,Reverse,CGCCACAAGGGCCATGAACAG
DENV3,TS3,Reverse,TAACATCATCATGAGACAGAGC
DENV4,TS4,Reverse,CTCTGTTGTCTTAAACAAGAGA
ALL,DN,Forward,"CT(A,T)TCAATATGCTGAAACGCG"
ALL,R,Reverse,"TCTATCCA(G,A)AAT(T,C)CCTGCTGTT"
ALL,D1,Reverse,CGCTCCATTCTTCTTGAATGAG
ALL,D2,Reverse,CGCCACAAGGGCCATGAACAG
ALL,D3,Reverse,TCATGAGACAGAGCGATGTC
ALL,D4,Reverse,CCGCGGCCGGCGCG
DENV2,S07100620_FP,Forward,CCGTCACACTGGGTTCCAA
DENV2,S07100620_RT,Reverse,CCGTCGTCATCCATTCATGCT
DENV2,rbcLa,Forward,ATGTCACCACAAACAGAGACTAAAGC
DENV2,rbcLa,Reverse,GTAAAATCAAGTCCACCRCG
DENV2,ITS-S2,Forward,ATGCGATACTTGGTGTGAAT
DENV2,ITS4,Reverse,TCCTCCGCTTATTGATATGC
DENV2,psbA,Forward,GTTATGCATGAACGTAATGCTC
DENV2,trnH2,Reverse,CGCGCATGGTGGATTCACAATCC
DENV2,matK-KIM3,Forward,CGTACAGTACTTTTGTGTTTACGAG
DENV2,matK-KIM1,Reverse,ACCCAGTCCATCTGGAAATCTTGGTTC
DENV2,matK-390,Forward,CGATCTATTCATTCAATATTTC
DENV2,matK-1326,Reverse,TCTAGCACACGAAAGTCGAAGT
DENV1,1G1P1,Forward,AAAACCATGGAAGCTGTACG
DENV1,1G1P1,Reverse,TCTGTGCCTGGAATGAT
DENV2,1G1P1,Forward,AAAACCATGGAAGCTGTACG
DENV2,1G1P1,Reverse,TCTGTGCCTGGAATGATGCT
DENV2,2G2P5,Forward,GGGAGTGGAGTGGAAGGAGAAGGG
DENV2,2G2P5,Reverse,CCTCTTGGTGTTGGTCTTTGC
DENV1,1G3P6,Forward,CAGACTAGTGGTTAGAGGAGA
DENV1,1G3P6,Reverse,GGAATGATGCTGTAGAGACA
DENV3,1G4P217,Forward,ATATGCTGAAACGCGTGAG
DENV3,1G4P217,Reverse,CCATCATGAGACAGAGCGAT
DENV4,1G5P30,Forward,TTCCAACAAGCAGAACAACAT
DENV4,1G5P30,Reverse,CTACAGGCAGCACGGTTT
DENV1,DENV-1,Forward,GGGCTCACTCAAGAAGAATG
DENV1,DENV-1,Reverse,CCAATGGCTGCTGATAGTCT
DENV2,DENV-2,Forward,ACAGAAGCCAAACAACCTG
DENV2,DENV-2,Reverse,AGCACTCCATCGTGACAGT
DENV3,DENV-3,Forward,AACAGCAGGAGTCTTGGCT
DENV3,DENV-3,Reverse,AATGGGCGAGAAATAGGG
DENV4,DENV-4,Forward,TGATAGTGGCAAGACACGA
DENV4,DENV-4,Reverse,AAGAAGACTGTTCGCTGGA
DENV1,DENV-1,Forward,CAAAAGGAAGTCGTGCAATA
DENV1,DENV-1,Reverse,CTGAGTGAATTCTCTCTACTGAAC
DENV2,DENV-2,Forward,CAGGCTATGGCACTGTCACGAT
DENV2,DENV-2,Reverse,CCATTTGCAGCAACACCATCTC
DENV3,DENV-3,Forward,GGACTGGACACACGCACCCA
DENV3,DENV-3,Reverse,CATGTCTCTACCTTCTCGACTTGTCT
DENV4,DENV-4,Forward,TTGTTCTAATGATGCTGGTCG
DENV4,DENV-4,Reverse,TCCACCTGAGACTCCTTCCA
DENV1,DENV-1,Forward,CAAAAGGAAGTCGTGCAATA
DENV1,DENV-1,Reverse,CTGAGTGAATTCTCTCTACTGAACC
DENV2,DENV-2,Forward,CAGGTTATGGCACTGTCACGAT
DENV2,DENV-2,Reverse,CCATCTGCAGCAACACCATCTC
DENV3,DENV-3,Forward,GGACTGGACACACGCACTCA
DENV3,DENV-3,Reverse,CATGTCTCTACCTTCTCGACTTGTCT
DENV4,DENV-4,Forward,TTGTCCTAATGATGCTGGTCG
DENV4,DENV-4,Reverse,TCCACCTGAGACTCCTTCCA
DENV2,D2-1_FW,Forward,AGTTGTTAGTCTACGTGGACCGA
DENV2,D2-2691_RV,Reverse,TGTCATAATAGTCAACTTCACCTCA
DENV2,D2-2586_FW,Forward,TGGAATCCGCTCAGTAACAAGA
DENV2,D2-5339_RV,Reverse,ACTGGTGATAGCAGCCTCATAGT
DENV2,D2-5032_FW,Forward,AGTATTGAAGACAATCCAGAGA
DENV2,D2-8006_RV,Reverse,TCACACAACAATGTGTCACACT
DENV2,D2-7930_FW,Forward,TGGAATCTAGTACGTCTTCAAAGT
DENV2,D2-10723_RV,Reverse,AGAACCTGTTGATTCAACAGCA
DENV2,DEN2-S,Forward,GTTCCTCTGCAAACACTCCA
DENV2,DEN2-C,Reverse,GTGTTATTTTGATTTCCTTG
ALL,Primer_1,N/A,GCTAATACGACTCACTATAGAGTTGTTAGTCTACG
ALL,Primer_2,N/A,AGAACCTGTTGATTCAACAGCACCATTC
ALL,Primer_3,Reverse,AGAACCTGTTGATTCAACAGCAC
ALL,Primer_4,Reverse,CAAGCTATGGCATTTGTAATGGC
ALL,D1,Forward,TCAATATGCTGAAACGCGCGAGAAACCG
ALL,D2,Reverse,TTGCACCAACAGTCAATGTCTTCAGGTTC
DENV1,TS1,Reverse,CGTCTCAGTGATCCGGGGG
DENV2,TS2,Reverse,CGCCACAAGGGCCATGAACAG
DENV3,TS3,Reverse,TAACATCATCATGAGACAGAGC
DENV4,TS4,Reverse,CTCTGTTGTCTTAAACAAGAGA
DENV1,DENV-1,Forward,ATCCATGCCCAYCACCAAT
DENV1,DENV-1,Reverse,TGTGGGTTTTGTCCTCCATC
DENV2,DENV-2,Forward,TCCATACACGCCAAACATGAA
DENV2,DENV-2,Reverse,GGGATTTCCTCCCATGATTCC
DENV3,DENV-3,Forward,TTTCTGCTCCCACCACTTTC
DENV3,DENV-3,Reverse,CCATCCYGCTCCTTGAGA
DENV4,DENV-4,Forward,GYGTGGTGAAGCCYCTRGAT
DENV4,DENV-4,Reverse,AGTGARCGGCCATCCTTCAT
DENV1,D1,Forward,CAAAAGGAAGTCGTGCAATA
DENV1,D1,Forward,CAAAAGGAAGTCGYGCAATA
DENV1,D1,Reverse,CTGAGTGAATTCTCTCTACTGAAC
DENV1,D1,Reverse,CTGAGTGAATTCTCTCTGCTRAAC
DENV2,D2,Forward,CAGGTTATGGCACTGTCACGAT
DENV2,D2,Forward,CAGGCTATGGCACYGTCACGAT
DENV2,D2,Reverse,CCATCTGCAGCAACACCATCTC
DENV2,D2,Reverse,CCATYTGCAGCARCACCATCTC
DENV3,D3,Forward,GGACTGGACACACGCACTCA
DENV3,D3,Forward,GGACTRGACACACGCACCCA
DENV3,D3,Reverse,CATGTCTCTACCTTCTCGACTTGTCT
DENV3,D3,Reverse,CATGTCTCTACCTTCTCGACTTGYCT
DENV4,D4,Forward,TTGTCCTAATGATGCTGGTCG
DENV4,D4,Forward,TTGTCCTAATGATGCTRGTCG
DENV4,D4,Reverse,TCCACCTGAGACTCCTTCCA
DENV4,D4,Reverse,TCCACCYGAGACTCCTTCCA
DENV3,Forward,Forward,GGAATTCCATATGCTGAGCATTATCAACAAA
DENV3,Reverse,Reverse,GCTCTAGATCATCTGGCAGTGGCCTCGAACA
ALL,VIR2234,Forward,TCATGGATGAAGCACATTTCACAGATCC
ALL,VIR2234,Reverse,TGAAGATCGCAGCTGCCTCTCCCAT
ALL,NS5,Forward,GGAAGGAGAAGGACTGCACA
ALL,NS5,Reverse,ATTCTTGTGTCCCATCCTGCT
ALL,DV1(+),Forward,GGRACKTCAGGWCC
DENV1,DSPl(-),Reverse,AGTITCITTTCCLAACACCEG
DENV2,DSP2(-),Reverse,CCGGTGTGCTCRGCYC
DENV3,DSP3(-),Reverse,TTAGAGTYCITAAGCGTCTCITG
DENV4,DSP4(-),Reverse,CCI-GGlTGATGACAAAAGTCTTG
ALL,DN,Forward,CAATATGCTGAAACGCGAGAGAAA
ALL,DN,Reverse,CCCCATCTATTCAGAATCCCTGCT
DENV1,D1,Reverse,CGCTCCATACATCTTGAATGAG
DENV2,D2,Reverse,AAGACATTGATGGCTTTTGA
DENV3,D3,Reverse,AAGACGTAAATAGCCCCCGAC
DENV4,D4,Reverse,AGGACTCGCAAAACGTGATGAAT
DENV1,DEN-1,Forward,TCAATATGCTGAAACGCGCGAGAAACCG
DENV1,DEN-1,Reverse,CGTCTCAGTGATCCGGGGGG
DENV2,DEN-2,Forward,CGCGCTGCCCAACACAAGGGG
DENV2,DEN-2,Reverse,GCTTTGTCTTTCATTTGCAC
DENV3,DEN-3,Forward,TCAATATGCTGAAACGCGCGAGAAACCG
DENV3,DEN-3,Reverse,TAACATCATCATGAGACAGAGC
DENV4,DEN-4,Forward,TCAATATGCTGAAACGCGCGAGAAACCG
DENV4,DEN-4,Reverse,CTCTGTTGTCTTAAACAAGAGA
ALL,HP53,Forward,AAGTTCCAACCAGAATCCCC
ALL,HP53,Reverse,AGCCATATATTGGTAGTGAA
DENV2,NS3_Antisense,Reverse,CATAAGCTTACAGAGGTTCCCCATG
DENV2,E/NS2A_Sense,Forward,GGGGGATATCATGCTGTCTGTGTCACTAG
DENV2,E/NS2A_Antisense|,Reverse,GGGGCTCGAGTTACCCTGTGATCAATG
DENV2,NS1_Sense,Forward,GGGGGATATCGATAGTGGTTGCGTTG
DENV2,NS1_Antisense,Reverse,GGGGCTCGAGTTAGGCTGTGACCAAG
DENV2,P1,Forward,GGGGTACCCTTCAATGACAATGCGTT
DENV2,P2,Reverse,GCTCTAGAGCTGGTTGGAACTTATATTG
DENV2,P1,Forward,CAGATTCTTTGAGGGAGC
DENV2,P2,Reverse,GCTTCCTCCTGAAACCC
DENV1,TM,Forward,GCATTYCTAAGATTTCTAGCCATACC
DENV1,TM,Reverse,TCGCTCCATTCTTCTTGAATGAG
ALL,D1,Forward,TCAATATGCTGAAACGCGCGAGAAACCG
ALL,D2,Reverse,TTGCACCAACAGTCAATGTCTTCAGGTTC
DENV1,TS1,Reverse,CGTCTCAGTGATCCGGGGG
DENV2,TS2,Reverse,CGCCACAAGGGCCATGAACAG
DENV3,TS3,Reverse,TAACATCATCATGAGACAGAGC
DENV4,TS4,Reverse,CTCTGTTGTCTTAAACAAGAGA
DENV1,TS1.2013TH,Reverse,MGCYTCAGTGATTCKAGG
DENV2,Cebeof_1,Reverse,AGAACCTGTTGATTCAACAGC
DENV2,Cebeof_2,Forward,CCATGGGTAACGGAGTGGTCAGAC
DENV2,Cebeof_3,Reverse,TGCATGGAACTACAAGTACGCG
DENV1,DEN-1,Forward,GAACAGTTTCGACTCGGAAGCTT
DENV1,DEN-1,Reverse,CTCTCGCGTTTCAGCATATTGA
DENV2,DEN-2,Forward,TTATCAGTTCAAAATCCAATGTTGGT
DENV2,DEN-2,Reverse,AGGAGGAAGCTGGGTTGACA
DENV3,DEN-3,Forward,AAAGCTATGAACGCCATAACCAA
DENV3,DEN-3,Reverse,GGCGAAGAGATTCTCAAGAGGAT
DENV4,DEN-4,Forward,GAGAATCTCTTCACCAACCCTTGA
DENV4,DEN-4,Reverse,GAAAAATGAACCAACGAAAAAAGGT
N/A,mD1,Forward,TCAATATGCTGAAACGCGAGAGAAACCG
ALL,D2,Reverse,TTGCACCAACAGTCAATGTCTTCAGGTTC
DENV2,NS3_Antisense,Reverse,CATAAGCTTACAGAGGTTCCCCATG
DENV2,NS1_Sense,Forward,GGGGGATATCGATAGTGGTTGCGTTG
DENV2,NS1_Antisense,Reverse,GGGGCTCGAGTTAGGCTGTGACCAAG
N/A,3’RT-p1,Forward,AGAACCTGTTGRWTCAAC
N/A,3’RT-p2A,Forward,AGAACCTGTTGGATCAAC
N/A,3’RT-p2B,Forward,AGAACCTGTTGATTCAAC
N/A,3’RT-p3A,Forward,AGAACCTGTTGATTCAACVGCACCA
N/A,3’RT-p3B,Forward,AGAACCTGTTGATTCAACAGSACCA
N/A,3’RT-p3C,Forward,AGAACCTGTTGGATCAACAACACCA
N/A,SS-p1A,Forward,AYTACATGMCWKYVATGAARAGAT
N/A,SS-p1B,Forward,GSAAWGARRADTWYVYRGAYTACATG
N/A,SS-p1C,Forward,HCARGTBAGRWVSCTBATHGGSAA
N/A,SS-p2A,Forward,AGMKGTTAKWGGARACCCC
N/A,SS-p2B,Forward,NNNNNNGACYAGMKGTTAKWGGA
N/A,SS-p2C,Forward,NNNNNNNNNNGACYAGMKGTTA
N/A,QSP-D1U,Forward,ACAACGCAGCAGCGGG
N/A,QSP-D1L,Reverse,TCTAGTCCTTACCACCAGGGTACAG
N/A,QSP-D2U,Forward,AGACCCCTCCCTTACAAATCG
N/A,QSP-D2L,Reverse,TGGTCTTTCCCAGCGTCAAT
N/A,QSP-D3U,Forward,CCTTGCAAAGGACTAGAGGTTATAGG
N/A,QSP-D3L,Reverse,TGCTGTTTTTGTTTGCGGG
N/A,QSP-D4U,Forward,GGTGGAAGGACTAGAGGTTAGAGGAG
N/A,QSP-D4L,Reverse,CAATATGCTGTTTTTGTGTTGGG
N/A,QST-D1U,Forward,GAGACCCCCSGCRYA
N/A,QST-D1L,Reverse,CTKTGCCTGGAWTGATGCTG
N/A,QST-D2AU,Forward,TCAAAGACCAACMCCAAGAGG
N/A,QST-D2AL,Reverse,CATCTCCACTGATDGCCATTCTTG
N/A,QST-D2BU,Forward,CGCRTGGYGTAGTGGACT
N/A,QST-D2BL,Reverse,TGGTCTTTCCCAGCGTCAAT
N/A,QST-D3U,Forward,GAGACCCCCSGCRYA
N/A,QST-D3L,Reverse,GGTCTCTCCCAGSGTCAATA
N/A,QST-D4U,Forward,GAWGYCAGGAKGAAGCTGTACT
N/A,QST-D4L,Reverse,GCGCTCTGTGCCTGGATTGATG
DENV3,D708,Reverse,CGCAATACATGAAAATGACATGGAAGTGTTTCTCGAGTTCAACCCTATCCA
DENV1,DEN-1_Forward,Forward,TGATGAACAACCAACGRAAAAA
DENV1,DEN-1_Reverse,Reverse,GTTTCTCCCGCGTTTCAGCAT
DENV2,DEN-2_Forward,Forward,CTGCARGGACGAGGACCATT
DENV2,DEN-2_Reverse,Reverse,GGGATTGTTAGGAAACGAAGGA
DENV3,DEN-3_Forward,Forward,TCGCTCTGTCTCATGATGATRTT
DENV3,DEN-3_Reverse,Reverse,GGCTCTCCATCGCGTGAA
DENV4,DEN-4_Forward,Forward,TCTCTGGAAAAATGAACCAACGA
DENV4,DEN-4_Reverse,Reverse,CGGTTTCTCTCGCGTTTCAG
ALL,D1,Forward,TCAATATGCTGAAACGCGCGAGAAACCG
ALL,D2,Reverse,TTGCACCAACAGTCAATGTCTTCAGGTTC
DENV1,TS1,Reverse,CGTCTCAGTGATCCGGGGG
DENV2,TS2,Reverse,CGCCACAAGGGCCATGAACAG
DENV3,TS3,Reverse,TAACATCATCATGAGACAGAGC
DENV4,TS4,Reverse,CTCTGTTGTCTTAAACAAGAGA
DENV3,DENV.3_P.Q,Forward,ACTAGAGGTTAGAGGAGACCCCC
DENV3,DENV.3_P.QRA,Reverse,GGCGCTCTGTGCCTGGATT
DENV3,DENV.3_P.QRB,Reverse,TGGCGTTCTGTGCCTGGAAT
DENV2,NS3proRXhoI,Reverse,TATACTCGAGCTATCGAAAAATGTCATCTT
DENV2,NS2BFNcoI,Forward,CAAACCATGGCAAGCTGGCCGCTAAATGA
DENV2,NS3proFNcoI,Forward,CAAACCATGGCTGGAGTATTGTGGGATGT
DENV2,CF40FNcoI,Forward,AGGTACCATGGCCGATTTGGAACTG
DENV2,CF40RKpnI,Reverse,GGGGTACCACAGTGTTTGTTCTTCCTC
DENV2,NS3proFKpnI,Forward,GGGGTACCTGTGGGAAGTGAAGAAACAACGGGCTGGAGTATTGT
DENV2,NS3proFS135A,Forward,TCTCCTGGAACCGCAGGATCTCCAATC
DENV2,NS3proRS135A,Reverse,GATTGGAGATCCTGCGGTTCCAGGAGA
DENV2,NS3proFBamHI,Forward,ATTAGGATCCCTGGAGTATTGTGGGATGT
DENV2,NS3proRHindII,Reverse,GCTAAAGCTTCTATCGAAAAATGTCATCTT
DENV2,CF40FBamHI,Forward,ATTAGGATCCGCCGATTTAGAACTG
DENV2,CF40gly,Reverse,CCCGCCTCCACCACTACCTCCGCCCCCCAGTGTTTGTTCTTCCTC
DENV2,NS3progly,Forward,GGGGGCGGAGGTAGTGGTGGAGGCGGGGCTGGAGTATTGTGGGATG
DENV1,DoaSSMfPSaGoDV_3,Forward,AGCACATGCYATAGGAACATCC
DENV1,DoaSSMfPSaGoDV_4,Reverse,GCTGATCGAATTCCACACARCC
DENV2,DoaSSMfPSaGoDV_5,Forward,TCGCTCCTTCAATGACAATGC
DENV2,DoaSSMfPSaGoDV_6,Reverse,CAGCTCACAACGCAACCAC
DENV3,DoaSSMfPSaGoDV_7,Forward,TAGCCCTATTTCTTGCCCATTAC
DENV3,DoaSSMfPSaGoDV_8,Reverse,AGTTCATTGGCTATTTGTCTTCA
DENV4,DoaSSMfPSaGoDV_9,Forward,AACAGGRATCCAGCGAACTGT
DENV4,DoaSSMfPSaGoDV_10,Reverse,CTCGCTGGGGACTCTGGTTG
DENV1,D1SEQ1,Forward,GCYATAGGAACATCCATCACYCAG
DENV1,D1SEQ2,Forward,ACGTGTGCYAAGTTYAAGTGTGT
DENV1,D1SEQ3,Forward,AAGACAGCTCATGCAAAGAARCAG
DENV1,D1SEQ4,Forward,TTGGTGAGAGYTACATCGTGRATAG
DENV1,D1SEQ5,Forward,GCTGATCGAATTCCACACARCC
DENV1,D1SEQ6,Forward,CTGGTGACCCTTTTCCCCACAG
DENV1,D1SEQ7,Forward,TGGGTCTCAGCCACTTCYTTCCT
DENV1,D1SEQ8,Forward,AGCCCTGTTCTAGGTGAGCAATC
DENV2,D2SEQ1,Forward,TYGCTCCTTCAATGAACATGCG
DENV2,D2SEQ2,Forward,ACATGCAAAAAGAACATGGAAGGA
DENV2,D2SEQ3,Forward,AATCCCCAYGCVAAAGAAACAGGAT
DENV2,D2SEQ4,Forward,CCATTCGGRGACAGCTACATCAT
DENV2,D2SEQ5,Forward,CAGCTCACAACGCAACCACCTA
DENV2,D2SEQ6,Forward,TGATGATGTAGCTGTCCTCCGAATG
DENV2,D2SEQ7,Forward,CTGTGAGTGCCGTGTGCATG
DENV2,D2SEQ8,Forward,CAARTTTTCTGGTTGCACGACT
DENV3,D3SEQ1,Forward,AGGCACCTCCTTGACCCAGAA
DENV3,D3SEQ2,Forward,TGGCAAGGGAAGCTTGGTAA
DENV3,D3SEQ3,Forward,AACAGGAAGGAGCTTCTTGTGACA
DENV3,D3SEQ4,Forward,GAGCCTGTCAATATTGAGGCTGA
DENV3,D3SEQ5,Forward,TGTCATGGATGGGGTGACCA
DENV3,D3SEQ6,Forward,TCCTCTATTGGTTCAGGGCA
DENV3,D3SEQ7,Forward,CTTGCGATCCAAGGACAACACT
DENV3,D3SEQ8,Forward,GCGTTGTCTCCAATTCCAATYACT
DENV4,D4SEQ1,Forward,TGTCCTAATGATGCTGGTCGC
DENV4,D4SEQ2,Forward,GAGGAGTTGTGACATGTGC
DENV4,D4SEQ3,Forward,ATGGTGACATTTAAGGTTCCTCAT
DENV4,D4SEQ4,Forward,GCTGAGAATACCAACAGTGTAACCA
DENV4,D4SEQ5,Forward,CTCGCTGGGGACTCTGGTTG
DENV4,D4SEQ6,Forward,GCCATDCGYTTTGCAACCTCT
DENV4,D4SEQ7,Forward,TTGAGATGTTCCTGCAAAACATGT
DENV4,D4SEQ8,Forward,ATGGTGACCTGGGRGTTATCGTC
DENV1,d1E101WAB1,Forward,ACAGCCATTGCCCGCGCCTCTGTCCAC
DENV1,d1E101WAA2,Reverse,GTGGACAGAGGCGCGGGCAATGGCTGT
DENV1,d1E108FAB1,Forward,GCTACCTTTTCCGGCAAGCCCACAGCC
DENV1,d1E108FAA2,Reverse,GGCTGTGGGCTTGCCGGAAAAGGTAGC
DENV1,d1E209HAB1,Forward,AAACCATTGTTTGGCGACAAGCCATGA
DENV1,d1E209HAA2,Reverse,TCATGGCTTGTCGCCAAACAATGGTTT
DENV1,d1E258-GAB1,Forward,AGTGTGCATTGCTGCTTCTTGTGATCC
DENV1,d1E258GAA2,Reverse,GGATCACAAGAAGCAGCAATGCACACT
DENV1,d1E262TAB1,Forward,TCCGGTCAACGCAGCGTGCATTGCTCC
DENV1,d1E262TAA2,Reverse,GGAGCAATGCACGCTGCGTTGACCGGA
DENV1,d1E265TAB1,Forward,TTCTGTCGCTCCGGCCAACGCAGTGTG
DENV1,d1E265TAA2,Reverse,CACACTGCGTTGGCCGGAGCGACAGAA
ALL,Forward,Forward,GGCGYTCTGTGCCTGGAWTGATG
ALL,Reverse,Reverse,AAGGACTAGAGGTTAKAGGAGACCC
DENV1,Primer_a,Forward,ACGTCTCGAGAGGACCATGGGGATCATTTTTATTTTGCTGAT
DENV1,Primer_b,Forward,ACGTCTCGAGAGGACCATGGCTGTGACCATGCTCCTCATGCT
DENV1,Primer_c,Reverse,ACGTGGATCCTCATTACTTCTTGAACCAGCTTAGTTTCA
DENV1,Primer_d,Reverse,AGTGGATCCTCATTACTTCATGGTCCAAGAAACACC
DENV1,Primer_e,Reverse,AGTGGATCCTCATTACGCCTGAACCATGACTCCTAG
ALL,Forward,Forward,GGCGYTCTGTGCCTGGAWTGATG
ALL,Reverse,Reverse,AAGGACTAGAGGTTAKAGGAGACCC
DENV1,1318-1336,Forward,TTCAGTGATAGTCACCGTA
DENV1,1537-1557,Reverse,GGTAGGTCTAGGAACCATTGT
DENV2,1437-1458,Forward,GAGTTCCATCACAGAAGCAGAA
DENV2,1566-1586,Reverse,GGTAGGTCTAGGAACCATTGT
DENV3,1139-1158,Forward,ACAACCGACTCAAGATGTCC
DENV3,1453-1471,Reverse,GAGGGTTCCATATTCAGGT
DENV4,1143-1162,Forward,ACAACCGACTCAAGATGTCC
DENV4,1545-1563,Reverse,GCACGAGCCATGTTTTCTT
DENV1,nDEN1_(−),Reverse,CGTTTTGCTCTTGTGTGCGC
DENV2,nDEN2_(−),Reverse,GAACCAGTTTGTTTDRTTTCATAGCTGCC
DENV3,nDEN3_(−),Reverse,TTCCTCGTCCTCAACAGCAGCTCTCGCACT
ALL,5'_end,Forward,ACTCACAGCAATCCAACA
ALL,3'_end,Reverse,AGAACCTGTTGATTCAACAGCACCATTCCA
DENV1,PatfrdohsCc_1,Forward,GATGGCCAGTGTGGAGCCCCATTGGATA
DENV1,PatfrdohsCc_2,Reverse,CAGCCACATGGCCAATCCCTAAGTCTTT
DENV2,PatfrdohsCc_3,Forward,ACCTTAGCGACCGGGCCCATCTCCACAC
DENV2,PatfrdohsCc_4,Reverse,GTTTGTTGTGTTCTTCATGATGGAAAAG
DENV3,PatfrdohsCc_5,Forward,TGGGAGGAAGAGGCTGAGCAAACAGGAGTG
DENV3,PatfrdohsCc_6,Reverse,GGGTTTGCTTTTGCCAAGTATGCCAGACCA
DENV4,PatfrdohsCc_7,Forward,AGTGTTCAAGATGTCACCAGGATACGTG
DENV4,PatfrdohsCc_8,Reverse,CTAAGGTTCCCACTTGGGTGTTGTCAAA
ALL,DV1,Forward,GGRACKTCAGGWTCTCC
ALL,DV3,Reverse,AARTGIGCYTCRTCCAT
DENV1,DSP1,Reverse,AGTTTCTTTTCCTAAACACCTCG
DENV2,DSP2,Reverse,CCGGTGTGCTCRGCYCTGAT
DENV3,DSP3,Reverse,TTAGAGTYCTTAAGCGTCTCTTG
DENV4,DSP4,Reverse,CCTGGTTGATGACAAAAGTCTTG
DENV1,DEN-1,Forward,CAAAAGGAAGTCGTGCAATA
DENV1,DEN-1_C,Reverse,CTGAGTGAATTCTCTCTACTGAACC
DENV2,DEN-2,Forward,CAGGTTATGGCACTGTCACGAT
DENV2,DEN-2_C,Reverse,CCATCTGCAGCAACACCATCTC
DENV3,DEN-3,Forward,GGACTGGACACACGCACTCA
DENV3,DEN-3_C,Reverse,CATGTCTCTACCTTCTCGACTTGTCT
DENV4,DEN-4,Forward,TTGTCCTAATGATGCTGGTCG
DENV4,DEN-4_C,Reverse,TCCACCTGAGACTCCTTCCA
ALL,D2,Reverse,TTGCACCAACAGTCAATGTCTTCAGGTTC
ALL,D1,Forward,TCAATATGCTGAAACGCGCGAGAAACCG
DENV2,TS2,Reverse,CGCCACAAGGGCCATGAACAG
N/A,MARBoLHMftDoZDaCR_1,Forward,CAAAAGGAAGTCGYGCAATA
N/A,MARBoLHMftDoZDaCR_2,Reverse,CTGAGTGAATTCTCTCTGCTRAAC
ALL,DV1,Forward,GGRACKTCAGGWTCTCC
ALL,DV3,Reverse,AARTGIGCYTCRTCCAT
ALL,mD1b,Forward,TCAATATGCTGAAACGCGAGAGAAACCG
ALL,D2,Reverse,TTGCACCAACAGTCAATGTCTTCAGGTTC
DENV1,rTS1c,Reverse,CCCGTAACACTTTGATCGCT
DENV2,mTS2b,Forward,CGCCACAAGGGCCATGAACAGTTT
DENV3,TS3,Forward,TAACATCATCATGAGACAGAGC
DENV4,rTS4c,Reverse,TTCTCCCGTTCAGGATGTTC
ALL,DC10418,Forward,TTGAGTAAACYRTGCTGCCTGTAGCTC
ALL,CDC10564,Reverse,GGGTCTCCTCTAACCTCTAGTCCT
DENV1,DV_1-P1,N/A,GAGTCTAGTGGCATCTG
DENV1,DV_1-P2,N/A,CATGGTTAGTGGTTTG
DENV2,DV_2-P1,N/A,GAATTGATGATGACTACC
DENV2,DV_2-P2,N/A,GGAAACGGACACCACT
DENV3,DV_3-P1,N/A,TGAGGAAAACTGACATA
DENV3,DV_3-P2,N/A,TGAGCCCCAAAGCAA
DENV4,DV_4-P1,N/A,AGGAAACTCACTTCAAG
DENV4,DV_4-P2,N/A,AGGTACACTGGCAGAG
DENV2,DENV2C,Forward,CTCTAACATCCACCACAACAGA
DENV2,DENV2C,Reverse,AGTTCTGGCTCCTCTGTTCAAGA
DENV2,Primer_A,Forward,TGACCATGATTACGCCAAGCTATTTAGGTG
DENV2,Primer_B,Reverse,AGAACCTGTTGATTCAACAGCACC
DENV2,Primer_C,Forward,CGGAATTCGGATCGATCCCCCCTAATAC
DENV2,Primer_D,Reverse,CAGTTCCTGAGGTCCTCGTCCCTGCAG
DENV2,Primer_E,Forward,AGCTATGACCATGATTACGAATTC
DENV2,Primer_F,Reverse,TTTCACAGAGAGAGAAGGCGTATTTCTCGCCTTT
DENV2,Primer_G,Forward,GCCTTCTCTCTCTGTGAAACGCGAGAGAAACCG
DENV2,Primer_H,Reverse,TGAGGTCCTCGTCCTG
DENV2,Primer_A,Forward,TGACCATGATTACGCCAAGCTATTTAGGTG
DENV2,Primer_I,Reverse,CAGCGCTCTCTCTGTGTTTTTTGTTTTGGGGGGG
DENV2,Primer_J,Forward,AAACACAGAGAGAGCGCTGGGAAAGACCAGAGAT
DENV2,Primer_B,Reverse,AGAACCTGTTGATTCAACAGCACC
DENV2,RSS1,Forward,GGATCCCCAAGAAGGGGCCAT
DENV2,RSS2,Reverse,GGCAGCTCCATAGATTGCT
DENV2,RSS3,Forward,GGTGTTGCTGCAGATGGAA
DENV2,RSS4,Reverse,GTGTCACAGACAGTGAGGT
DENV3,RSS5,Forward,CCAACATAACAACTGACTC
DENV3,RSS6,Forward,GGCAAGGGAAGCCTGGTA
DENV3,RSS7,Reverse,CTACATTTTAAGTGCCCCG
DENV3,RSS8,Reverse,GACAGGCTCCTCCTTCTTG
DENV1,FaaCoUFiSPPAPR_1,Forward,CAAAAGGAAGTCGYGCWATA
DENV1,FaaCoUFiSPPAPR_2,Reverse,CTGAGTGAATTCTCTCTRCTRAAC
DENV2,FaaCoUFiSPPAPR_3,Forward,CAGGYTATGGCACYRTCACRAT
DENV2,FaaCoUFiSPPAPR_4,Reverse,CCATYTGCAGCARCACSATCTC
DENV3,FaaCoUFiSPPAPR_5,Forward,GGACTRGACACACGCACCCA
DENV3,FaaCoUFiSPPAPR_6,Reverse,CATGTCTCTACCTTCTCGACTTGYCT
DENV4,FaaCoUFiSPPAPR_7,Forward,TYRTYCTAATGATGCTRGTCG
DENV4,FaaCoUFiSPPAPR_8,Reverse,TCCACCYGAGACTCCTTCCA
ALL,D1,Forward,TCAATATGCTGAAACGCGCGAGAAACCG
DENV1,TS1,Reverse,CGTCTCAGTGATCCGGGGG
DENV2,TS2,Reverse,CGCCACAAGGGCCATGAACAG
DENV3,TS3,Reverse,TAACATCATCATGAGACAGAGC
DENV4,DEN4,Reverse,TGTTGTCTTAAACAAGAGAGGTC
ALL,DortPfdaqoDV_1,Forward,GARAGACCAGAGATCCTGCTGTCT
ALL,DortPfdaqoDV_2,Reverse,ACCATTCCATTTTCTGGCGTT
DENV1,DV1,N/A,GGRACKTCAGGWTCTCC
DENV3,DV3,N/A,AARTGIGCYTCRTCCAT
ALL,DSP1,N/A,AGTTTCTTTTCCTAAACACCTCG
ALL,DSP2,N/A,CCGGTGTGCTCRGCYCTGAT
ALL,DSP3,N/A,TTAGAGTYCTTAAGCGTCTCTTG
ALL,DSP4,N/A,CCTGGTTGATGACAAAAGTCTTG
ALL,ALD-1c,Forward,AAACCGTGCGCCTGTAG
"DENV1, DENV3",ALD-2,Reverse,TCTCTCCACGCTCAATA
ALL,mD1b,Forward,TCAATATGCTGAAACGCGAGAGAAACCG
ALL,D2,Reverse,TTGCACCAACAGTCAATGTCTTCAGGTTC
DENV1,rTS1c,Reverse,CCCGTAACACTTTGATCGCT
DENV2,mTS2b,Forward,CGCCACAAGGGCCATGAACAGTTT
DENV3,TS3,Forward,TAACATCATCATGAGACAGAGC
DENV4,rTS4c,Reverse,TTCTCCCGTTCAGGATGTTC
ALL,DC10418,Forward,TTGAGTAAACYRTGCTGCCTGTAGCTC
ALL,CDC10564,Reverse,GGGTCTCCTCTAACCTCTAGTCCT
N/A,1,Forward,ATTTTCTTGGCATCCTTCTCCC
N/A,2,Reverse,AGCAGTGGACCGCAATGA
N/A,3,Forward,GCCGTTTCACAAACTGGG
N/A,4,Reverse,ATTGCATACCTTTGCYTGGG
N/A,5,Forward,AATCATGGAGGGCTTTGTCT
N/A,6,Reverse,AACATGCCACCCCAGGAT
N/A,7,Forward,TGACATGATGCAAGGATCAGAT
N/A,8,Reverse,TACACTCCCAGCTCCTTC
N/A,9,Forward,TGACAGTCCTTCCAGCCT
N/A,10,Reverse,AGCAAGACATCAAAACTGCTAC
DENV1,DEN1_forward,Forward,TGGCTATGGTACTGTCAATTG
DENV1,DEN1_reverse,Reverse,TGTTGTGGAAGTTTCCCTATTTC
DENV3,DEN3_forward,Forward,CCATTCTTGGCTTTGGGATTC
DENV3,DEN3_reverse,Reverse,TGGTGTTATTACTGTTGTGGC
DENV4,DEN4_forward,Forward,CCATTATGGCTGTGTTGTTTG
DENV4,DEN4_reverse,Reverse,GTAAGTTGGCAAACTGGCAATC
ALL,E_gene_antisense_primer,Reverse,TGTGGTACCTATTCCACTGCCACACTTCAGTTC
ALL,E_gene_sense_primer,Forward,ACTGGTACCTGGATGTCATCAGAAGG
ALL,a,Forward,TGGAAGCTGTGTGAC
ALL,b1,Reverse,CTTTCCTGTGGCCATAGAGTATG
ALL,b2,Reverse,GGGATTTTAGCTGGAGAGCC
ALL,c1,Forward,CATACTCTATGGCCACAGGAAAG
ALL,c2,Forward,GGCTCTCCAGCTAAAATCCC
DENV1,Dciam3n(eodviiioDis_1,Forward,ATATTGGATCCGCGCGCATGTCCGTGACCATGCTCCTC
DENV1,Dciam3n(eodviiioDis_2,Reverse,ATATTATGCATGCGGCCGCTAGGCGGGGGCCACCTGGGAGGTCTCGGTGCCCTTGAACCAGCTTAGTTT
ALL,SCR,Forward,TCAATATGCTGAAACGCGCGAGAACCG
ALL,SCR,Reverse,TTGCACCAACAGTCAATGTCTTCAGGTC
DENV1,TS1,Reverse,CGTCTCAGTGATCCGGGGG
DENV2,TS2,Reverse,CGCCACAAGGGCCATGAACAG
DENV3,TS3,Reverse,TAACATCATCATGAGACAGAGC
DENV4,TS4,Reverse,TCTGTTGTCTTAAACAAGAGA
DENV1,Dciam3n(eodviiioDis_3,Forward,CAAAAGGAAGTCGYGCAATA
DENV1,Dciam3n(eodviiioDis_4,Reverse,CTGAGTGAATCTCTCTGCTRAAC
DENV2,Dciam3n(eodviiioDis_5,Forward,CAGGCTATGGCACYGTCACGAT
DENV2,Dciam3n(eodviiioDis_6,Reverse,CCATYTGCAGCARCACCATCTC
DENV3,Dciam3n(eodviiioDis_7,Forward,GGACTRGACACACGCACCCA
DENV3,Dciam3n(eodviiioDis_8,Reverse,CATGTCTCTACCTTCTCGACTTGYCT
DENV4,Dciam3n(eodviiioDis_9,Forward,TTGTCTTAATGATGCTRGTCG
DENV4,Dciam3n(eodviiioDis_10,Reverse,TCCACCYGAGACTCCTTCCA
ALL,Den_E-A,Forward,GTTAACATCGAAGCCGAACCTCCTTTTGGT
ALL,Den_E-B,Reverse,GGCTTCGATGTTAACACCAAAAGGAGGTTC
ALL,Den_E-5b,Forward,GGATCCGTTAACATCGAAGCC
ALL,Den_E-3he,Reverse,GAATTCATTAAAGCTTACCAAAAGGAGGTTC
ALL,D1,Forward,TCAATATGCTAAAACGCGCGAGAAACCG
ALL,D2,Reverse,TTGCACCAACAGTCAATGTCTTCAGGTTC
DENV1,Ts1,Reverse,CGTCTCAGTGATCCGGGGG
DENV2,Ts2,Reverse,CGCCACAAGGGCCATGAACAG
DENV3,Ts3,Reverse,TAACATCATCATGAGACAGAGC
DENV4,Ts4,Reverse,TGTTGTCTTAAACAAGAGAGGTC
ALL,Modified_D1,Forward,TAATACGACTCACTATAGGTCAATATGCTAAAACGCGCGAGAAACCG
ALL,D2,Reverse,TTGCACCAACAGTCAATGTCTTCAGGTTC
ALL,FLAVI-1,Forward,AATGTACGCTGATGACACAGCTGGCTGGGACAC
ALL,FLAVI-2,Reverse,TCCAGACCTTCAGCATGTCTTCTGTTGTCATCCA
DENV2,D(+),Forward,ATTGCAATCGATAAGCTTGATATCGAATTCCTGCAGAG
DENV2,D(−),Reverse,ATGCTGCATGCTCTTCCCCTGAGTGAGGTGTT
DENV2,1(+),Forward,TCACTTGGAATGCTGCAGGGAGGACCATTAA
DENV2,1(−),Reverse,ATGAACAGTTTTAATGGTCCTCCCTGCAGC
DENV2,2(+),Forward,TCACTTGGAATGCTGCAGGGAAAACTGTTCA
DENV2,2(−),Reverse,ACCAGGGCCATGAACAGTTTTCCCTGCAGC
DENV2,3(+),Forward,TCACTTGGAATGCTGCAGGGACTGGTGGCGT
DENV2,3(−),Reverse,GAAATGAAGGAACGCCACCAGTCCCTGCAGC
DENV2,4(+),Forward,TTGGAATGCTGCAGGGACGACCATTAAAAC
DENV2,4(−),Reverse,GCCATGAACAGTTTTAATGGTCGTCCCTGC
DENV2,5(+),Forward,TTGGAATGCTGCAGGGACGAGCGTTCCTTC
DENV2,5(−),Reverse,GTTAGGAAACGAAGGAACGCTCGTCCCTGC
DENV2,6(+),Forward,TTGGAATGCTGCAGGGACGACCACCACCAACAG
DENV2,6(−),Reverse,TTCAGTATCCCTGCTGTTGGTGGTCGTCCCTGC
ALL,FG1,Forward,TCAAGGAACTCCACACATGAGATGTACT
ALL,FG2,Reverse,GTGTCCCATCCTGCTGTGTCATCAGCATACA
ALL,DENV,Forward,GCATATTGACGCTGGGARAGAC
ALL,DENV_R1-3,Reverse,TTCTGTGCCTGGAATGATGCTG
ALL,DENV_R4,Reverse,YTCTGTGCCTGGATWGATGTTG
DENV2,NS4B,Forward,CCGGAATTCACCATGGGAACACCCCAAGACAACCAACT
DENV2,NS4B(1-232),Reverse,CCGGTACCGGTGGATTTCCTTCCCACAATGT
DENV2,NS4B(1-155),Reverse,CCGGTACCGGTTCTCTGGTTGCTTTTGCTTG
DENV2,NS4B(1-125),Reverse,CCCGGGGACTTGTGAGTAGCATCCAATGGC
DENV2,NS4B(1-77),Reverse,CCCGGGATGTCTCAACATTGGTGTAAC
DENV2,NS4B(1-47),Reverse,CCCGGGCTCGGGTTGCTGGGTTGCAATGC
DENV2,Δ2KNS4B,Forward,CCGGAATTCACCATGAACGAGATGGGTTTCCTAGAAA
DENV2,Δ2KNS4B,Reverse,GGGGTACCCTTCTTGTGTTGGTTGTGT
DENV2,MHC-I,Forward,CCGGAATTCACCATGGTCCCGTGCACGCTGCTCCTGCTGTTGGCAGCCGCCCTGGCTCCTGGCTCCGACTCAGACCCGGGCCCGGAACGAGATG
DENV2,NS4A/B,Forward,CCGGAATTCACCATGTCTCTGACCCTGAACCTAATCAC
ALL,D1,Forward,TCAATATGCTGAAACGCGCGAGAAACCG
ALL,D2,Reverse,TTGCACCAACAGTCAATGTCTTCAGGTTC
ALL,D1,Forward,AGTTGTTAGTCTRYGTGGACCGAC
ALL,D2,Reverse,TTGCACCAACAGTCAATGTCTTCAGGTTC
DENV1,D1-TS1,Reverse,CCCGTAACACTTTGATCGC
DENV2,D1-TS2,Forward,CGCCACAAGGGCCATGAACAGTTT
DENV3,D1-TS3,Reverse,TAACATCATCATGAGACAGAGC
DENV4,D1-TS4,Reverse,TTCTCCCGTTCAGGATGTTC
ALL,Pan-DENV,Forward,AAGGACTAGAGGTTAGAGGAGAC
ALL,Pan-DENV,Reverse,GGCGTTCTGTGCCTGGAATGAT
N/A,Env,Forward,AGGATGGGGAAATGGATGTGG
N/A,Env,Reverse,TTCTGTGGCCCCTGTGAGTGC
N/A,NS2A,Forward,ACCTGGGAAGAGTGATGGTTATGG
N/A,NS2A,Reverse,ATGGTCTCTGGTATGGTGCTCTGG
N/A,DNS2,Forward,CGTTCCCCGCCGTCGGTG
N/A,NS2A-minus,Reverse,TCACTGCATTTGGGACGC
N/A,Actin,Forward,ACAACGGCTCCGGCATGTGC
N/A,Actin,Reverse,GGTCATCTTTTCACGGTTGG
DENV-1,Forward,Forward,GGTTGTAGGAGATGTTGCTGGG
DENV-1,Reverse,Reverse,TAGCCTTTCCCCAGCTTTTCCA
DENV-2,Forward,Forward,TCAAAGGAATCATGCAGGCAGG
DENV-2,Reverse,Reverse,TCGGGGCCATCAATGAGAAA
DENV-3,Forward,Forward,GCCAATGAACTGAACTACATATTATGGG|
DENV-3,Reverse,Reverse,GGTGTTAGTGTTCTTTTCCCTTGCTCT
DENV-4,Forward,Forward,ATGTTCTCTGGGAAGGAGGACAT
DENV-4,Reverse,Reverse,TCATTCACTGGAGGTGTGAGTGCTC
DENV1,Dofbrtcrwtups_1,N/A,ATGGATTACCAATATCT
DENV2,Dofbrtcrwtups_2,N/A,GTAAGCTTGAGATGGAC
DENV3,Dofbrtcrwtups_3,N/A,AGCCAAAAGAATGGAAG
DENV4,Dofbrtcrwtups_4,N/A,CTGCATCTGGAAAACTA
DENV2,Dengue-2,Forward,AAGGACTAGIGGTTAKAGGAGACC
DENV2,Dengue-2,Reverse,CTGTTGATTCAACAGCACCATTC
DENV2,Dengue-2,Reverse,CTGTTGGATCAACAACACCAATC
ALL,DV1,Forward,GGRACKTCAGGWTCTCC
ALL,DV3,Reverse,AARTGIGCYTCRTCCAT
DENV1,DSP1,Reverse,AGTTTCTTTTCCTAAACACCTCG
DENV2,DSP2,Reverse,CCGGTGTGCTCRGCYCTGAT
DENV3,DSP3,Reverse,TTAGAGTYCTTAAGCGTCTCTTG
DENV4,DSP4,Reverse,CCTGGTTGATGACAAAAGTCTTG
DENV1,DEN1-635,Forward,AGACACATGGGTGACCTAGG
DENV1,DEN1-2472,Reverse,CTCTGTCCAAGTGTGGACTTC
DENV2,DEN2-835,Forward,CCAGGCTTTACCATAATGGC
DENV2,DEN2-2420,Reverse,CCAGCTGCACAACGCAACCAC
DENV4,DEN4-685,Forward,AGAGCGGAGAACGGAGACGAG
DENV4,DEN4-2454,Reverse,TCCGCTTCCACACTTCAATTC
DENV1,CYD1,Forward,CATTGCAGTTGGCCTGGTAA
DENV1,CYD1,Reverse,ACTTGAGCTCTCTCTTGCCAAAG
DENV2,CYD2,Forward,GTGGGAGTCGTGACGCTGTA
DENV2,CYD2,Reverse,GTTGATGGCGCATCCTTGATC
DENV3,CYD3,Forward,AAAACACTTCCATGTCATTTTCATG
DENV3,CYD3,Reverse,GTTGATGGCGCATCCTTGATC
DENV4,CYD4,Forward,CTTAGTATTGTGGATTGGCACGAA
DENV4,CYD4,Reverse,GCGCCAACTGTGAAACCTAGA
DENV2,Fap3stbcacdatesovi_1,Reverse,AGAACCTGTTGATTCAACAGC
DENV2,Fap3stbcacdatesovi_2,Forward,CATGAGTTAATCATGAAAGAC
DENV2,D2/2048-S,Forward,CTCCAITCGGAGACAGCTAC
DENV2,D2/2578-C,Reverse,TTACTGAGCGGATTCCACAGATGCC
DENV1,ST1,Reverse,CGTCTCAGTGATCCGGGGG
DENV2,ST2,Reverse,CGCCACAAGGGCCATGAACAG
DENV3,ST3,N/A,TAACATCATGAGACAGAGC
ALL,F1,Forward,GACTAGAGGTTAGAGGAGACCCCC
"DENV1, DENV2, DENV3",R1,Reverse,CATTCCATTTTCTGGCGTTCT
DENV4,R2,Reverse,CAATCCATCTTGCGGCGCTCT
ALL,Dcon,Forward,AGTTGTTAGTCTACGTGGACCGACA
DENV1,D1,Reverse,CCCCGTAACACTTTGATCGCTCCATT
DENV2,D2,Reverse,CGCCACAAGGGCCATGAACAG
DENV3,D3,Reverse,GCACATGTTGATTCCAGAGGCTGTC
DENV4,D4,Reverse,GTTTCCAATCCCATTCCTGAATGTGGTGT
DENV1,1,Forward,CTGCGCACGCTAGTCTTA
DENV1,1,Reverse,GTGGCGTGACACATAAGG
DENV1,2,Forward,TGCGCACGCTAGTCTTAG
DENV1,2,Reverse,GTGGCGTGACACATAAGG
DENV1,3,Forward,CTGCGCACGCTAGTCTTA
DENV1,3,Reverse,TGGCGTGACACATAAGGT
DENV1,4,Forward,TGCGCACGCTAGTCTTAG
DENV1,4,Reverse,TGGCGTGACACATAAGGT
DENV1,5,Forward,CCACGATAGCGGTGTCCA
DENV1,5,Reverse,GCCGTTCCTCTCGACACT
DENV1,6,Forward,ACCTTCATCATCGACGGC
DENV1,6,Reverse,CATTAGCCGGTGGTCACA
DENV1,7,Forward,GCGTTCCATCTGACCACC
DENV1,7,Reverse,TCTCGTCGGTGTTCACCA
DENV1,8,Forward,GGAGAGCCGCACATGATA
DENV1,8,Reverse,AACGTCATCTGGTTCCGT
DENV1,Pohggtaitpbopwadhf_1,Forward,ATCCATGCCCATCAYCAATG
DENV1,Pohggtaitpbopwadhf_2,Reverse,GATCARTGGTGTGGATCCCTG
DENV2,Pohggtaitpbopwadhf_3,Forward,ACAAGTCGAACAACCTGGTCCAT
DENV2,Pohggtaitpbopwadhf_4,Reverse,GAGAAGACCAATGGTGCGGC
DENV3,Pohggtaitpbopwadhf_5,Forward,TTTCTGCTCCCACCACTTTCAT
DENV3,Pohggtaitpbopwadhf_6,Reverse,AGACTRGCATCCAACGCCA
DENV4,Pohggtaitpbopwadhf_7,Forward,GYGTGGTGAAGCCYCTRGAT
DENV4,Pohggtaitpbopwadhf_8,Reverse,ATGAAGGATGGCCGYTCACT
DENV4,DENEB-I,Reverse,GTTTCACCTAGAATGGCCATT
DENV4,DENEB-II,Forward,AAGTGCAAAGTCCGTATGGAG
DENV2,DEN2-5S,Forward,GTTGTTAGTCTACGTGGACC
DENV2,DEN2-5C,Reverse,CTGTTGGTGGGATTGTTAGG
DENV2,DEN2-3S,Forward,ACTACATGCCATCCATGAAG
DENV2,DEN2-3C,Reverse,AGAACCTGTTGATT
DENV2,D2/36-S,Forward,CTTTGAGGAGCTAAGCTCA
DENV2,D2/82-S,Forward,GAGAGCAGATCTCTGATGAATAAC
DENV2,D2/679-C,Reverse,TTCTTTGTTCTCCGGTGGTGGC
DENV2,D2/810-S,Forward,AACCTGGATCTTGAGACATC
DENV2,D2/858-C,Reverse,GTGTCGTTCCTATGGTGTATGCC
DENV2,D2/1395-S,Forward,TGACACAGGAAAACATGGCA
DENV2,D2C,Reverse,GTGTTATTTTGATTTCCTTG
DENV2,D2/1741-S,Forward,GAAATCCAGATGTCATCAGG
DENV2,D2/1830-C,Reverse,TTCCTGTACACATAGAGTAT
DENV2,D2/2048-S,Forward,CTCCATTCGGAGACAGCTACG
DENV2,D2/2405-S,Forward,GAGCTATGGTGCAGGCTGA
DENV2,D2/2474-C,Reverse,TGTGCACGTTATATGTGATGAAGATCC
DENV2,D2/2578-C,Reverse,TTACTGAGCGGATTCCACAAATGCC
DENV2,D2/2609-S,Forward,GGAGAATCTGATGTGGAAAC
DENV2,D2/3015-S,Forward,GGGTTATTGGATAGAAAGTGC
DENV2,D2/3087-C,Reverse,TGTGACTTTGGCCAGTGGCAG
DENV2,D2/3167-S,Forward,GGCCAGTGTCACAACACAAC
DENV2,D2/3559-C,Reverse,GCAGTATTGCATGTTTCGTTCC
ALL,Flavi1+,Forward,GAYYTIGGITGYGGIIGIGGIRGITGG
ALL,Flavi1−,Reverse,TCCCAICCIGCIRTRTCRTCIGC
ALL,Flavi2−,Reverse,CCARTGITCYKYRTTIAIRAAICC
DENV1,ND1,Forward,CCAARAGCRAAACRWGGCACAGCAC
DENV2,ND2,Forward,YCGYAAYATYGGRATTGAAAGTGA
DENV3,ND3,Forward,GAGCTGCTGTTGAGGACGARGAATT
DENV4,ND4,Forward,GGAAGCTATGAAGCTCCYTCGAC
DENV1,D1,Forward,Bo-GGAAGCTGTACCCTGGTGGT
DENV1,D1–4,Reverse,GAGACAGCAGGATCTCTGGTC
DENV2,D2,Forward,GAGATGAAGCTGTAGTCTCIC
DENV2,D1–4,Reverse,GAGACAGCAGGATCTCTGGTC
DENV3,D3,Forward,Cy-AGGGAAAGCTGTACCTCCTTGCA
DENV3,D1–4,Reverse,GAGACAGCAGGATCTCTGGTC
DENV4,D4,Forward,Tail-GAAAGCCAGGAGGAAGCTGTGCT
DENV4,D1–4,Reverse,GAGACAGCAGGATCTCTGGTC
DENV1,CYD1,Forward,CATTGCAGTTGGCCTGGTAA
DENV1,CYD1,Reverse,ACTTGAGCTCTCTCTTGCCAAAG
DENV2,CYD2,Forward,GTGGGAGTCGTGACGCTGTA
DENV2,CYD2,Reverse,GTTGATGGCGCATCCTTGATC
DENV3,CYD3,Forward,AAAACACTTCCATGTCATTTTCATG
DENV3,CYD3,Reverse,GTTGATGGCGCATCCTTGATC
DENV4,CYD4,Forward,CTTAGTATTGTGGATTGGCACGAA
DENV4,CYD4,Reverse,GCGCCAACTGTGAAACCTAGA
DENV1,DEN1,N/A,TCAATATGCTGAAACGCGACTGAGAAACCG
DENV2,DEN2,N/A,TTGCACCAGCATCATGTCTTCAGGTTC
ALL,DSP1,N/A,AGTTTCTTTTCCTAAACACCTCG
ALL,DSP2,N/A,CCGGTGTGCTCRGCYCTGAT
ALL,DSP3,N/A,TTAGAGTYCTTAAGCGTCTCTTG
ALL,DSP4,N/A,CCTGGTTGATGACAAAAGTCTTG
ALL,D1,Forward,AGAGACAGAGTTCTGAGGCA
ALL,D1,Reverse,CTTCTGTGCCAGACACTAGA
ALL,Flavi1+,Forward,GAYYTIGGITGYGGIIGIGGIRGITGG
ALL,Flavi1−,Reverse,TCCCAICCIGCIRTRTCRTCIGC
ALL,Flavi2+,Forward,YGYRTIYAYAWCAYSATGGG
ALL,Flavi2−,Reverse,CCARTGITCYKYRTTIAIRAAICC
ALL,D1,Forward,TCAATATGCTGAAACGCGCGAGAAACCG
ALL,D2,Reverse,TTGCACCAACAGTCAATGTCTTCAGGTTC
DENV1,TS1,Reverse,CGTCTCAGTGATCCGGGGG
DENV2,TS2,Reverse,CGCCACAAGGGCCATGAACAG
DENV3,TS3,Reverse,TAACATCATCATGAGACAGAGC
DENV4,TS4,Reverse,CTCTGTTGTCTTAAACAAGAGA
DENV3,d3a5B,Reverse,TTTGTCGGTCTGGGGGGGTATAGAACCTGTTGATTCAACAGC
DENV1,d1a5B,Reverse,TTTGTCGGTCTGGGGGGGTATAGAACCTGTTGATTCAACRGC
DENV4,d4a5B,Reverse,TTTGTCGGTCTGGGGGGGTATAGAACCTGTTGGATCAACAAC
DENV2,DENV2_3_RIGHT,Reverse,TTTTTCGCCATCGTCGTCAC
DENV1,DENV1_31_RIGHT,Reverse,TTTTTGCTGGTCTCTGTACCC
DENV1,DENV1_13_RIGHT,Reverse,TTTTTGGGAGGTCGTGGACAG
DENV2,DENV2F10,Forward,TTYRCAAGAAARGTGAGAAG
DENV2,D2SEQ1,Forward,TYGCTCCTTCAATGAACATGCG
DENV4,FaaCoUFiSPPAPR_7,Forward,TYRTYCTAATGATGCTRGTCG
DENV2,AD4,N/A,UATATGGGTTATTGGATAGA
DENV2,ND2,Forward,YCGYAAYATYGGRATTGAAAGTGA
ALL,Flavi2+,Forward,YGYRTIYAYAWCAYSATGGG
ALL,DENV_R4,Reverse,YTCTGTGCCTGGATWGATGTTG
ALL,DENV_R4,Reverse,YTCTGTGCCTGGATWGATGTTG
